Date,Return,TrueVolatility,ConstantVol,RollingVol,GARCH_ConditionalVol
2019-01-02,0.0,0.011547,0.010684,,0.008806
2019-01-03,0.005471,0.011015,0.010684,,0.008536
2019-01-04,-0.001473,0.010652,0.010684,,0.008475
2019-01-07,0.006607,0.0102,0.010684,,0.008265
2019-01-08,0.015191,0.009974,0.010684,,0.008327
2019-01-09,-0.002482,0.010598,0.010684,,0.009379
2019-01-10,-0.002381,0.010168,0.010684,,0.009063
2019-01-11,0.015433,0.009772,0.010684,,0.008788
2019-01-14,0.00803,0.010463,0.010684,,0.00976
2019-01-15,-0.004837,0.010302,0.010684,,0.009682
2019-01-16,0.005412,0.009975,0.010684,,0.009412
2019-01-17,-0.004498,0.009706,0.010684,,0.009212
2019-01-18,-0.004387,0.009419,0.010684,,0.008993
2019-01-21,0.002215,0.009155,0.010684,,0.008802
2019-01-22,-0.016918,0.008843,0.010684,,0.008561
2019-01-23,-0.017125,0.009928,0.010684,,0.009825
2019-01-24,-0.006086,0.010823,0.010684,,0.010797
2019-01-25,-0.010643,0.010508,0.010684,,0.010435
2019-01-28,0.003316,0.010553,0.010684,,0.010476
2019-01-29,-0.009215,0.010148,0.010684,0.008965,0.010037
2019-01-30,-0.014282,0.010113,0.010684,0.009444,0.010013
2019-01-31,0.015535,0.0106,0.010684,0.010088,0.010544
2019-02-01,-0.00252,0.011162,0.010684,0.010093,0.011128
2019-02-04,0.000722,0.010687,0.010684,0.009938,0.010584
2019-02-05,-0.014568,0.010225,0.010684,0.009531,0.010081
2019-02-06,-0.005841,0.010729,0.010684,0.009552,0.010635
2019-02-07,0.001155,0.01041,0.010684,0.009599,0.010283
2019-02-08,-0.01148,0.009974,0.010684,0.008733,0.009822
2019-02-11,0.00382,0.010169,0.010684,0.008467,0.010058
2019-02-12,-0.005895,0.009814,0.010684,0.008472,0.009692
2019-02-13,-0.002796,0.009585,0.010684,0.008156,0.009477
2019-02-14,-0.005566,0.00925,0.010684,0.008157,0.009156
2019-02-15,0.016781,0.00906,0.010684,0.009506,0.009003
2019-02-18,-0.000136,0.010078,0.010684,0.00944,0.010128
2019-02-19,-0.010221,0.009664,0.010684,0.009072,0.009681
2019-02-20,0.008042,0.009777,0.010684,0.008863,0.009812
2019-02-21,-0.011832,0.009692,0.010684,0.009076,0.009727
2019-02-22,0.002081,0.009963,0.010684,0.008941,0.01002
2019-02-25,-0.01877,0.009578,0.010684,0.009572,0.009608
2019-02-26,-0.014332,0.010791,0.010684,0.009806,0.010893
2019-02-27,0.002201,0.011178,0.010684,0.009541,0.011254
2019-02-28,0.007898,0.010696,0.010684,0.008906,0.010688
2019-03-01,0.0018,0.010502,0.010684,0.008972,0.010457
2019-03-04,-0.001164,0.010067,0.010684,0.008942,0.009983
2019-03-05,-0.002908,0.009659,0.010684,0.008514,0.009562
2019-03-06,-0.01378,0.00932,0.010684,0.008863,0.009232
2019-03-07,-0.007109,0.009876,0.010684,0.008864,0.009865
2019-03-08,-0.004475,0.009715,0.010684,0.008654,0.009703
2019-03-11,0.009965,0.009426,0.010684,0.009004,0.009413
2019-03-12,0.00328,0.009546,0.010684,0.009056,0.009567
2019-03-13,-0.01627,0.009228,0.010684,0.009599,0.009248
2019-03-14,0.003285,0.010137,0.010684,0.009665,0.010232
2019-03-15,-0.003761,0.009768,0.010684,0.008561,0.009824
2019-03-18,-0.006394,0.009446,0.010684,0.008553,0.009487
2019-03-19,0.005679,0.009285,0.010684,0.008646,0.009335
2019-03-20,0.009379,0.009097,0.010684,0.008739,0.009161
2019-03-21,0.008573,0.009206,0.010684,0.008815,0.009303
2019-03-22,-0.007746,0.00923,0.010684,0.008865,0.009346
2019-03-25,-0.00284,0.009185,0.010684,0.007971,0.009314
2019-03-26,0.002944,0.008887,0.010684,0.007417,0.009017
2019-03-27,0.008407,0.008618,0.010684,0.007665,0.008765
2019-03-28,-0.00417,0.008702,0.010684,0.007461,0.008888
2019-03-29,-0.001578,0.008497,0.010684,0.007436,0.008702
2019-04-01,-0.009107,0.008232,0.010684,0.007652,0.008461
2019-04-02,-0.010086,0.008432,0.010684,0.007889,0.008706
2019-04-03,0.00707,0.008702,0.010684,0.007594,0.009005
2019-04-04,0.011756,0.008668,0.010684,0.007926,0.008976
2019-04-05,-0.000654,0.009086,0.010684,0.007854,0.009409
2019-04-08,0.008788,0.008757,0.010684,0.007782,0.009059
2019-04-09,0.003203,0.008856,0.010684,0.007781,0.009164
2019-04-10,-0.005547,0.008599,0.010684,0.006896,0.008899
2019-04-11,0.003063,0.008476,0.010684,0.006892,0.008785
2019-04-12,0.012689,0.00825,0.010684,0.007284,0.008571
2019-04-15,-0.000317,0.008854,0.010684,0.007052,0.009207
2019-04-16,0.013367,0.008543,0.010684,0.007463,0.008882
2019-04-17,-0.024055,0.009182,0.010684,0.009321,0.009539
2019-04-18,0.009381,0.011414,0.010684,0.009359,0.011793
2019-04-19,0.000979,0.01125,0.010684,0.009144,0.01151
2019-04-22,-0.003213,0.010745,0.010684,0.009153,0.010896
2019-04-23,0.000947,0.010322,0.010684,0.009143,0.010399
2019-04-24,-0.019659,0.009891,0.010684,0.010061,0.009922
2019-04-25,-0.002455,0.011175,0.010684,0.010034,0.01127
2019-04-26,0.00382,0.010697,0.010684,0.01007,0.010707
2019-04-29,0.015217,0.010296,0.010684,0.010376,0.010255
2019-04-30,-0.005633,0.010869,0.010684,0.010167,0.010857
2019-05-01,-0.008511,0.010527,0.010684,0.010308,0.010463
2019-05-02,-0.005215,0.010394,0.010684,0.010042,0.010313
2019-05-03,0.009223,0.010076,0.010684,0.010258,0.009972
2019-05-06,0.003304,0.010049,0.010684,0.010092,0.00996
2019-05-07,-0.005132,0.009688,0.010684,0.010126,0.009589
2019-05-08,0.004841,0.009432,0.010684,0.010114,0.009347
2019-05-09,0.000892,0.009187,0.010684,0.010092,0.009126
2019-05-10,0.008573,0.008851,0.010684,0.00986,0.008816
2019-05-13,-0.006262,0.008919,0.010684,0.009953,0.008945
2019-05-14,-0.002885,0.008806,0.010684,0.009412,0.008868
2019-05-15,-0.00335,0.008543,0.010684,0.007772,0.008636
2019-05-16,-0.012177,0.008321,0.010684,0.007859,0.008454
2019-05-17,0.00262,0.008847,0.010684,0.007893,0.00905
2019-05-20,0.002238,0.008573,0.010684,0.007916,0.008784
2019-05-21,4.3e-05,0.008314,0.010684,0.007907,0.008545
2019-05-22,-0.001889,0.008052,0.010684,0.006592,0.008313
2019-05-23,-0.011088,0.007834,0.010684,0.007021,0.008135
2019-05-24,-0.003496,0.008311,0.010684,0.00697,0.008666
2019-05-27,-0.002782,0.008117,0.010684,0.005847,0.008485
2019-05-28,-0.006351,0.007917,0.010684,0.005874,0.008306
2019-05-29,-0.001278,0.007924,0.010684,0.005662,0.008341
2019-05-30,0.003114,0.007707,0.010684,0.005681,0.008148
2019-05-31,0.014258,0.007559,0.010684,0.006246,0.008031
2019-06-03,0.001487,0.00852,0.010684,0.006196,0.009019
2019-06-04,0.002125,0.008251,0.010684,0.006149,0.008731
2019-06-05,-0.000597,0.008019,0.010684,0.006016,0.008498
2019-06-06,-0.01494,0.007786,0.010684,0.00677,0.008274
2019-06-07,-0.000233,0.0088,0.010684,0.006345,0.009302
2019-06-10,0.000512,0.008494,0.010684,0.00629,0.008964
2019-06-11,0.02024,0.008217,0.010684,0.007968,0.008674
2019-06-12,-0.001926,0.010014,0.010684,0.007949,0.010483
2019-06-13,0.002901,0.009622,0.010684,0.007485,0.010008
2019-06-14,-0.000322,0.009286,0.010684,0.007465,0.009618
2019-06-17,-0.010446,0.008938,0.010684,0.007805,0.009238
2019-06-18,0.010482,0.009172,0.010684,0.008185,0.009473
2019-06-19,0.007051,0.009377,0.010684,0.00832,0.009668
2019-06-20,0.007329,0.009265,0.010684,0.00799,0.009532
2019-06-21,-0.008353,0.009186,0.010684,0.008216,0.009438
2019-06-24,0.012897,0.009194,0.010684,0.008565,0.009439
2019-06-25,-0.013545,0.009662,0.010684,0.009066,0.009915
2019-06-26,0.005946,0.010132,0.010684,0.009092,0.010373
2019-06-27,0.021632,0.009876,0.010684,0.010109,0.010063
2019-06-28,-0.011378,0.011487,0.010684,0.010207,0.01171
2019-07-01,-0.0065,0.011479,0.010684,0.010365,0.01161
2019-07-02,0.001109,0.011124,0.010684,0.010362,0.011161
2019-07-03,-0.005352,0.010631,0.010684,0.010457,0.01059
2019-07-04,-0.015967,0.010297,0.010684,0.010541,0.010218
2019-07-05,0.000752,0.010966,0.010684,0.010538,0.010931
2019-07-08,-0.011135,0.010482,0.010684,0.010874,0.010385
2019-07-09,0.005009,0.010576,0.010684,0.009891,0.010483
2019-07-10,-0.009407,0.010231,0.010684,0.010088,0.01011
2019-07-11,0.015813,0.010202,0.010684,0.010734,0.010091
2019-07-12,-0.008512,0.010867,0.010684,0.010893,0.01081
2019-07-15,-0.003445,0.010698,0.010684,0.010671,0.010607
2019-07-16,0.008367,0.010285,0.010684,0.010569,0.010154
2019-07-17,-0.012515,0.010168,0.010684,0.010749,0.010041
2019-07-18,0.002376,0.010444,0.010684,0.010594,0.010351
2019-07-19,0.013104,0.010025,0.010684,0.010955,0.009903
2019-07-22,-0.016697,0.010387,0.010684,0.011043,0.010309
2019-07-23,0.002056,0.011137,0.010684,0.010733,0.011104
2019-07-24,0.002769,0.010655,0.010684,0.010644,0.010554
2019-07-25,0.007996,0.010227,0.010684,0.009463,0.010089
2019-07-26,-0.01248,0.01009,0.010684,0.009523,0.009957
2019-07-29,-0.013697,0.010373,0.010684,0.009828,0.010279
2019-07-30,0.005611,0.010751,0.010684,0.009965,0.010683
2019-07-31,0.003094,0.010418,0.010684,0.010006,0.010312
2019-08-01,0.00251,0.010019,0.010684,0.009473,0.009887
2019-08-02,0.003339,0.009638,0.010684,0.009514,0.009503
2019-08-05,-0.006334,0.009314,0.010684,0.009298,0.009195
2019-08-06,0.002128,0.009163,0.010684,0.009229,0.009084
2019-08-07,0.002593,0.008848,0.010684,0.009021,0.0088
2019-08-08,-0.006124,0.008573,0.010684,0.008288,0.008569
2019-08-09,0.015838,0.008488,0.010684,0.008921,0.008544
2019-08-12,0.004495,0.009486,0.010684,0.008935,0.00964
2019-08-13,-0.010983,0.00922,0.010684,0.009076,0.00936
2019-08-14,0.006217,0.009469,0.010684,0.008736,0.009629
2019-08-15,-0.009059,0.009294,0.010684,0.00897,0.009444
2019-08-16,0.007358,0.009349,0.010684,0.008607,0.009506
2019-08-19,0.010731,0.009262,0.010684,0.008052,0.009418
2019-08-20,-0.007779,0.009479,0.010684,0.008275,0.009649
2019-08-21,0.009064,0.009408,0.010684,0.008487,0.00957
2019-08-22,0.0039,0.009449,0.010684,0.008351,0.009611
2019-08-23,0.007532,0.009162,0.010684,0.007897,0.00931
2019-08-26,0.017278,0.009109,0.010684,0.007792,0.009266
2019-08-27,-0.002501,0.010193,0.010684,0.007864,0.010401
2019-08-28,-0.007384,0.009797,0.010684,0.008177,0.009949
2019-08-29,-0.008595,0.009663,0.010684,0.00852,0.009793
2019-08-30,-0.00786,0.009634,0.010684,0.008763,0.009756
2019-09-02,-0.000736,0.009552,0.010684,0.008604,0.009666
2019-09-03,0.003133,0.009184,0.010684,0.008612,0.009282
2019-09-04,0.002461,0.008894,0.010684,0.008611,0.008999
2019-09-05,0.007123,0.008611,0.010684,0.008515,0.008735
2019-09-06,0.000112,0.008592,0.010684,0.007873,0.008756
2019-09-09,0.012071,0.008305,0.010684,0.008213,0.008493
2019-09-10,-0.002334,0.008821,0.010684,0.007729,0.009067
2019-09-11,0.023234,0.008541,0.010684,0.009039,0.008791
2019-09-12,0.006761,0.010807,0.010684,0.008621,0.011134
2019-09-13,-0.009026,0.01053,0.010684,0.009022,0.010765
2019-09-16,-0.011176,0.010436,0.010684,0.00934,0.010609
2019-09-17,0.005085,0.01054,0.010684,0.009088,0.010672
2019-09-18,-0.00228,0.010202,0.010684,0.009004,0.010276
2019-09-19,0.006998,0.009801,0.010684,0.009068,0.009835
2019-09-20,0.004562,0.009641,0.010684,0.008997,0.00967
2019-09-23,-0.000682,0.009363,0.010684,0.00824,0.009389
2019-09-24,-0.00763,0.00901,0.010684,0.00843,0.009041
2019-09-25,-0.013607,0.008982,0.010684,0.008849,0.00905
2019-09-26,-0.004275,0.009574,0.010684,0.008669,0.009701
2019-09-27,0.007956,0.00929,0.010684,0.008578,0.009402
2019-09-30,0.001981,0.009255,0.010684,0.008564,0.009377
2019-10-01,-0.011123,0.008929,0.010684,0.009005,0.009049
2019-10-02,0.001599,0.009235,0.010684,0.008999,0.009394
2019-10-03,0.003431,0.008904,0.010684,0.008899,0.009057
2019-10-04,-0.007646,0.00865,0.010684,0.009087,0.008816
2019-10-07,0.001332,0.008667,0.010684,0.008656,0.008864
2019-10-08,0.000488,0.008382,0.010684,0.008644,0.008597
2019-10-09,-0.009275,0.008115,0.010684,0.006883,0.008358
2019-10-10,0.002987,0.008348,0.010684,0.006684,0.00864
2019-10-11,0.00456,0.008132,0.010684,0.006624,0.008444
2019-10-14,0.008669,0.008004,0.010684,0.006558,0.008346
2019-10-15,0.008635,0.008194,0.010684,0.006758,0.00857
2019-10-16,-0.011509,0.008354,0.010684,0.00721,0.008749
2019-10-17,-0.008248,0.008794,0.010684,0.007167,0.009199
2019-10-18,0.004554,0.008842,0.010684,0.007167,0.009232
2019-10-21,0.00444,0.008641,0.010684,0.007284,0.009014
2019-10-22,0.004355,0.008455,0.010684,0.007214,0.008822
2019-10-23,0.031913,0.008283,0.010684,0.009644,0.008655
2019-10-24,0.007131,0.012491,0.010684,0.009607,0.012942
2019-10-25,0.013716,0.012078,0.010684,0.009868,0.012354
2019-10-28,0.011657,0.012219,0.010684,0.010071,0.012381
2019-10-29,0.007914,0.01215,0.010684,0.009543,0.012201
2019-10-30,-0.003724,0.011813,0.010684,0.009688,0.011757
2019-10-31,0.008588,0.011316,0.010684,0.009747,0.011168
2019-11-01,-0.008582,0.011105,0.010684,0.009808,0.010917
2019-11-04,-0.002585,0.010916,0.010684,0.009902,0.010703
2019-11-05,-0.005078,0.010462,0.010684,0.010077,0.010214
2019-11-06,0.000829,0.010131,0.010684,0.009646,0.009881
2019-11-07,0.022488,0.009715,0.010684,0.010486,0.009469
2019-11-08,-0.0215,0.011514,0.010684,0.012045,0.011447
2019-11-11,0.008742,0.012738,0.010684,0.012047,0.012703
2019-11-12,-0.019992,0.012396,0.010684,0.013084,0.012245
2019-11-13,-0.006247,0.013236,0.010684,0.012843,0.013083
2019-11-14,0.013847,0.012716,0.010684,0.012819,0.012432
2019-11-15,0.000822,0.012788,0.010684,0.012831,0.012459
2019-11-18,-0.01311,0.012165,0.010684,0.013349,0.011732
2019-11-19,-0.008752,0.012235,0.010684,0.013576,0.011801
2019-11-20,0.008116,0.011942,0.010684,0.011724,0.01147
2019-11-21,-0.0085,0.011638,0.010684,0.011794,0.011141
2019-11-22,0.002465,0.011388,0.010684,0.011363,0.010887
2019-11-25,0.000496,0.010894,0.010684,0.010996,0.010372
2019-11-26,-0.006786,0.010414,0.010684,0.010846,0.009895
2019-11-27,0.02182,0.010177,0.010684,0.012059,0.009706
2019-11-28,0.007447,0.011747,0.010684,0.012015,0.01149
2019-11-29,-0.023128,0.011421,0.010684,0.012923,0.011113
2019-12-02,0.002409,0.01292,0.010684,0.012948,0.012728
2019-12-03,-0.008143,0.012305,0.010684,0.013014,0.01199
2019-12-04,0.010201,0.011967,0.010684,0.013263,0.01159
2019-12-05,-0.009357,0.011807,0.010684,0.012179,0.011404
2019-12-06,-0.001331,0.011599,0.010684,0.011324,0.011177
2019-12-09,0.005591,0.011071,0.010684,0.011196,0.010607
2019-12-10,0.009271,0.010708,0.010684,0.010561,0.010245
2019-12-11,-0.012739,0.010613,0.010684,0.010854,0.010192
2019-12-12,-0.003629,0.01085,0.010684,0.010332,0.010499
2019-12-13,-0.004954,0.01043,0.010684,0.010349,0.010067
2019-12-16,-0.006596,0.010097,0.010684,0.010067,0.009748
2019-12-17,0.017444,0.009881,0.010684,0.01073,0.009569
2019-12-18,0.004386,0.01083,0.010684,0.010613,0.010652
2019-12-19,-0.013161,0.010438,0.010684,0.010854,0.010228
2019-12-20,0.009863,0.010746,0.010684,0.011081,0.010578
2019-12-23,0.022695,0.010694,0.010684,0.012194,0.010522
2019-12-24,0.012687,0.012288,0.010684,0.012311,0.012226
2019-12-25,-0.018693,0.012303,0.010684,0.012217,0.012169
2019-12-26,-0.006288,0.012986,0.010684,0.012163,0.012839
2019-12-27,0.015822,0.012489,0.010684,0.011478,0.01222
2019-12-30,-0.009057,0.012798,0.010684,0.011702,0.012508
2019-12-31,0.005535,0.01247,0.010684,0.011557,0.012099
2020-01-01,0.009283,0.011984,0.010684,0.011522,0.011538
2020-01-02,-0.010894,0.011753,0.010684,0.011602,0.011285
2020-01-03,-0.000695,0.011672,0.010684,0.011595,0.011208
2020-01-06,-0.036083,0.011132,0.010684,0.014228,0.010628
2020-01-07,-0.015544,0.015174,0.010684,0.014385,0.015038
2020-01-08,-0.003817,0.015111,0.010684,0.014173,0.014819
2020-01-09,-0.01792,0.014362,0.010684,0.014634,0.013877
2020-01-10,0.023903,0.014643,0.010684,0.015739,0.014114
2020-01-13,-0.022344,0.015624,0.010684,0.016421,0.015117
2020-01-14,-0.007146,0.01624,0.010684,0.015826,0.015686
2020-01-15,0.002028,0.015514,0.010684,0.015778,0.014767
2020-01-16,0.021191,0.014703,0.010684,0.016467,0.013795
2020-01-17,-0.021995,0.015318,0.010684,0.016869,0.014473
2020-01-20,0.018539,0.015939,0.010684,0.016561,0.015124
2020-01-21,0.000165,0.016077,0.010684,0.016165,0.015214
2020-01-22,-0.014933,0.015214,0.010684,0.016003,0.01418
2020-01-23,0.006974,0.015092,0.010684,0.016156,0.014034
2020-01-24,0.002876,0.01445,0.010684,0.015619,0.013302
2020-01-27,-0.008241,0.013729,0.010684,0.015605,0.012507
2020-01-28,0.000926,0.013266,0.010684,0.015499,0.012043
2020-01-29,-0.004858,0.012607,0.010684,0.015195,0.011365
2020-01-30,0.001372,0.012083,0.010684,0.015167,0.010867
2020-01-31,0.007626,0.011517,0.010684,0.015369,0.010336
2020-02-03,0.0178,0.011223,0.010684,0.013992,0.010138
2020-02-04,-0.014821,0.011973,0.010684,0.013953,0.011136
2020-02-05,0.026118,0.012245,0.010684,0.015148,0.011509
2020-02-06,-0.027422,0.014048,0.010684,0.015898,0.013545
2020-02-07,-0.002377,0.015663,0.010684,0.014908,0.01525
2020-02-10,0.008734,0.014846,0.010684,0.014158,0.014231
2020-02-11,0.004021,0.014311,0.010684,0.014056,0.013572
2020-02-12,-0.008485,0.013627,0.010684,0.014218,0.012777
2020-02-13,-0.002744,0.013187,0.010684,0.013382,0.012292
2020-02-14,-0.006191,0.012558,0.010684,0.012484,0.011612
2020-02-17,-0.007127,0.012092,0.010684,0.011807,0.011146
2020-02-18,0.009953,0.011715,0.010684,0.012059,0.010797
2020-02-19,0.004128,0.011563,0.010684,0.011606,0.010714
2020-02-20,-0.007691,0.011099,0.010684,0.011633,0.010272
2020-02-21,0.009761,0.01085,0.010684,0.011833,0.010089
2020-02-24,0.003312,0.010778,0.010684,0.011689,0.010106
2020-02-25,0.008417,0.010355,0.010684,0.01182,0.009715
2020-02-26,0.006444,0.010234,0.010684,0.011796,0.009676
2020-02-27,-0.008286,0.009995,0.010684,0.011999,0.009498
2020-02-28,-0.005548,0.009904,0.010684,0.011981,0.009484
2020-03-02,0.00721,0.009648,0.010684,0.011391,0.00928
2020-03-03,0.00581,0.009518,0.010684,0.010915,0.009217
2020-03-04,-0.000195,0.009315,0.010684,0.009161,0.00907
2020-03-05,0.001052,0.008964,0.010684,0.006596,0.008763
2020-03-06,0.011051,0.008649,0.010684,0.006909,0.008506
2020-03-09,-0.005318,0.00899,0.010684,0.006868,0.008953
2020-03-10,0.004822,0.008813,0.010684,0.006889,0.008817
2020-03-11,-0.001745,0.008628,0.010684,0.006557,0.008674
2020-03-12,-0.001818,0.008354,0.010684,0.006529,0.00844
2020-03-13,0.008907,0.008106,0.010684,0.006478,0.008242
2020-03-16,0.006855,0.008304,0.010684,0.00617,0.008509
2020-03-17,0.006753,0.008302,0.010684,0.006016,0.008547
2020-03-18,0.010825,0.008292,0.010684,0.006281,0.008572
2020-03-19,0.000182,0.008663,0.010684,0.005802,0.008979
2020-03-20,0.005707,0.008369,0.010684,0.005637,0.008685
2020-03-23,-0.002569,0.008281,0.010684,0.005784,0.008614
2020-03-24,0.002612,0.008058,0.010684,0.005638,0.008409
2020-03-25,-0.001023,0.007859,0.010684,0.005619,0.008236
2020-03-26,0.000742,0.007645,0.010684,0.005062,0.008055
2020-03-27,0.004433,0.007448,0.010684,0.004683,0.007898
2020-03-30,-0.006045,0.007388,0.010684,0.005014,0.007881
2020-03-31,0.015564,0.007438,0.010684,0.005765,0.007968
2020-04-01,-0.008683,0.008631,0.010684,0.006303,0.009176
2020-04-02,-0.010608,0.008737,0.010684,0.00696,0.009251
2020-04-03,0.010442,0.009017,0.010684,0.00692,0.0095
2020-04-06,0.007314,0.009239,0.010684,0.006792,0.009686
2020-04-07,0.005718,0.009161,0.010684,0.00681,0.009566
2020-04-08,0.005648,0.008989,0.010684,0.006758,0.00936
2020-04-09,-0.000108,0.008831,0.010684,0.006704,0.009181
2020-04-10,-0.007646,0.008522,0.010684,0.00697,0.008859
2020-04-13,0.000648,0.008554,0.010684,0.006895,0.0089
2020-04-14,-0.005601,0.008272,0.010684,0.006999,0.00862
2020-04-15,0.007984,0.008188,0.010684,0.006823,0.008553
2020-04-16,-0.001219,0.00829,0.010684,0.006842,0.008676
2020-04-17,-0.006636,0.008038,0.010684,0.006966,0.008433
2020-04-20,-0.002588,0.008051,0.010684,0.006967,0.008468
2020-04-21,0.003242,0.007852,0.010684,0.006978,0.008285
2020-04-22,-0.004337,0.007694,0.010684,0.007057,0.008152
2020-04-23,-0.00625,0.007602,0.010684,0.007211,0.008089
2020-04-24,0.001862,0.00764,0.010684,0.007152,0.008154
2020-04-27,0.001828,0.007462,0.010684,0.007021,0.008
2020-04-28,-0.003701,0.0073,0.010684,0.006079,0.007868
2020-04-29,-0.003401,0.00722,0.010684,0.00582,0.00782
2020-04-30,0.001656,0.007136,0.010684,0.005308,0.007766
2020-05-01,-0.010142,0.007004,0.010684,0.005222,0.007667
2020-05-04,-0.010572,0.007512,0.010684,0.005292,0.008187
2020-05-05,-0.005735,0.007982,0.010684,0.005064,0.008645
2020-05-06,-0.001695,0.007939,0.010684,0.004716,0.008582
2020-05-07,0.002403,0.007728,0.010684,0.004818,0.008361
2020-05-08,0.011146,0.007555,0.010684,0.005539,0.008189
2020-05-11,0.006936,0.008088,0.010684,0.005841,0.008715
2020-05-12,-0.001298,0.008117,0.010684,0.005751,0.008724
2020-05-13,-0.00015,0.007883,0.010684,0.005354,0.008476
2020-05-14,-0.00768,0.00766,0.010684,0.005532,0.008253
2020-05-15,-0.000145,0.007807,0.010684,0.00542,0.008404
2020-05-18,-0.002191,0.007592,0.010684,0.005416,0.008192
2020-05-19,0.002397,0.007426,0.010684,0.005381,0.00804
2020-05-20,-0.006025,0.007284,0.010684,0.005442,0.007916
2020-05-21,0.003815,0.007345,0.010684,0.005448,0.007996
2020-05-22,0.011136,0.007265,0.010684,0.006067,0.007932
2020-05-25,-0.000854,0.007849,0.010684,0.006041,0.008513
2020-05-26,0.003067,0.007634,0.010684,0.006054,0.00829
2020-05-27,0.005171,0.007493,0.010684,0.006131,0.008149
2020-05-28,-0.002997,0.00747,0.010684,0.006156,0.008133
2020-05-29,0.001646,0.007343,0.010684,0.005698,0.008014
2020-06-01,9.1e-05,0.00719,0.010684,0.005081,0.007876
2020-06-02,0.000687,0.007035,0.010684,0.004833,0.007743
2020-06-03,-0.005333,0.006899,0.010684,0.005015,0.007633
2020-06-04,0.000171,0.00696,0.010684,0.005009,0.007715
2020-06-05,0.003401,0.006829,0.010684,0.00445,0.007607
2020-06-08,0.00985,0.006788,0.010684,0.004709,0.007588
2020-06-09,0.007002,0.007299,0.010684,0.004883,0.008091
2020-06-10,0.016012,0.007436,0.010684,0.005889,0.008214
2020-06-11,-0.006678,0.008703,0.010684,0.005807,0.009426
2020-06-12,0.007537,0.008641,0.010684,0.00591,0.009302
2020-06-15,0.001586,0.00865,0.010684,0.005815,0.00926
2020-06-16,0.01833,0.00837,0.010684,0.006797,0.008941
2020-06-17,-0.007915,0.009793,0.010684,0.006946,0.010335
2020-06-18,-0.008143,0.009697,0.010684,0.007398,0.010159
2020-06-19,-0.005771,0.009629,0.010684,0.007348,0.010027
2020-06-22,-0.01999,0.009412,0.010684,0.008816,0.009757
2020-06-23,-0.005709,0.010859,0.010684,0.00892,0.011205
2020-06-24,-0.007987,0.010521,0.010684,0.009038,0.010768
2020-06-25,0.001557,0.010352,0.010684,0.009021,0.010532
2020-06-26,0.003392,0.009926,0.010684,0.009046,0.010045
2020-06-29,0.017969,0.009578,0.010684,0.009889,0.009665
2020-06-30,0.010138,0.010667,0.010684,0.010097,0.010807
2020-07-01,-0.006143,0.010648,0.010684,0.010127,0.010739
2020-07-02,-0.009301,0.010352,0.010684,0.010407,0.010389
2020-07-03,0.005067,0.0103,0.010684,0.010434,0.010315
2020-07-06,-0.013181,0.009984,0.010684,0.010678,0.009967
2020-07-07,0.018976,0.010361,0.010684,0.011409,0.01037
2020-07-08,0.013493,0.01144,0.010684,0.011241,0.011493
2020-07-09,-0.005462,0.011643,0.010684,0.011204,0.011645
2020-07-10,-0.019228,0.011224,0.010684,0.011887,0.011138
2020-07-13,0.016478,0.012171,0.010684,0.012503,0.012114
2020-07-14,-0.001443,0.012601,0.010684,0.01172,0.012503
2020-07-15,0.01485,0.011997,0.010684,0.012128,0.011776
2020-07-16,-0.01956,0.012268,0.010684,0.012781,0.012031
2020-07-17,-0.007835,0.013072,0.010684,0.012834,0.012854
2020-07-20,6.6e-05,0.012645,0.010684,0.012003,0.012318
2020-07-21,0.000565,0.012029,0.010684,0.01192,0.011604
2020-07-22,-0.005159,0.011462,0.010684,0.011828,0.010976
2020-07-23,0.00688,0.011045,0.010684,0.011907,0.010542
2020-07-24,-0.01148,0.010753,0.010684,0.012212,0.010264
2020-07-27,-0.001544,0.010845,0.010684,0.011482,0.010419
2020-07-28,0.001248,0.010378,0.010684,0.01121,0.009946
2020-07-29,0.005117,0.009946,0.010684,0.011228,0.00953
2020-07-30,0.006878,0.009665,0.010684,0.011149,0.009296
2020-07-31,-0.010696,0.009511,0.010684,0.011345,0.009207
2020-08-03,-0.014866,0.00969,0.010684,0.011449,0.009474
2020-08-04,0.013187,0.010321,0.010684,0.010991,0.010201
2020-08-05,0.003539,0.010648,0.010684,0.010519,0.010558
2020-08-06,-0.007666,0.010242,0.010684,0.010575,0.010115
2020-08-07,0.015636,0.01008,0.010684,0.010377,0.009955
2020-08-10,0.001243,0.010743,0.010684,0.009653,0.01068
2020-08-11,0.012125,0.010281,0.010684,0.010056,0.01017
2020-08-12,0.000709,0.0105,0.010684,0.009445,0.010412
2020-08-13,0.020717,0.010053,0.010684,0.009479,0.009931
2020-08-14,0.020134,0.01147,0.010684,0.010083,0.011455
2020-08-17,-0.003112,0.012501,0.010684,0.010154,0.012495
2020-08-18,0.011593,0.011933,0.010684,0.010332,0.0118
2020-08-19,0.007674,0.011891,0.010684,0.010181,0.011706
2020-08-20,0.015827,0.011564,0.010684,0.010512,0.011314
2020-08-21,-0.011588,0.012009,0.010684,0.01052,0.011778
2020-08-24,0.008204,0.011958,0.010684,0.01046,0.011687
2020-08-25,0.012339,0.011658,0.010684,0.010556,0.011333
2020-08-26,-0.020608,0.011717,0.010684,0.012048,0.01139
2020-08-27,-0.015109,0.012769,0.010684,0.012759,0.012518
2020-08-28,-0.026433,0.012962,0.010684,0.014065,0.012669
2020-08-31,-0.003948,0.014654,0.010684,0.013572,0.014436
2020-09-01,0.010004,0.013942,0.010684,0.013461,0.01354
2020-09-02,0.020382,0.013567,0.010684,0.014039,0.013057
2020-09-03,0.001057,0.01426,0.010684,0.013811,0.013776
2020-09-04,0.022035,0.01353,0.010684,0.014168,0.012901
2020-09-07,-0.019942,0.01445,0.010684,0.015155,0.013895
2020-09-08,-0.025467,0.014951,0.010684,0.016268,0.014384
2020-09-09,-0.000894,0.016096,0.010684,0.016274,0.015565
2020-09-10,0.005851,0.015233,0.010684,0.015661,0.014496
2020-09-11,-0.000475,0.014536,0.010684,0.014957,0.013658
2020-09-14,-0.028494,0.013782,0.010684,0.016203,0.012793
2020-09-15,-0.001393,0.015628,0.010684,0.015891,0.014893
2020-09-16,-0.019309,0.014802,0.010684,0.016121,0.013899
2020-09-17,0.010164,0.015178,0.010684,0.015803,0.014305
2020-09-18,0.005388,0.014698,0.010684,0.01584,0.013731
2020-09-21,-0.013182,0.014025,0.010684,0.015742,0.012964
2020-09-22,-0.007134,0.013883,0.010684,0.015247,0.012837
2020-09-23,-0.014139,0.013349,0.010684,0.014973,0.012262
2020-09-24,-0.000838,0.013372,0.010684,0.014807,0.01235
2020-09-25,0.012135,0.012705,0.010684,0.01428,0.011635
2020-09-28,-0.012441,0.012621,0.010684,0.014454,0.011621
2020-09-29,0.006338,0.012574,0.010684,0.014305,0.011639
2020-09-30,-0.006424,0.012114,0.010684,0.013211,0.011177
2020-10-01,-0.009275,0.011698,0.010684,0.01319,0.010782
2020-10-02,-0.00123,0.011497,0.010684,0.011625,0.010644
2020-10-05,-0.011362,0.010975,0.010684,0.011237,0.010138
2020-10-06,-0.006106,0.011028,0.010684,0.010224,0.010304
2020-10-07,-0.012811,0.010695,0.010684,0.010341,0.010013
2020-10-08,0.021471,0.010928,0.010684,0.01172,0.010363
2020-10-09,0.000433,0.012271,0.010684,0.011738,0.011897
2020-10-12,-0.008176,0.011684,0.010684,0.01034,0.011234
2020-10-13,0.002441,0.011409,0.010684,0.010414,0.010943
2020-10-14,-0.001226,0.010912,0.010684,0.009703,0.01042
2020-10-15,-0.002306,0.010437,0.010684,0.00925,0.009943
2020-10-16,0.006152,0.010017,0.010684,0.009288,0.009546
2020-10-19,0.00741,0.009782,0.010684,0.009228,0.009369
2020-10-20,-0.00512,0.009652,0.010684,0.009178,0.009307
2020-10-21,-0.005412,0.009399,0.010684,0.008756,0.009106
2020-10-22,-0.002526,0.009185,0.010684,0.008759,0.008952
2020-10-23,-0.020437,0.008878,0.010684,0.00913,0.008697
2020-10-26,-0.01596,0.010533,0.010684,0.009352,0.010535
2020-10-27,0.015255,0.011161,0.010684,0.01002,0.011178
2020-10-28,0.019082,0.0116,0.010684,0.011094,0.011596
2020-10-29,-0.003102,0.012457,0.010684,0.010951,0.012446
2020-10-30,0.006857,0.011892,0.010684,0.011097,0.011756
2020-11-02,0.003585,0.011519,0.010684,0.010847,0.011308
2020-11-03,0.033997,0.011042,0.010684,0.01313,0.01077
2020-11-04,0.016428,0.014673,0.010684,0.013024,0.014655
2020-11-05,-0.001888,0.014757,0.010684,0.012352,0.014588
2020-11-06,-0.013376,0.013998,0.010684,0.012837,0.013634
2020-11-09,-0.022291,0.013876,0.010684,0.013757,0.01342
2020-11-10,0.003005,0.01477,0.010684,0.013761,0.014336
2020-11-11,-0.01061,0.014028,0.010684,0.013995,0.013428
2020-11-12,-0.019465,0.013686,0.010684,0.014681,0.013006
2020-11-13,-0.009211,0.014245,0.010684,0.014721,0.013609
2020-11-16,-0.014916,0.013792,0.010684,0.014881,0.013061
2020-11-17,0.023342,0.013835,0.010684,0.015922,0.013097
2020-11-18,0.013121,0.014882,0.010684,0.016181,0.014246
2020-11-19,-0.000117,0.014642,0.010684,0.01617,0.013916
2020-11-20,0.020542,0.013881,0.010684,0.016018,0.013022
2020-11-23,0.001125,0.014544,0.010684,0.015443,0.013771
2020-11-24,-0.01188,0.013793,0.010684,0.015508,0.012898
2020-11-25,0.020668,0.013569,0.010684,0.015605,0.012659
2020-11-26,0.007706,0.0143,0.010684,0.015614,0.013504
2020-11-27,-0.014271,0.013758,0.010684,0.016001,0.012877
2020-11-30,-0.002616,0.013744,0.010684,0.016014,0.012874
2020-12-01,-0.011445,0.013071,0.010684,0.014202,0.012123
2020-12-02,-0.017823,0.012889,0.010684,0.014015,0.011965
2020-12-03,0.012384,0.013371,0.010684,0.014433,0.012558
2020-12-04,0.025269,0.013234,0.010684,0.015425,0.012418
2020-12-07,-0.020535,0.014683,0.010684,0.015299,0.014051
2020-12-08,0.008569,0.015221,0.010684,0.015412,0.014588
2020-12-09,-0.009529,0.014645,0.010684,0.015374,0.013875
2020-12-10,-0.006905,0.014174,0.010684,0.014781,0.013313
2020-12-11,-0.008059,0.013605,0.010684,0.014742,0.012666
2020-12-14,-0.011355,0.013143,0.010684,0.014564,0.012169
2020-12-15,0.000628,0.012946,0.010684,0.013574,0.011995
2020-12-16,-0.010229,0.01231,0.010684,0.013369,0.01132
2020-12-17,0.003276,0.012115,0.010684,0.013407,0.011179
2020-12-18,-0.000582,0.011581,0.010684,0.012396,0.010648
2020-12-21,-0.00264,0.011048,0.010684,0.01237,0.010137
2020-12-22,-0.009606,0.010585,0.010684,0.012289,0.009723
2020-12-23,-0.006074,0.010531,0.010684,0.011044,0.009787
2020-12-24,0.007737,0.010242,0.010684,0.011046,0.009569
2020-12-25,0.005052,0.010085,0.010684,0.010916,0.0095
2020-12-28,-0.009568,0.009788,0.010684,0.011023,0.009267
2020-12-29,0.000976,0.009826,0.010684,0.010875,0.009408
2020-12-30,0.00709,0.009436,0.010684,0.01044,0.009061
2020-12-31,-0.015561,0.009321,0.010684,0.010395,0.009024
2021-01-01,0.005494,0.010112,0.010684,0.008342,0.009957
2021-01-04,-0.006516,0.009833,0.010684,0.007377,0.009681
2021-01-05,0.0055,0.009639,0.010684,0.007154,0.009507
2021-01-06,-0.00718,0.009407,0.010684,0.007061,0.009297
2021-01-07,-0.016787,0.009301,0.010684,0.007673,0.009229
2021-01-08,-0.016716,0.010271,0.010684,0.008176,0.010296
2021-01-11,0.000531,0.011044,0.010684,0.008033,0.011097
2021-01-12,0.002741,0.010553,0.010684,0.008101,0.01053
2021-01-13,-0.009163,0.010133,0.010684,0.008055,0.010067
2021-01-14,0.006447,0.010095,0.010684,0.008217,0.010034
2021-01-15,-0.0164,0.00987,0.010684,0.008723,0.009802
2021-01-18,-0.000705,0.010674,0.010684,0.008747,0.010672
2021-01-19,-0.012368,0.010213,0.010684,0.008867,0.010158
2021-01-20,-0.006823,0.010467,0.010684,0.008879,0.010429
2021-01-21,0.000485,0.010228,0.010684,0.008523,0.010164
2021-01-22,-0.008434,0.009802,0.010684,0.008285,0.009713
2021-01-25,-0.003747,0.009744,0.010684,0.008212,0.009676
2021-01-26,0.009484,0.009424,0.010684,0.008719,0.009359
2021-01-27,-0.005481,0.0095,0.010684,0.008311,0.009476
2021-01-28,0.007756,0.00928,0.010684,0.008351,0.00927
2021-01-29,-0.010428,0.009231,0.010684,0.008197,0.00925
2021-02-01,0.004992,0.009422,0.010684,0.00844,0.009481
2021-02-02,0.01324,0.009185,0.010684,0.009045,0.009248
2021-02-03,-0.023965,0.009696,0.010684,0.010126,0.009807
2021-02-04,-0.009376,0.011765,0.010684,0.009773,0.011958
2021-02-05,0.006673,0.011564,0.010684,0.009555,0.011651
2021-02-08,-0.002276,0.011211,0.010684,0.009526,0.011206
2021-02-09,0.003981,0.010727,0.010684,0.009568,0.010647
2021-02-10,-0.006238,0.010329,0.010684,0.009488,0.010208
2021-02-11,0.000872,0.010069,0.010684,0.009286,0.009939
2021-02-12,-0.001504,0.009658,0.010684,0.00873,0.00952
2021-02-15,0.010848,0.00929,0.010684,0.009203,0.009164
2021-02-16,0.002421,0.009515,0.010684,0.008882,0.009456
2021-02-17,0.003098,0.009176,0.010684,0.008809,0.009128
2021-02-18,-0.00366,0.008886,0.010684,0.008837,0.008865
2021-02-19,-0.004214,0.008642,0.010684,0.008688,0.008661
2021-02-22,-0.003653,0.008445,0.010684,0.008687,0.008512
2021-02-23,0.003252,0.008244,0.010684,0.008422,0.00836
2021-02-24,-0.003388,0.008047,0.010684,0.008372,0.008216
2021-02-25,0.002282,0.007875,0.010684,0.008173,0.008099
2021-02-26,0.015948,0.007684,0.010684,0.00866,0.007964
2021-03-01,0.007736,0.00888,0.010684,0.008756,0.009235
2021-03-02,-0.002894,0.008876,0.010684,0.00826,0.00922
2021-03-03,0.010339,0.008607,0.010684,0.006424,0.008938
2021-03-04,-0.003623,0.008877,0.010684,0.006027,0.009218
2021-03-05,-0.017595,0.008633,0.010684,0.007302,0.008962
2021-03-08,-0.009952,0.009872,0.010684,0.007654,0.010228
2021-03-09,-0.018583,0.009933,0.010684,0.008664,0.010238
2021-03-10,-0.003881,0.011041,0.010684,0.008604,0.011332
2021-03-11,0.000195,0.010613,0.010684,0.008598,0.010802
2021-03-12,0.017024,0.010155,0.010684,0.009476,0.01027
2021-03-15,0.003594,0.010992,0.010684,0.009177,0.011121
2021-03-16,-0.002314,0.010559,0.010684,0.009165,0.010607
2021-03-17,0.008401,0.010129,0.010684,0.009349,0.010125
2021-03-18,-0.022182,0.010032,0.010684,0.010546,0.010018
2021-03-19,0.002756,0.011698,0.010684,0.010555,0.011775
2021-03-22,0.008622,0.011185,0.010684,0.010738,0.011158
2021-03-23,-0.01625,0.01099,0.010684,0.011278,0.01091
2021-03-24,0.013243,0.011578,0.010684,0.011712,0.011512
2021-03-25,0.003973,0.011737,0.010684,0.011738,0.011633
2021-03-26,-0.004673,0.011254,0.010684,0.011128,0.011068
2021-03-29,0.006857,0.010836,0.010684,0.011093,0.010601
2021-03-30,0.023983,0.010562,0.010684,0.012441,0.010313
2021-03-31,0.002256,0.012407,0.010684,0.012217,0.012311
2021-04-01,0.002936,0.011829,0.010684,0.012214,0.011619
2021-04-02,-0.005195,0.011309,0.010684,0.011576,0.011024
2021-04-05,-0.00927,0.010908,0.010684,0.011545,0.010586
2021-04-06,0.00896,0.010791,0.010684,0.010755,0.010478
2021-04-07,-0.009128,0.010663,0.010684,0.010967,0.010362
2021-04-08,0.000756,0.010562,0.010684,0.010963,0.010277
2021-04-09,-0.004829,0.01011,0.010684,0.010434,0.009814
2021-04-12,0.004694,0.0098,0.010684,0.010453,0.009525
2021-04-13,0.003174,0.009513,0.010684,0.010442,0.00927
2021-04-14,0.00954,0.009195,0.010684,0.010488,0.00899
2021-04-15,-0.004746,0.009306,0.010684,0.00909,0.009179
2021-04-16,-0.002447,0.009068,0.010684,0.009138,0.008978
2021-04-19,-0.008583,0.008769,0.010684,0.009254,0.008717
2021-04-20,-0.003932,0.008849,0.010684,0.008436,0.008864
2021-04-21,0.003252,0.00862,0.010684,0.00798,0.008672
2021-04-22,0.006349,0.008387,0.010684,0.008046,0.008481
2021-04-23,-0.007689,0.008338,0.010684,0.008185,0.008486
2021-04-26,0.007302,0.008397,0.010684,0.008202,0.008596
2021-04-27,0.01141,0.008417,0.010684,0.006678,0.008654
2021-04-28,0.003653,0.008835,0.010684,0.006707,0.009113
2021-04-29,0.016133,0.008596,0.010684,0.007572,0.008872
2021-04-30,-0.00744,0.009615,0.010684,0.007684,0.009929
2021-05-03,-0.01183,0.009504,0.010684,0.007881,0.009781
2021-05-04,-0.017436,0.009803,0.010684,0.008607,0.010063
2021-05-05,0.016107,0.010767,0.010684,0.009123,0.011024
2021-05-06,0.007443,0.011374,0.010684,0.009248,0.011583
2021-05-07,-0.000616,0.011082,0.010684,0.009156,0.011193
2021-05-10,0.002964,0.010589,0.010684,0.009129,0.010615
2021-05-11,-0.011448,0.010171,0.010684,0.009534,0.010147
2021-05-12,0.025279,0.010336,0.010684,0.010882,0.01032
2021-05-13,0.001612,0.012471,0.010684,0.010792,0.012559
2021-05-14,0.001299,0.011878,0.010684,0.010753,0.011828
2021-05-17,0.008221,0.011328,0.010684,0.010562,0.011179
2021-05-18,0.005335,0.011091,0.010684,0.010467,0.010899
2021-05-19,0.002399,0.010715,0.010684,0.010467,0.010485
2021-05-20,-0.008121,0.010274,0.010684,0.010717,0.010019
2021-05-21,0.004781,0.01014,0.010684,0.01047,0.009908
2021-05-24,0.018491,0.009825,0.010684,0.011005,0.009603
2021-05-25,0.014721,0.010942,0.010684,0.011156,0.010844
2021-05-26,0.018085,0.011352,0.010684,0.011618,0.011262
2021-05-27,-0.006195,0.012118,0.010684,0.011493,0.012042
2021-05-28,-0.011569,0.011691,0.010684,0.011729,0.01152
2021-05-31,-0.001469,0.011675,0.010684,0.01126,0.011469
2021-06-01,0.000621,0.011142,0.010684,0.010164,0.010865
2021-06-02,0.011646,0.010644,0.010684,0.00994,0.010327
2021-06-03,-0.018221,0.010766,0.010684,0.011086,0.010488
2021-06-04,0.017829,0.011656,0.010684,0.011537,0.011466
2021-06-07,-0.001949,0.012336,0.010684,0.011608,0.012165
2021-06-08,-0.005019,0.011758,0.010684,0.011254,0.011485
2021-06-09,-0.011448,0.011311,0.010684,0.010555,0.010979
2021-06-10,-0.01875,0.01133,0.010684,0.011536,0.011006
2021-06-11,0.010035,0.012191,0.010684,0.011711,0.011941
2021-06-14,0.000879,0.011993,0.010684,0.011602,0.011689
2021-06-15,-0.014745,0.01143,0.010684,0.012076,0.011052
2021-06-16,-0.015243,0.01177,0.010684,0.012535,0.011432
2021-06-17,-0.004069,0.012117,0.010684,0.012443,0.011799
2021-06-18,0.01937,0.011606,0.010684,0.013179,0.011217
2021-06-21,-0.003245,0.012502,0.010684,0.012464,0.012196
2021-06-22,-0.017943,0.011937,0.010684,0.012444,0.01154
2021-06-23,-0.003093,0.012585,0.010684,0.011456,0.012239
2021-06-24,-0.003275,0.012009,0.010684,0.01144,0.011574
2021-06-25,-0.030971,0.011484,0.010684,0.012892,0.010994
2021-06-28,-0.00078,0.014366,0.010684,0.012902,0.014148
2021-06-29,-0.003147,0.013626,0.010684,0.012852,0.01323
2021-06-30,0.009032,0.012973,0.010684,0.01269,0.01245
2021-07-01,0.023346,0.012627,0.010684,0.013727,0.012048
2021-07-02,0.015665,0.013905,0.010684,0.013565,0.013453
2021-07-05,-0.003767,0.014009,0.010684,0.013565,0.013504
2021-07-06,-0.014762,0.01334,0.010684,0.013819,0.012709
2021-07-07,0.034547,0.013425,0.010684,0.016047,0.012787
2021-07-08,0.000973,0.016432,0.010684,0.015499,0.01606
2021-07-09,0.000217,0.015546,0.010684,0.015317,0.01494
2021-07-12,-0.000355,0.014721,0.010684,0.015313,0.013935
2021-07-13,0.002764,0.013954,0.010684,0.014959,0.013039
2021-07-14,-0.001915,0.013267,0.010684,0.014522,0.012273
2021-07-15,-0.007239,0.012619,0.010684,0.014597,0.011579
2021-07-16,-0.006672,0.0122,0.010684,0.014,0.011177
2021-07-19,-0.000386,0.011789,0.010684,0.013985,0.010797
2021-07-20,-0.006108,0.011239,0.010684,0.013443,0.010266
2021-07-21,-0.007761,0.010887,0.010684,0.013543,0.00998
2021-07-22,0.001135,0.010664,0.010684,0.013524,0.009847
2021-07-23,-0.002603,0.010207,0.010684,0.011405,0.009443
2021-07-26,0.014759,0.009813,0.010684,0.011757,0.009121
2021-07-27,-0.027593,0.010409,0.010684,0.013504,0.009914
2021-07-28,0.014142,0.012956,0.010684,0.013707,0.012749
2021-07-29,0.016234,0.013028,0.010684,0.013191,0.012754
2021-07-30,-0.02759,0.013307,0.010684,0.01418,0.012993
2021-08-02,-0.005178,0.015111,0.010684,0.014198,0.014875
2021-08-03,-0.005349,0.0144,0.010684,0.013876,0.013968
2021-08-04,-0.019352,0.013749,0.010684,0.01174,0.013172
2021-08-05,-0.011111,0.014285,0.010684,0.011814,0.013726
2021-08-06,-0.015496,0.013953,0.010684,0.012039,0.013301
2021-08-09,0.02459,0.014033,0.010684,0.0137,0.013359
2021-08-10,0.014243,0.015222,0.010684,0.014209,0.014643
2021-08-11,0.019123,0.015039,0.010684,0.015044,0.014358
2021-08-12,0.011085,0.015361,0.010684,0.015259,0.014654
2021-08-13,-0.016849,0.014923,0.010684,0.015624,0.0141
2021-08-16,-0.007877,0.015017,0.010684,0.015685,0.014173
2021-08-17,0.007059,0.014424,0.010684,0.015775,0.013471
2021-08-18,-0.016915,0.013841,0.010684,0.016104,0.012813
2021-08-19,0.010041,0.014083,0.010684,0.016307,0.013123
2021-08-20,-0.003292,0.013697,0.010684,0.016311,0.0127
2021-08-23,-0.004888,0.013041,0.010684,0.015881,0.011986
2021-08-24,0.008874,0.012482,0.010684,0.01488,0.011411
2021-08-25,0.005408,0.012174,0.010684,0.014555,0.011145
2021-08-26,-0.004226,0.011707,0.010684,0.013998,0.010701
2021-08-27,0.013024,0.011234,0.010684,0.012982,0.010265
2021-08-30,-0.012342,0.011416,0.010684,0.013233,0.010591
2021-08-31,0.007087,0.011506,0.010684,0.013271,0.010779
2021-09-01,0.006632,0.011182,0.010684,0.012483,0.01048
2021-09-02,-0.003362,0.010862,0.010684,0.012181,0.010195
2021-09-03,0.003402,0.010433,0.010684,0.011456,0.009794
2021-09-06,-0.012563,0.010041,0.010684,0.010769,0.009449
2021-09-07,0.009555,0.010341,0.010684,0.010518,0.009882
2021-09-08,-0.001907,0.010311,0.010684,0.009618,0.009914
2021-09-09,-0.005172,0.009894,0.010684,0.009305,0.009513
2021-09-10,0.010092,0.00962,0.010684,0.008814,0.009284
2021-09-13,-0.006851,0.009727,0.010684,0.008766,0.009474
2021-09-14,-0.013471,0.009564,0.010684,0.009149,0.009354
2021-09-15,-0.015631,0.010041,0.010684,0.009032,0.009921
2021-09-16,0.006491,0.010711,0.010684,0.008847,0.010653
2021-09-17,-0.013352,0.010428,0.010684,0.00928,0.010335
2021-09-20,0.018879,0.010758,0.010684,0.010249,0.010686
2021-09-21,-0.024451,0.011744,0.010684,0.011381,0.011716
2021-09-22,0.022709,0.013386,0.010684,0.012543,0.013396
2021-09-23,0.003044,0.014425,0.010684,0.012543,0.01438
2021-09-24,-0.001326,0.01371,0.010684,0.012138,0.013468
2021-09-27,-0.007096,0.013022,0.010684,0.011938,0.01263
2021-09-28,0.005013,0.01256,0.010684,0.011874,0.01208
2021-09-29,-0.000453,0.012045,0.010684,0.011741,0.011498
2021-09-30,0.012661,0.011475,0.010684,0.012134,0.010882
2021-10-01,0.001324,0.011589,0.010684,0.012108,0.011052
2021-10-04,0.001663,0.011061,0.010684,0.011783,0.010497
2021-10-05,-0.003847,0.010579,0.010684,0.011596,0.010016
2021-10-06,-0.00058,0.010189,0.010684,0.011592,0.009656
2021-10-07,0.003006,0.009767,0.010684,0.011563,0.009272
2021-10-08,-0.016112,0.009421,0.010684,0.011828,0.008986
2021-10-11,-0.013846,0.01027,0.010684,0.012097,0.010011
2021-10-12,0.007938,0.01068,0.010684,0.011954,0.010487
2021-10-13,0.001792,0.01049,0.010684,0.011432,0.01029
2021-10-14,-0.00185,0.010056,0.010684,0.011341,0.009837
2021-10-15,0.000178,0.009659,0.010684,0.010913,0.009445
2021-10-18,0.003225,0.00928,0.010684,0.010048,0.009088
2021-10-19,-0.004849,0.008984,0.010684,0.008393,0.008835
2021-10-20,-0.006836,0.008783,0.010684,0.006739,0.008691
2021-10-21,0.001708,0.008723,0.010684,0.006705,0.008697
2021-10-22,-0.008257,0.008439,0.010684,0.006904,0.008459
2021-10-25,0.003484,0.008533,0.010684,0.006838,0.008624
2021-10-26,-0.01416,0.008317,0.010684,0.007318,0.008449
2021-10-27,0.009371,0.009106,0.010684,0.007724,0.009317
2021-10-28,0.004354,0.009212,0.010684,0.00714,0.00943
2021-10-29,0.002296,0.008966,0.010684,0.007165,0.009173
2021-11-01,0.008523,0.008673,0.010684,0.007484,0.008881
2021-11-02,0.014589,0.008759,0.010684,0.008241,0.008993
2021-11-03,0.009659,0.009522,0.010684,0.008536,0.009792
2021-11-04,-0.017675,0.009602,0.010684,0.009389,0.00985
2021-11-05,-0.013617,0.010642,0.010684,0.00919,0.010899
2021-11-08,-0.006854,0.01097,0.010684,0.008788,0.011174
2021-11-09,0.000279,0.010683,0.010684,0.008572,0.010804
2021-11-10,0.00529,0.01022,0.010684,0.008661,0.010272
2021-11-11,-0.0072,0.009921,0.010684,0.008785,0.009941
2021-11-12,0.001823,0.009761,0.010684,0.008803,0.009774
2021-11-15,-0.007092,0.009389,0.010684,0.00886,0.009389
2021-11-16,-0.005674,0.009279,0.010684,0.008879,0.0093
2021-11-17,-0.012789,0.009092,0.010684,0.00917,0.009132
2021-11-18,-0.00883,0.009564,0.010684,0.009272,0.009658
2021-11-19,-0.01293,0.009566,0.010684,0.009491,0.009664
2021-11-22,-0.009738,0.009979,0.010684,0.009523,0.010098
2021-11-23,0.010545,0.010008,0.010684,0.009604,0.01011
2021-11-24,-0.009595,0.010107,0.010684,0.009378,0.010198
2021-11-25,0.026608,0.010108,0.010684,0.011372,0.010181
2021-11-26,0.006194,0.012555,0.010684,0.011475,0.012725
2021-11-29,0.002235,0.01209,0.010684,0.011273,0.012116
2021-11-30,-0.009902,0.011536,0.010684,0.010722,0.011446
2021-12-01,0.007983,0.011399,0.010684,0.010625,0.011257
2021-12-02,-0.006412,0.011139,0.010684,0.010094,0.010949
2021-12-03,0.001319,0.010811,0.010684,0.009774,0.010585
2021-12-06,0.026484,0.010345,0.010684,0.011539,0.010088
2021-12-07,-0.00122,0.0127,0.010684,0.011541,0.012638
2021-12-08,0.013891,0.012086,0.010684,0.011909,0.011894
2021-12-09,-0.00861,0.012244,0.010684,0.01196,0.012019
2021-12-10,-0.000418,0.011941,0.010684,0.011954,0.011646
2021-12-13,0.020151,0.01138,0.010684,0.012625,0.011012
2021-12-14,-0.007793,0.01243,0.010684,0.012697,0.012161
2021-12-15,0.021857,0.01206,0.010684,0.013024,0.011715
2021-12-16,0.009362,0.013228,0.010684,0.012781,0.012961
2021-12-17,-0.007244,0.012879,0.010684,0.012443,0.012512
2021-12-20,0.007865,0.012437,0.010684,0.012014,0.011985
2021-12-21,0.011739,0.01207,0.010684,0.012045,0.011567
2021-12-22,0.007478,0.012026,0.010684,0.011534,0.011525
2021-12-23,-0.018331,0.011674,0.010684,0.0117,0.011146
2021-12-24,-0.009029,0.012417,0.010684,0.012029,0.011987
2021-12-27,-0.003001,0.012125,0.010684,0.012104,0.01165
2021-12-28,-0.000862,0.011584,0.010684,0.011769,0.011053
2021-12-29,0.00686,0.011052,0.010684,0.011748,0.010493
2021-12-30,0.001912,0.010758,0.010684,0.011535,0.010221
2021-12-31,-0.013759,0.010304,0.010684,0.012169,0.00978
2022-01-03,0.004068,0.010699,0.010684,0.010838,0.010293
2022-01-04,0.006293,0.010306,0.010684,0.01086,0.009904
2022-01-05,0.005627,0.010052,0.010684,0.010542,0.009682
2022-01-06,0.010576,0.009786,0.010684,0.010426,0.009454
2022-01-07,0.00827,0.009917,0.010684,0.010471,0.009662
2022-01-10,0.004515,0.009833,0.010684,0.009685,0.00962
2022-01-11,-0.000669,0.009535,0.010684,0.009421,0.009343
2022-01-12,-0.015228,0.009168,0.010684,0.009091,0.009002
2022-01-13,0.004271,0.009942,0.010684,0.008909,0.009891
2022-01-14,0.001999,0.009624,0.010684,0.00872,0.009565
2022-01-17,0.002517,0.009266,0.010684,0.00858,0.009212
2022-01-18,-0.011429,0.008952,0.010684,0.008584,0.00892
2022-01-19,-0.010041,0.009288,0.010684,0.008632,0.009326
2022-01-20,0.009935,0.009434,0.010684,0.007981,0.009503
2022-01-21,-0.000378,0.00955,0.010684,0.007687,0.009638
2022-01-24,0.006256,0.00918,0.010684,0.007739,0.009255
2022-01-25,0.000256,0.009037,0.010684,0.007729,0.00913
2022-01-26,0.000259,0.008711,0.010684,0.00761,0.008815
2022-01-27,0.007894,0.008413,0.010684,0.007773,0.008545
2022-01-28,-0.004376,0.008479,0.010684,0.007084,0.008662
2022-01-31,0.000798,0.008306,0.010684,0.00706,0.00852
2022-02-01,-0.00372,0.008048,0.010684,0.007047,0.008295
2022-02-02,-0.003428,0.007889,0.010684,0.007016,0.00818
2022-02-03,-0.002391,0.007735,0.010684,0.006616,0.00807
2022-02-04,0.00168,0.007561,0.010684,0.006328,0.007942
2022-02-07,-0.003536,0.007386,0.010684,0.006243,0.007816
2022-02-08,0.009154,0.00729,0.010684,0.006641,0.007769
2022-02-09,-0.006831,0.007636,0.010684,0.005882,0.008156
2022-02-10,-0.001442,0.007714,0.010684,0.005798,0.008254
2022-02-11,-0.003307,0.00752,0.010684,0.005807,0.008076
2022-02-14,0.010707,0.007399,0.010684,0.006306,0.007978
2022-02-15,0.001554,0.007906,0.010684,0.005731,0.008497
2022-02-16,0.00794,0.007695,0.010684,0.005399,0.008285
2022-02-17,-0.011677,0.00786,0.010684,0.005743,0.008453
2022-02-18,0.002245,0.008405,0.010684,0.005757,0.008987
2022-02-21,0.007261,0.008162,0.010684,0.005815,0.008719
2022-02-22,0.000675,0.008208,0.010684,0.005815,0.008753
2022-02-23,0.008479,0.007958,0.010684,0.006083,0.008494
2022-02-24,-0.004209,0.008136,0.010684,0.00595,0.008672
2022-02-25,0.011261,0.00799,0.010684,0.006322,0.008521
2022-02-28,0.019452,0.008462,0.010684,0.00754,0.00899
2022-03-01,-0.003648,0.010053,0.010684,0.007537,0.010563
2022-03-02,-0.004322,0.009702,0.010684,0.007573,0.010123
2022-03-03,0.013674,0.009408,0.010684,0.007932,0.009768
2022-03-04,0.015695,0.009936,0.010684,0.008435,0.010272
2022-03-07,-0.005559,0.010632,0.010684,0.008535,0.010936
2022-03-08,-0.004331,0.010308,0.010684,0.008585,0.010527
2022-03-09,-0.002807,0.00996,0.010684,0.008395,0.010118
2022-03-10,-0.012896,0.009592,0.010684,0.00907,0.009711
2022-03-11,-0.009183,0.009997,0.010684,0.009352,0.010131
2022-03-14,-0.010018,0.009976,0.010684,0.009485,0.010089
2022-03-15,-0.007702,0.010031,0.010684,0.00968,0.010129
2022-03-16,-0.000343,0.009894,0.010684,0.009521,0.009969
2022-03-17,0.002224,0.009495,0.010684,0.009115,0.009543
2022-03-18,0.014191,0.009153,0.010684,0.009594,0.009198
2022-03-21,-0.009774,0.00979,0.010684,0.009799,0.009894
2022-03-22,0.009692,0.009846,0.010684,0.010011,0.009945
2022-03-23,-0.002116,0.009888,0.010684,0.009873,0.009979
2022-03-24,-0.00047,0.00951,0.010684,0.009815,0.009574
2022-03-25,0.00617,0.009143,0.010684,0.009589,0.0092
2022-03-28,-0.010104,0.009,0.010684,0.008737,0.009077
2022-03-29,0.003515,0.009191,0.010684,0.008773,0.009307
2022-03-30,0.001484,0.008913,0.010684,0.008744,0.009033
2022-03-31,0.004239,0.008609,0.010684,0.008179,0.008744
2022-04-01,0.002434,0.008416,0.010684,0.007247,0.008583
2022-04-04,0.020077,0.008177,0.010684,0.008638,0.008379
2022-04-05,-0.006349,0.009956,0.010684,0.008699,0.010251
2022-04-06,-0.005172,0.009739,0.010684,0.00875,0.009982
2022-04-07,-0.005908,0.00948,0.010684,0.00836,0.009686
2022-04-08,-0.005158,0.009286,0.010684,0.008177,0.009473
2022-04-11,-0.005782,0.009071,0.010684,0.007955,0.00925
2022-04-12,0.010596,0.008912,0.010684,0.008043,0.009095
2022-04-13,0.013018,0.009165,0.010684,0.008455,0.009373
2022-04-14,-0.005509,0.009652,0.010684,0.008612,0.009878
2022-04-15,-0.00784,0.009419,0.010684,0.0083,0.009614
2022-04-18,0.004412,0.00936,0.010684,0.00799,0.009545
2022-04-19,-0.005026,0.009102,0.010684,0.007829,0.009275
2022-04-20,0.005632,0.008898,0.010684,0.007893,0.009074
2022-04-21,0.001775,0.008748,0.010684,0.007892,0.008937
2022-04-22,-0.012828,0.008463,0.010684,0.008345,0.008667
2022-04-25,0.014,0.009047,0.010684,0.008565,0.0093
2022-04-26,0.01738,0.009678,0.010684,0.009302,0.009947
2022-04-27,-0.006532,0.010659,0.010684,0.009486,0.010928
2022-04-28,-0.004026,0.010383,0.010684,0.009535,0.010574
2022-04-29,0.002863,0.010017,0.010684,0.009539,0.010146
2022-05-02,0.003226,0.009645,0.010684,0.008444,0.009737
2022-05-03,0.006136,0.009317,0.010684,0.008401,0.009393
2022-05-04,0.018399,0.009153,0.010684,0.009145,0.009239
2022-05-05,-0.001841,0.010402,0.010684,0.009005,0.010562
2022-05-06,-0.007964,0.009976,0.010684,0.009146,0.010076
2022-05-09,-0.013604,0.009863,0.010684,0.00965,0.009943
2022-05-10,-0.007535,0.010308,0.010684,0.009613,0.010403
2022-05-11,-0.000336,0.01013,0.010684,0.009166,0.010189
2022-05-12,0.017428,0.009712,0.010684,0.009845,0.009735
2022-05-13,-0.005535,0.010693,0.010684,0.009747,0.010774
2022-05-16,0.002319,0.010362,0.010684,0.009723,0.010387
2022-05-17,-0.000163,0.009948,0.010684,0.00962,0.009932
2022-05-18,0.011343,0.009545,0.010684,0.009833,0.009511
2022-05-19,0.024726,0.009785,0.010684,0.011097,0.00979
2022-05-20,-0.006354,0.01197,0.010684,0.010702,0.012093
2022-05-23,-0.00566,0.011564,0.010684,0.01056,0.011572
2022-05-24,0.011653,0.01116,0.010684,0.010198,0.011085
2022-05-25,0.007649,0.011217,0.010684,0.010072,0.011114
2022-05-26,0.020229,0.010954,0.010684,0.01067,0.010804
2022-05-27,0.007066,0.012101,0.010684,0.010691,0.012017
2022-05-30,-0.004211,0.01172,0.010684,0.010849,0.011546
2022-05-31,0.006642,0.011246,0.010684,0.010856,0.011
2022-06-01,0.012108,0.010921,0.010684,0.010493,0.010642
2022-06-02,0.009068,0.011052,0.010684,0.01049,0.010796
2022-06-03,0.005531,0.010903,0.010684,0.010111,0.010638
2022-06-06,0.011257,0.010553,0.010684,0.009244,0.010269
2022-06-07,0.012452,0.01065,0.010684,0.008788,0.0104
2022-06-08,0.014999,0.010852,0.010684,0.008796,0.010635
2022-06-09,0.007336,0.011308,0.010684,0.008489,0.01113
2022-06-10,-0.001841,0.011017,0.010684,0.008235,0.010797
2022-06-13,0.001547,0.010541,0.010684,0.008262,0.010281
2022-06-14,0.012185,0.010099,0.010684,0.008137,0.009826
2022-06-15,-0.008455,0.01035,0.010684,0.008866,0.01014
2022-06-16,0.003772,0.010232,0.010684,0.007826,0.010035
2022-06-17,-0.003882,0.00987,0.010684,0.00764,0.00967
2022-06-20,0.000274,0.009544,0.010684,0.007271,0.00936
2022-06-21,0.011728,0.009174,0.010684,0.007274,0.009014
2022-06-22,0.001817,0.00951,0.010684,0.007332,0.009436
2022-06-23,0.000425,0.009159,0.010684,0.006608,0.009097
2022-06-24,-0.011997,0.008822,0.010684,0.007594,0.008788
2022-06-27,0.006898,0.009244,0.010684,0.007362,0.009289
2022-06-28,0.005897,0.009137,0.010684,0.007353,0.009202
2022-06-29,0.01942,0.008977,0.010684,0.007909,0.009062
2022-06-30,-0.003211,0.010434,0.010684,0.008046,0.010608
2022-07-01,0.002199,0.010036,0.010684,0.008054,0.010148
2022-07-04,0.002406,0.009647,0.010684,0.007883,0.009722
2022-07-05,0.014665,0.009297,0.010684,0.008027,0.009357
2022-07-06,-0.00095,0.00997,0.010684,0.00764,0.010083
2022-07-07,0.00267,0.009569,0.010684,0.007571,0.009646
2022-07-08,0.005612,0.009231,0.010684,0.007515,0.009298
2022-07-11,0.001688,0.009046,0.010684,0.007514,0.009126
2022-07-12,-0.003899,0.008733,0.010684,0.007356,0.008827
2022-07-13,0.001652,0.008513,0.010684,0.006908,0.008639
2022-07-14,0.008855,0.008248,0.010684,0.007035,0.008408
2022-07-15,-0.008645,0.008421,0.010684,0.007358,0.008639
2022-07-18,0.001137,0.008552,0.010684,0.007344,0.008806
2022-07-19,-0.005794,0.008275,0.010684,0.007283,0.008544
2022-07-20,0.009802,0.008202,0.010684,0.007486,0.008501
2022-07-21,-0.012912,0.008477,0.010684,0.008232,0.00881
2022-07-22,-0.005069,0.009068,0.010684,0.007754,0.009422
2022-07-25,0.003346,0.00887,0.010684,0.007679,0.009201
2022-07-26,0.013489,0.008617,0.010684,0.008063,0.008937
2022-07-27,-0.000609,0.009258,0.010684,0.007001,0.009597
2022-07-28,-0.004949,0.008914,0.010684,0.007071,0.009221
2022-07-29,0.016414,0.008725,0.010684,0.007845,0.009024
2022-08-01,-0.014131,0.009759,0.010684,0.008627,0.010086
2022-08-02,-0.022615,0.010285,0.010684,0.009526,0.010583
2022-08-03,0.005264,0.011963,0.010684,0.00962,0.012255
2022-08-04,-0.005778,0.011508,0.010684,0.009662,0.011662
2022-08-05,-0.011351,0.011115,0.010684,0.009808,0.011168
2022-08-08,0.007898,0.01115,0.010684,0.010017,0.011154
2022-08-09,0.00266,0.010909,0.010684,0.010038,0.010855
2022-08-10,-0.005899,0.010458,0.010684,0.010072,0.010349
2022-08-11,-0.013018,0.010168,0.010684,0.010082,0.01004
2022-08-12,0.00916,0.010499,0.010684,0.010299,0.010409
2022-08-15,0.006774,0.010419,0.010684,0.010455,0.01032
2022-08-16,-0.00101,0.010181,0.010684,0.010403,0.010067
2022-08-17,0.018028,0.009763,0.010684,0.011003,0.009633
2022-08-18,-0.011581,0.010822,0.010684,0.010929,0.010792
2022-08-19,-0.016651,0.010915,0.010684,0.011469,0.010864
2022-08-22,-0.008003,0.011567,0.010684,0.011512,0.011531
2022-08-23,-0.000515,0.011292,0.010684,0.010945,0.011185
2022-08-24,0.002623,0.010781,0.010684,0.010998,0.010607
2022-08-25,-0.002494,0.010339,0.010684,0.010981,0.010131
2022-08-26,0.003496,0.009931,0.010684,0.010178,0.009714
2022-08-29,-0.011997,0.009586,0.010684,0.010064,0.009383
2022-08-30,0.01428,0.00989,0.010684,0.009602,0.009762
2022-08-31,-0.000855,0.010413,0.010684,0.009492,0.010346
2022-09-01,0.011144,0.009974,0.010684,0.009813,0.009874
2022-09-02,0.003474,0.010135,0.010684,0.009494,0.010065
2022-09-05,0.004463,0.009772,0.010684,0.009381,0.009685
2022-09-06,0.0054,0.009477,0.010684,0.009439,0.009397
2022-09-07,0.004144,0.009256,0.010684,0.009356,0.009198
2022-09-08,0.005782,0.008996,0.010684,0.008819,0.008966
2022-09-09,0.011756,0.008845,0.010684,0.008952,0.008855
2022-09-12,0.001815,0.009235,0.010684,0.008878,0.009313
2022-09-13,0.006315,0.008907,0.010684,0.008913,0.008991
2022-09-14,-0.00079,0.008798,0.010684,0.008091,0.008911
2022-09-15,0.012235,0.008496,0.010684,0.007878,0.00863
2022-09-16,-0.006087,0.008999,0.010684,0.006825,0.009195
2022-09-19,0.015967,0.008866,0.010684,0.00693,0.009068
2022-09-20,-0.000394,0.009804,0.010684,0.006926,0.01005
2022-09-21,-0.013467,0.009413,0.010684,0.007954,0.009614
2022-09-22,0.00127,0.009914,0.010684,0.007856,0.010125
2022-09-23,-0.006484,0.00952,0.010684,0.008161,0.009686
2022-09-26,0.007866,0.009357,0.010684,0.007428,0.009509
2022-09-27,-0.006074,0.009306,0.010684,0.007324,0.009459
2022-09-28,-0.004078,0.00914,0.010684,0.007445,0.00929
2022-09-29,-0.016795,0.008889,0.010684,0.008346,0.009042
2022-09-30,-0.004498,0.009946,0.010684,0.008428,0.010158
2022-10-03,-0.023358,0.009637,0.010684,0.009967,0.009806
2022-10-04,-0.018392,0.011612,0.010684,0.010627,0.011842
2022-10-05,0.009409,0.012373,0.010684,0.010841,0.01254
2022-10-06,0.009517,0.012111,0.010684,0.011003,0.012152
2022-10-07,0.005056,0.011884,0.010684,0.010684,0.011827
2022-10-10,-0.01105,0.011428,0.010684,0.010857,0.011279
2022-10-11,-0.000544,0.011398,0.010684,0.010681,0.011218
2022-10-12,-3.9e-05,0.010879,0.010684,0.010689,0.010636
2022-10-13,-0.012046,0.010399,0.010684,0.010299,0.010125
2022-10-14,0.015927,0.010594,0.010684,0.011171,0.010366
2022-10-17,0.009832,0.011207,0.010684,0.010709,0.011041
2022-10-18,-0.002453,0.0111,0.010684,0.010694,0.010909
2022-10-19,0.000286,0.010629,0.010684,0.010425,0.010391
2022-10-20,0.002119,0.01017,0.010684,0.010442,0.00991
2022-10-21,-0.019944,0.009768,0.010684,0.011138,0.009514
2022-10-24,-0.00275,0.011125,0.010684,0.010843,0.011022
2022-10-25,-0.007269,0.010658,0.010684,0.010862,0.010497
2022-10-26,-0.010444,0.010427,0.010684,0.01097,0.010251
2022-10-27,-0.002941,0.010464,0.010684,0.01054,0.010304
2022-10-28,0.018078,0.010056,0.010684,0.011552,0.009876
2022-10-31,0.00709,0.011064,0.010684,0.01056,0.010981
2022-11-01,-0.006158,0.010782,0.010684,0.009798,0.010654
2022-11-02,0.005997,0.010474,0.010684,0.009655,0.010316
2022-11-03,0.014255,0.010187,0.010684,0.009957,0.010017
2022-11-04,0.009856,0.010659,0.010684,0.010137,0.010544
2022-11-07,0.000633,0.010617,0.010684,0.009774,0.010493
2022-11-08,-0.006573,0.01016,0.010684,0.009915,0.010002
2022-11-09,0.006938,0.009936,0.010684,0.010011,0.009783
2022-11-10,0.00384,0.009758,0.010684,0.009538,0.009622
2022-11-11,0.008451,0.00944,0.010684,0.009092,0.009316
2022-11-14,0.005987,0.009426,0.010684,0.008945,0.009347
2022-11-15,0.0097,0.009242,0.010684,0.009092,0.00919
2022-11-16,-0.00501,0.009361,0.010684,0.009216,0.009358
2022-11-17,0.012029,0.009131,0.010684,0.009508,0.009144
2022-11-18,0.001879,0.009508,0.010684,0.007975,0.009575
2022-11-21,0.019005,0.009158,0.010684,0.008584,0.009218
2022-11-22,-0.007238,0.010503,0.010684,0.008582,0.010649
2022-11-23,0.017855,0.010285,0.010684,0.008359,0.010378
2022-11-24,0.00222,0.011215,0.010684,0.008156,0.011327
2022-11-25,-0.00699,0.01073,0.010684,0.008118,0.010752
2022-11-28,-0.005068,0.010474,0.010684,0.00838,0.010451
2022-11-29,-0.003249,0.010142,0.010684,0.008217,0.010084
2022-11-30,0.004144,0.009771,0.010684,0.008206,0.009695
2022-12-01,0.004948,0.009463,0.010684,0.007858,0.009391
2022-12-02,-0.00529,0.00922,0.010684,0.00796,0.009169
2022-12-05,-0.00022,0.009018,0.010684,0.007975,0.008998
2022-12-06,0.018624,0.008693,0.010684,0.008385,0.008702
2022-12-07,0.017423,0.010086,0.010684,0.008883,0.010214
2022-12-08,0.004796,0.010993,0.010684,0.008881,0.011137
2022-12-09,0.000403,0.010602,0.010684,0.008884,0.010667
2022-12-12,0.001218,0.010146,0.010684,0.0089,0.010152
2022-12-13,0.005971,0.009732,0.010684,0.008815,0.009709
2022-12-14,-0.009733,0.009516,0.010684,0.009123,0.009497
2022-12-15,-0.002472,0.009603,0.010684,0.008996,0.009613
2022-12-16,-0.015447,0.009257,0.010684,0.00989,0.009264
2022-12-19,0.00401,0.010044,0.010684,0.009072,0.010122
2022-12-20,0.006282,0.009707,0.010684,0.008904,0.009754
2022-12-21,-0.004596,0.009512,0.010684,0.008183,0.009554
2022-12-22,0.014556,0.009248,0.010684,0.008737,0.009291
2022-12-23,-0.012155,0.009916,0.010684,0.009071,0.010016
2022-12-26,-0.014921,0.010189,0.010684,0.009677,0.01029
2022-12-27,0.002411,0.010742,0.010684,0.009637,0.010846
2022-12-28,0.010784,0.010299,0.010684,0.009863,0.010335
2022-12-29,0.017485,0.010383,0.010684,0.010484,0.010407
2022-12-30,-0.005159,0.011242,0.010684,0.010479,0.011294
2023-01-02,0.011699,0.010845,0.010684,0.010685,0.010819
2023-01-03,-0.000422,0.010946,0.010684,0.010005,0.010899
2023-01-04,-0.001806,0.010462,0.010684,0.009305,0.010355
2023-01-05,0.008864,0.010031,0.010684,0.009444,0.009895
2023-01-06,0.006511,0.009981,0.010684,0.009527,0.009864
2023-01-09,-0.015403,0.009771,0.010684,0.010221,0.009662
2023-01-10,0.015442,0.010458,0.010684,0.010704,0.010421
2023-01-11,0.015225,0.011032,0.010684,0.010866,0.011018
2023-01-12,-0.007186,0.011488,0.010684,0.011019,0.011464
2023-01-13,0.004421,0.01117,0.010684,0.01025,0.011075
2023-01-16,0.005311,0.01075,0.010684,0.010262,0.010597
2023-01-17,0.002712,0.010404,0.010684,0.010231,0.010223
2023-01-18,-0.005501,0.009995,0.010684,0.010267,0.009799
2023-01-19,-0.006534,0.009728,0.010684,0.01006,0.009546
2023-01-20,-0.000244,0.009546,0.010684,0.009543,0.009394
2023-01-23,0.010761,0.009176,0.010684,0.00882,0.009044
2023-01-24,0.005114,0.009408,0.010684,0.008824,0.00935
2023-01-25,-0.003402,0.009179,0.010684,0.008786,0.009142
2023-01-26,0.006867,0.008898,0.010684,0.008157,0.008888
2023-01-27,-0.025145,0.008827,0.010684,0.010116,0.008863
2023-01-30,0.013072,0.011379,0.010684,0.010194,0.011568
2023-01-31,-0.020087,0.011546,0.010684,0.011274,0.011661
2023-02-01,-0.004551,0.012555,0.010684,0.011319,0.012645
2023-02-02,-0.013463,0.012024,0.010684,0.01153,0.011976
2023-02-03,-0.015726,0.012147,0.010684,0.011855,0.012041
2023-02-06,0.014503,0.012494,0.010684,0.01195,0.012351
2023-02-07,-0.005921,0.012661,0.010684,0.0114,0.012463
2023-02-08,0.004218,0.012174,0.010684,0.010801,0.011874
2023-02-09,-0.000547,0.011663,0.010684,0.010736,0.011287
2023-02-10,0.005306,0.011124,0.010684,0.010764,0.010697
2023-02-13,0.000825,0.010743,0.010684,0.010658,0.010308
2023-02-14,-0.013186,0.010278,0.010684,0.010887,0.009841
2023-02-15,0.010572,0.010612,0.010684,0.011255,0.01027
2023-02-16,-0.005252,0.010637,0.010684,0.011231,0.010333
2023-02-17,-0.01603,0.010298,0.010684,0.011661,0.009991
2023-02-20,-0.004699,0.010975,0.010684,0.011233,0.010764
2023-02-21,0.015882,0.010582,0.010684,0.0119,0.010338
2023-02-22,0.009515,0.011192,0.010684,0.012214,0.011013
2023-02-23,-0.003857,0.011062,0.010684,0.012029,0.010858
2023-02-24,-0.003713,0.010631,0.010684,0.010821,0.010387
2023-02-27,-0.003291,0.010232,0.010684,0.010252,0.009973
2023-02-28,0.020465,0.009855,0.010684,0.01059,0.0096
2023-03-01,0.004307,0.011276,0.010684,0.010595,0.011174
2023-03-02,0.004663,0.010843,0.010684,0.010149,0.010679
2023-03-03,0.010777,0.01046,0.010684,0.009578,0.010263
2023-03-06,0.002513,0.010523,0.010684,0.009134,0.010347
2023-03-07,-0.002616,0.0101,0.010684,0.009019,0.009902
2023-03-08,-0.001908,0.009715,0.010684,0.009037,0.009518
2023-03-09,-0.000669,0.009348,0.010684,0.009038,0.00917
2023-03-10,-0.000335,0.008997,0.010684,0.009,0.008852
2023-03-13,0.006312,0.008674,0.010684,0.009072,0.008577
2023-03-14,0.000446,0.008591,0.010684,0.0084,0.008564
2023-03-15,0.006084,0.008304,0.010684,0.008221,0.00833
2023-03-16,-0.000666,0.008247,0.010684,0.008073,0.008342
2023-03-17,0.000629,0.007993,0.010684,0.006866,0.008142
2023-03-20,-0.015512,0.007763,0.010684,0.007858,0.007971
2023-03-21,0.008128,0.008871,0.010684,0.007334,0.009169
2023-03-22,0.003083,0.008899,0.010684,0.007129,0.009197
2023-03-23,0.008617,0.008634,0.010684,0.007159,0.008924
2023-03-24,-0.025295,0.008734,0.010684,0.009399,0.009038
2023-03-27,0.023693,0.011345,0.010684,0.010571,0.011711
2023-03-28,-0.001808,0.012953,0.010684,0.009734,0.013262
2023-03-29,0.01366,0.012327,0.010684,0.010093,0.012453
2023-03-30,-0.012926,0.01243,0.010684,0.010601,0.012457
2023-03-31,0.007629,0.01245,0.010684,0.010473,0.012386
2023-04-03,-0.012713,0.012068,0.010684,0.010898,0.011899
2023-04-04,-0.007555,0.012113,0.010684,0.01102,0.011899
2023-04-05,0.022505,0.011758,0.010684,0.012103,0.011473
2023-04-06,-0.002495,0.013086,0.010684,0.012125,0.012887
2023-04-07,0.002709,0.01246,0.010684,0.012125,0.012132
2023-04-10,0.010342,0.011886,0.010684,0.012247,0.01147
2023-04-11,0.005822,0.011745,0.010684,0.012283,0.011315
2023-04-12,0.001705,0.011333,0.010684,0.01224,0.010869
2023-04-13,0.003953,0.01083,0.010684,0.012241,0.010342
2023-04-14,0.025049,0.010422,0.010684,0.0133,0.009942
2023-04-17,-0.00072,0.012493,0.010684,0.012614,0.012258
2023-04-18,0.002391,0.01189,0.010684,0.012572,0.011554
2023-04-19,0.01193,0.011355,0.010684,0.012716,0.010955
2023-04-20,0.012618,0.011414,0.010684,0.012826,0.011035
2023-04-21,0.013688,0.011531,0.010684,0.010963,0.011173
2023-04-24,0.0075,0.011742,0.010684,0.010153,0.011405
2023-04-25,-0.013052,0.011419,0.010684,0.010847,0.011044
2023-04-26,0.018914,0.011579,0.010684,0.011138,0.011228
2023-04-27,-0.014234,0.012417,0.010684,0.011251,0.012136
2023-04-28,0.003803,0.012566,0.010684,0.011233,0.012256
2023-05-01,-0.00906,0.012011,0.010684,0.010963,0.011609
2023-05-02,-0.000754,0.011762,0.010684,0.010661,0.011328
2023-05-03,0.003687,0.011216,0.010684,0.009846,0.010734
2023-05-04,0.00346,0.010767,0.010684,0.009723,0.010273
2023-05-05,0.004366,0.010348,0.010684,0.009714,0.009865
2023-05-08,0.016133,0.009998,0.010684,0.009978,0.009548
2023-05-09,0.004872,0.010742,0.010684,0.009975,0.010438
2023-05-10,-0.002534,0.010377,0.010684,0.010089,0.010064
2023-05-11,0.009609,0.009966,0.010684,0.010149,0.009657
2023-05-12,0.011878,0.009986,0.010684,0.00915,0.009733
2023-05-15,-0.012546,0.01022,0.010684,0.009842,0.01003
2023-05-16,0.006268,0.010492,0.010684,0.009855,0.010346
2023-05-17,0.007165,0.010218,0.010684,0.009705,0.010058
2023-05-18,-0.002983,0.010025,0.010684,0.009567,0.00987
2023-05-19,0.013284,0.009656,0.010684,0.009543,0.009501
2023-05-22,-0.001515,0.010096,0.010684,0.009522,0.010012
2023-05-23,0.001217,0.009691,0.010684,0.008816,0.009591
2023-05-24,-0.001612,0.009315,0.010684,0.008033,0.009222
2023-05-25,0.00014,0.008977,0.010684,0.007089,0.008909
2023-05-26,-0.009489,0.008656,0.010684,0.00759,0.008625
2023-05-29,-0.012721,0.008834,0.010684,0.00791,0.008877
2023-05-30,0.014893,0.00934,0.010684,0.008393,0.00945
2023-05-31,-0.008501,0.010036,0.010684,0.008751,0.010186
2023-06-01,-0.009872,0.009957,0.010684,0.009139,0.010078
2023-06-02,-0.021536,0.010001,0.010684,0.010439,0.010106
2023-06-05,-0.00739,0.011565,0.010684,0.009847,0.011724
2023-06-06,-0.014888,0.011253,0.010684,0.010204,0.011312
2023-06-07,0.019105,0.011635,0.010684,0.011245,0.011659
2023-06-08,0.012612,0.012489,0.010684,0.011413,0.012498
2023-06-09,-0.008583,0.012473,0.010684,0.011128,0.012389
2023-06-12,0.02736,0.012147,0.010684,0.01259,0.011964
2023-06-13,0.013926,0.014185,0.010684,0.012899,0.014095
2023-06-14,-0.004577,0.01409,0.010684,0.012848,0.013863
2023-06-15,-0.033587,0.013438,0.010684,0.014877,0.013051
2023-06-16,0.037254,0.016261,0.010684,0.016958,0.016044
2023-06-19,-0.026424,0.019016,0.010684,0.017932,0.018831
2023-06-20,-0.032288,0.019623,0.010684,0.019174,0.019235
2023-06-21,0.021368,0.020897,0.010684,0.019953,0.020385
2023-06-22,0.050555,0.020721,0.010684,0.023182,0.019945
2023-06-23,0.034241,0.024736,0.010684,0.024243,0.024136
2023-06-26,0.014354,0.025455,0.010684,0.024101,0.024596
2023-06-27,0.01448,0.024347,0.010684,0.024091,0.023059
2023-06-28,0.019914,0.023334,0.010684,0.02416,0.021704
2023-06-29,0.017287,0.022778,0.010684,0.024025,0.020936
2023-06-30,0.006208,0.022079,0.010684,0.023095,0.020043
2023-07-03,0.002177,0.020891,0.010684,0.022856,0.018615
2023-07-04,-0.001234,0.01971,0.010684,0.022317,0.017244
2023-07-05,-0.014025,0.018602,0.010684,0.022769,0.016002
2023-07-06,-0.005069,0.018061,0.010684,0.022905,0.0155
2023-07-07,-0.028997,0.017128,0.010684,0.024047,0.01452
2023-07-10,-0.001808,0.01838,0.010684,0.02354,0.016242
2023-07-11,-0.017168,0.017366,0.010684,0.023887,0.01511
2023-07-12,-0.018985,0.017203,0.010684,0.024329,0.015049
2023-07-13,0.003099,0.017229,0.010684,0.022849,0.015204
2023-07-14,0.022707,0.016312,0.010684,0.02194,0.014203
2023-07-17,0.015491,0.016869,0.010684,0.02096,0.01501
2023-07-18,-0.026092,0.016614,0.010684,0.020416,0.01479
2023-07-19,-0.017373,0.017555,0.010684,0.020661,0.015975
2023-07-20,0.016358,0.017388,0.010684,0.017774,0.015796
2023-07-21,-0.016851,0.017151,0.010684,0.016487,0.015542
2023-07-24,-0.003815,0.016983,0.010684,0.016106,0.015377
2023-07-25,0.008854,0.016097,0.010684,0.015856,0.014373
2023-07-26,-0.014973,0.015462,0.010684,0.015229,0.013704
2023-07-27,0.001614,0.015315,0.010684,0.014476,0.013639
2023-07-28,-0.019362,0.014514,0.010684,0.01461,0.012785
2023-07-31,-0.008983,0.014937,0.010684,0.014503,0.013419
2023-08-01,0.004607,0.014408,0.010684,0.014669,0.012881
2023-08-02,-0.021877,0.013733,0.010684,0.014995,0.012186
2023-08-03,0.006429,0.014596,0.010684,0.015268,0.013321
2023-08-04,-0.000274,0.013971,0.010684,0.014297,0.01265
2023-08-07,0.007325,0.013258,0.010684,0.014529,0.011898
2023-08-08,0.002863,0.012787,0.010684,0.014258,0.011458
2023-08-09,0.016631,0.012191,0.010684,0.014375,0.010882
2023-08-10,0.001582,0.012637,0.010684,0.014356,0.011541
2023-08-11,-0.005166,0.012031,0.010684,0.013214,0.01093
2023-08-14,0.001415,0.011566,0.010684,0.012556,0.010503
2023-08-15,0.005999,0.011041,0.010684,0.011503,0.010018
2023-08-16,0.000523,0.010701,0.010684,0.010905,0.009762
2023-08-17,0.000416,0.010237,0.010684,0.010136,0.009363
2023-08-18,-0.006887,0.00981,0.010684,0.009579,0.009018
2023-08-21,-0.006391,0.009641,0.010684,0.009634,0.008974
2023-08-22,-0.013268,0.009459,0.010684,0.009679,0.008902
2023-08-23,0.017372,0.009929,0.010684,0.010156,0.00954
2023-08-24,-0.013507,0.010859,0.010684,0.010525,0.01062
2023-08-25,-0.007722,0.011144,0.010684,0.009782,0.010934
2023-08-28,-0.007825,0.010893,0.010684,0.009736,0.010655
2023-08-29,0.009552,0.010673,0.010684,0.009943,0.010424
2023-08-30,-0.003128,0.010605,0.010684,0.008633,0.010366
2023-08-31,0.012715,0.010191,0.010684,0.008976,0.009936
2023-09-01,-0.007062,0.010485,0.010684,0.009138,0.01029
2023-09-04,0.002862,0.010258,0.010684,0.00901,0.01006
2023-09-05,-0.008242,0.009866,0.010684,0.009168,0.009662
2023-09-06,0.020993,0.009786,0.010684,0.009637,0.009617
2023-09-07,-0.013433,0.011311,0.010684,0.01006,0.011279
2023-09-08,0.003571,0.011525,0.010684,0.010061,0.011463
2023-09-11,0.007001,0.011047,0.010684,0.010196,0.010906
2023-09-12,0.004453,0.010761,0.010684,0.010152,0.010583
2023-09-13,-0.001923,0.010378,0.010684,0.010155,0.010171
2023-09-14,-0.001292,0.009955,0.010684,0.010154,0.009737
2023-09-15,0.000419,0.009558,0.010684,0.010047,0.009349
2023-09-18,-0.001351,0.009188,0.010684,0.009947,0.009005
2023-09-19,0.008537,0.008857,0.010684,0.009604,0.008718
2023-09-20,0.019721,0.008922,0.010684,0.009826,0.008861
2023-09-21,-0.005822,0.010443,0.010684,0.009359,0.010519
2023-09-22,-0.013903,0.010149,0.010684,0.009776,0.010182
2023-09-25,-0.000934,0.010585,0.010684,0.009556,0.01063
2023-09-26,0.02614,0.010133,0.010684,0.010904,0.010123
2023-09-27,-0.010033,0.012484,0.010684,0.011196,0.012594
2023-09-28,0.020089,0.012256,0.010684,0.011675,0.012245
2023-09-29,0.022035,0.013134,0.010684,0.012222,0.013097
2023-10-02,-0.007819,0.014125,0.010684,0.012502,0.014047
2023-10-03,0.007741,0.013604,0.010684,0.012225,0.013358
2023-10-04,0.021372,0.013125,0.010684,0.012253,0.012751
2023-10-05,-0.005317,0.014025,0.010684,0.011762,0.013679
2023-10-06,-0.002729,0.013403,0.010684,0.011876,0.012916
2023-10-09,-0.007421,0.012757,0.010684,0.012139,0.012163
2023-10-10,-0.012518,0.012336,0.010684,0.012658,0.011693
2023-10-11,-0.008005,0.01233,0.010684,0.012848,0.011707
2023-10-12,-0.014664,0.011981,0.010684,0.013389,0.011337
2023-10-13,0.000417,0.012234,0.010684,0.013389,0.011652
2023-10-16,-0.00897,0.01165,0.010684,0.01359,0.011017
2023-10-17,0.002673,0.011432,0.010684,0.013491,0.010818
2023-10-18,-0.017018,0.010938,0.010684,0.013322,0.010317
2023-10-19,0.003849,0.011634,0.010684,0.013304,0.011157
2023-10-20,0.009298,0.011155,0.010684,0.01306,0.010647
2023-10-23,-0.021957,0.011013,0.010684,0.014026,0.010532
2023-10-24,0.004644,0.012415,0.010684,0.012664,0.012104
2023-10-25,0.014607,0.011898,0.010684,0.012956,0.011504
2023-10-26,-0.014705,0.012157,0.010684,0.012445,0.011781
2023-10-27,0.020723,0.01239,0.010684,0.012316,0.012019
2023-10-30,0.005586,0.013332,0.010684,0.012335,0.013016
2023-10-31,-0.009007,0.012776,0.010684,0.01227,0.012343
2023-11-01,-0.000694,0.012447,0.010684,0.010987,0.011954
2023-11-02,0.006615,0.011849,0.010684,0.01118,0.011284
2023-11-03,0.000872,0.011467,0.010684,0.011205,0.010886
2023-11-06,0.005896,0.010944,0.010684,0.011279,0.010347
2023-11-07,-0.009766,0.010608,0.010684,0.011155,0.010037
2023-11-08,0.001789,0.010565,0.010684,0.011068,0.010063
2023-11-09,-0.014313,0.010124,0.010684,0.011046,0.00964
2023-11-10,-0.00118,0.010613,0.010684,0.011041,0.010255
2023-11-13,-0.009185,0.010161,0.010684,0.011049,0.009798
2023-11-14,-0.007445,0.010122,0.010684,0.0111,0.009811
2023-11-15,0.012308,0.009957,0.010684,0.010887,0.009681
2023-11-16,0.011176,0.010241,0.010684,0.011147,0.010038
2023-11-17,0.006317,0.01037,0.010684,0.01104,0.010202
2023-11-20,-0.011044,0.010111,0.010684,0.010123,0.009938
2023-11-21,-0.003241,0.010244,0.010684,0.010113,0.010106
2023-11-22,0.011965,0.009864,0.010684,0.009931,0.009713
2023-11-23,0.001435,0.010124,0.010684,0.009298,0.010024
2023-11-24,0.022533,0.009715,0.010684,0.009507,0.0096
2023-11-27,0.004532,0.011522,0.010684,0.009483,0.011546
2023-11-28,0.002127,0.011076,0.010684,0.009188,0.011012
2023-11-29,-0.003277,0.0106,0.010684,0.009239,0.010475
2023-11-30,0.001361,0.01019,0.010684,0.009158,0.010034
2023-12-01,-0.00149,0.009775,0.010684,0.009177,0.009608
2023-12-04,0.006653,0.009396,0.010684,0.009199,0.009241
2023-12-05,0.008855,0.009256,0.010684,0.008985,0.009144
2023-12-06,-0.007308,0.009298,0.010684,0.009223,0.00924
2023-12-07,-0.012265,0.009213,0.010684,0.009048,0.009191
2023-12-08,-0.017635,0.009604,0.010684,0.010014,0.009641
2023-12-11,0.005404,0.010637,0.010684,0.009776,0.010736
2023-12-12,-0.011371,0.010305,0.010684,0.010003,0.010347
2023-12-13,-0.022487,0.010445,0.010684,0.010975,0.010476
2023-12-14,0.004687,0.012063,0.010684,0.010708,0.012156
2023-12-15,0.028862,0.011577,0.010684,0.01252,0.011551
2023-12-18,-8.5e-05,0.014033,0.010684,0.012229,0.014093
2023-12-19,0.011164,0.013315,0.010684,0.012391,0.01318
2023-12-20,0.001071,0.013085,0.010684,0.012153,0.012838
2023-12-21,-0.00123,0.012441,0.010684,0.012164,0.012069
2023-12-22,0.010888,0.011847,0.010684,0.011329,0.01139
2023-12-25,-0.003412,0.011755,0.010684,0.011317,0.011296
2023-12-26,0.003009,0.011254,0.010684,0.011327,0.010755
2023-12-27,0.003469,0.010782,0.010684,0.011323,0.010271
2023-12-28,-0.006923,0.010363,0.010684,0.011437,0.009863
2023-12-29,0.010059,0.01014,0.010684,0.011648,0.009689
2024-01-01,-0.001781,0.010178,0.010684,0.011569,0.009802
2024-01-02,-0.007383,0.009769,0.010684,0.011495,0.009414
2024-01-03,0.005171,0.009638,0.010684,0.011454,0.009342
2024-01-04,-0.008436,0.009389,0.010684,0.011269,0.009139
2024-01-05,0.000264,0.00938,0.010684,0.010464,0.009198
2024-01-08,-8.2e-05,0.009024,0.010684,0.010416,0.008875
2024-01-09,0.009445,0.008698,0.010684,0.010176,0.008595
2024-01-10,0.004209,0.008866,0.010684,0.00842,0.008849
2024-01-11,-0.000216,0.008647,0.010684,0.008444,0.008671
2024-01-12,0.006832,0.008355,0.010684,0.005948,0.008421
2024-01-15,0.0116,0.008344,0.010684,0.006315,0.008472
2024-01-16,0.004907,0.008797,0.010684,0.006005,0.008992
2024-01-17,8.9e-05,0.008618,0.010684,0.006017,0.008827
2024-01-18,-0.010925,0.008328,0.010684,0.00665,0.008555
2024-01-19,-0.009271,0.008705,0.010684,0.006687,0.008977
2024-01-22,-0.002703,0.008855,0.010684,0.006666,0.009142
2024-01-23,-0.005231,0.008583,0.010684,0.006761,0.008865
2024-01-24,-0.001579,0.008443,0.010684,0.006725,0.008737
2024-01-25,0.000464,0.008183,0.010684,0.006531,0.008492
2024-01-26,0.004202,0.007934,0.010684,0.006191,0.008268
2024-01-29,-0.000551,0.007809,0.010684,0.006179,0.008179
2024-01-30,0.003695,0.007595,0.010684,0.005972,0.008002
2024-01-31,0.000482,0.007483,0.010684,0.005874,0.007932
2024-02-01,-0.014422,0.0073,0.010684,0.006468,0.007792
2024-02-02,-0.007838,0.008344,0.010684,0.006704,0.008867
2024-02-05,-0.001212,0.008414,0.010684,0.006706,0.008922
2024-02-06,-0.00986,0.00815,0.010684,0.006603,0.008645
2024-02-07,0.005062,0.008438,0.010684,0.006644,0.008931
2024-02-08,0.012713,0.008305,0.010684,0.007349,0.008784
2024-02-09,0.010849,0.008902,0.010684,0.007615,0.009376
2024-02-12,-0.00196,0.009183,0.010684,0.007067,0.009628
2024-02-13,0.013212,0.008863,0.010684,0.007661,0.009266
2024-02-14,0.001401,0.009425,0.010684,0.007674,0.009818
2024-02-15,-0.003059,0.009075,0.010684,0.007314,0.009421
2024-02-16,-0.005393,0.008793,0.010684,0.007112,0.009115
2024-02-19,-0.002613,0.00864,0.010684,0.00711,0.008959
2024-02-20,-0.003255,0.008385,0.010684,0.007048,0.008705
2024-02-21,0.001393,0.008175,0.010684,0.007044,0.008509
2024-02-22,0.001274,0.007936,0.010684,0.007048,0.008293
2024-02-23,2.4e-05,0.007718,0.010684,0.006985,0.008107
2024-02-26,0.003282,0.007511,0.010684,0.007022,0.007939
2024-02-27,0.008799,0.00739,0.010684,0.007245,0.007861
2024-02-28,0.007296,0.007683,0.010684,0.007405,0.008193
2024-02-29,-0.011573,0.007794,0.010684,0.007119,0.008322
2024-03-01,-0.021292,0.008337,0.010684,0.008494,0.008871
2024-03-04,0.009618,0.010294,0.010684,0.008737,0.010813
2024-03-05,-0.014045,0.010275,0.010684,0.00905,0.010699
2024-03-06,-0.002407,0.010708,0.010684,0.00901,0.011062
2024-03-07,-0.012014,0.010267,0.010684,0.0089,0.010524
2024-03-08,-0.018879,0.010477,0.010684,0.009287,0.010689
2024-03-11,0.006237,0.011518,0.010684,0.009491,0.011719
2024-03-12,0.008462,0.011147,0.010684,0.009141,0.011241
2024-03-13,-0.00631,0.010944,0.010684,0.009138,0.01097
2024-03-14,-0.027542,0.01063,0.010684,0.010693,0.010597
2024-03-15,-0.007158,0.013104,0.010684,0.010713,0.013188
2024-03-18,0.004951,0.012638,0.010684,0.010897,0.01257
2024-03-19,-0.017916,0.012114,0.010684,0.011353,0.011925
2024-03-20,0.002334,0.012729,0.010684,0.01138,0.01254
2024-03-21,-0.000186,0.012127,0.010684,0.011346,0.011822
2024-03-22,0.006691,0.011551,0.010684,0.011579,0.011167
2024-03-25,0.001339,0.0112,0.010684,0.011522,0.010789
2024-03-26,-0.010415,0.010703,0.010684,0.011179,0.010266
2024-03-27,0.012808,0.010704,0.010684,0.011563,0.010314
2024-03-28,-0.001734,0.010936,0.010684,0.011472,0.010606
2024-03-29,-0.000286,0.010465,0.010684,0.010782,0.010112
2024-04-01,-0.00935,0.010019,0.010684,0.010412,0.009667
2024-04-02,-0.004437,0.01001,0.010684,0.010155,0.009718
2024-04-03,-0.008576,0.009692,0.010684,0.010205,0.009424
2024-04-04,-0.00167,0.009659,0.010684,0.010043,0.009447
2024-04-05,0.015906,0.009292,0.010684,0.010264,0.009104
2024-04-08,-0.013907,0.010137,0.010684,0.010417,0.010068
2024-04-09,-0.017063,0.010575,0.010684,0.010521,0.01054
2024-04-10,0.016684,0.011341,0.010684,0.011483,0.011335
2024-04-11,-0.002496,0.011926,0.010684,0.009922,0.011907
2024-04-12,-0.007621,0.01139,0.010684,0.009936,0.011267
2024-04-15,0.011551,0.011108,0.010684,0.010274,0.010933
2024-04-16,-0.00676,0.011162,0.010684,0.009613,0.010979
2024-04-17,0.019814,0.010851,0.010684,0.010656,0.010631
2024-04-18,0.008106,0.011956,0.010684,0.010808,0.011821
2024-04-19,-0.005684,0.01165,0.010684,0.010785,0.011442
2024-04-22,0.024248,0.01124,0.010684,0.012093,0.010972
2024-04-23,-0.007853,0.012965,0.010684,0.01198,0.012824
2024-04-24,0.009312,0.012549,0.010684,0.011824,0.012293
2024-04-25,0.00367,0.012263,0.010684,0.011822,0.011933
2024-04-26,0.015267,0.011728,0.010684,0.012225,0.011321
2024-04-29,0.018869,0.012084,0.010684,0.012477,0.011712
2024-04-30,0.000411,0.012827,0.010684,0.012364,0.012505
2024-05-01,-0.009191,0.012199,0.010684,0.012397,0.011771
2024-05-02,0.005492,0.01194,0.010684,0.012341,0.011476
2024-05-03,-0.007791,0.011496,0.010684,0.012269,0.010993
2024-05-06,0.022579,0.011215,0.010684,0.012373,0.01071
2024-05-07,0.00173,0.012671,0.010684,0.011311,0.012341
2024-05-08,-0.004408,0.012065,0.010684,0.011198,0.011636
2024-05-09,0.002137,0.011569,0.010684,0.011094,0.011086
2024-05-10,-0.014891,0.011054,0.010684,0.011625,0.01054
2024-05-13,-0.011141,0.011467,0.010684,0.011985,0.01104
2024-05-14,0.013733,0.01144,0.010684,0.011965,0.011027
2024-05-15,-0.007665,0.011668,0.010684,0.011654,0.011291
2024-05-16,-0.011895,0.011362,0.010684,0.012031,0.010957
2024-05-17,0.006127,0.011417,0.010684,0.011931,0.011033
2024-05-20,0.013101,0.011049,0.010684,0.011089,0.010641
2024-05-21,0.008098,0.011264,0.010684,0.010925,0.010905
2024-05-22,0.010981,0.011025,0.010684,0.010984,0.010656
2024-05-23,-0.008353,0.011037,0.010684,0.011258,0.010692
2024-05-24,-0.015411,0.010839,0.010684,0.011466,0.010495
2024-05-27,0.017036,0.011347,0.010684,0.011319,0.011072
2024-05-28,-0.003864,0.011976,0.010684,0.011361,0.011747
2024-05-29,-0.002877,0.01147,0.010684,0.011169,0.011164
2024-05-30,0.014581,0.010978,0.010684,0.011556,0.010624
2024-05-31,0.006322,0.011366,0.010684,0.011415,0.011068
2024-06-03,0.005021,0.011013,0.010684,0.010358,0.010682
2024-06-04,0.023014,0.01063,0.010684,0.011479,0.010282
2024-06-05,-0.00791,0.012293,0.010684,0.011608,0.012112
2024-06-06,0.01108,0.011942,0.010684,0.011792,0.011679
2024-06-07,0.000676,0.011855,0.010684,0.011094,0.011557
2024-06-10,0.003035,0.011301,0.010684,0.010581,0.010935
2024-06-11,0.016549,0.010827,0.010684,0.010739,0.010428
2024-06-12,0.00583,0.01148,0.010684,0.010394,0.011176
2024-06-13,0.005971,0.011093,0.010684,0.009646,0.010749
2024-06-14,0.011526,0.010747,0.010684,0.009741,0.010388
2024-06-17,-0.003957,0.010844,0.010684,0.009807,0.010525
2024-06-18,-0.008757,0.010435,0.010684,0.01023,0.010102
2024-06-19,-0.010793,0.010331,0.010684,0.010603,0.010028
2024-06-20,-0.020473,0.010411,0.010684,0.011583,0.010155
2024-06-21,0.024077,0.011709,0.010684,0.011764,0.011576
2024-06-24,-0.01467,0.013298,0.010684,0.01209,0.013229
2024-06-25,-0.00296,0.013378,0.010684,0.012065,0.01321
2024-06-26,-0.003526,0.012739,0.010684,0.012082,0.012428
2024-06-27,0.003739,0.012163,0.010684,0.011762,0.011752
2024-06-28,0.009494,0.011638,0.010684,0.011841,0.011164
2024-07-01,0.00986,0.011459,0.010684,0.011948,0.010985
2024-07-02,-0.006604,0.011327,0.010684,0.011088,0.010864
2024-07-03,-0.001837,0.010992,0.010684,0.010909,0.010523
2024-07-04,0.002972,0.010518,0.010684,0.010679,0.010041
2024-07-05,-0.002513,0.010107,0.010684,0.010708,0.009649
2024-07-08,0.015622,0.009719,0.010684,0.011202,0.009297
2024-07-09,0.005128,0.010445,0.010684,0.010672,0.010172
2024-07-10,0.007435,0.010118,0.010684,0.010717,0.009847
2024-07-11,0.006597,0.009953,0.010684,0.010733,0.009711
2024-07-12,0.011443,0.009751,0.010684,0.010729,0.009537
2024-07-15,0.001805,0.009973,0.010684,0.010666,0.009823
2024-07-16,-0.012427,0.009582,0.010684,0.010877,0.009432
2024-07-17,0.003971,0.009935,0.010684,0.010521,0.009852
2024-07-18,-0.006257,0.009606,0.010684,0.009348,0.00952
2024-07-19,-0.004979,0.009419,0.010684,0.007988,0.009353
2024-07-22,0.005384,0.009182,0.010684,0.007114,0.009138
2024-07-23,0.011131,0.008989,0.010684,0.00728,0.008977
2024-07-24,0.000198,0.009287,0.010684,0.007156,0.009337
2024-07-25,0.002761,0.008939,0.010684,0.007154,0.008995
2024-07-26,0.014742,0.008661,0.010684,0.007494,0.00874
2024-07-29,0.002278,0.009464,0.010684,0.007331,0.009621
2024-07-30,0.023743,0.009126,0.010684,0.008343,0.009267
2024-07-31,0.006399,0.011315,0.010684,0.008224,0.01155
2024-08-01,-0.019316,0.01097,0.010684,0.009833,0.011103
2024-08-02,0.009024,0.011979,0.010684,0.00979,0.012101
2024-08-05,0.004471,0.01173,0.010684,0.009418,0.011747
2024-08-06,0.014528,0.011264,0.010684,0.009724,0.011185
2024-08-07,0.007812,0.011604,0.010684,0.009731,0.011513
2024-08-08,-0.001566,0.011313,0.010684,0.009795,0.011157
2024-08-09,-0.013234,0.01081,0.010684,0.010316,0.010592
2024-08-12,-0.002314,0.011072,0.010684,0.010372,0.01088
2024-08-13,-0.009016,0.0106,0.010684,0.010142,0.010363
2024-08-14,-0.006094,0.010497,0.010684,0.010313,0.010269
2024-08-15,0.006011,0.010213,0.010684,0.010161,0.009982
2024-08-16,0.016619,0.009952,0.010684,0.010457,0.009732
2024-08-19,0.004251,0.010771,0.010684,0.01045,0.01065
2024-08-20,-0.012412,0.010379,0.010684,0.010877,0.010221
2024-08-21,0.004719,0.010614,0.010684,0.010875,0.010485
2024-08-22,0.01227,0.010254,0.010684,0.011085,0.010098
2024-08-23,-0.006398,0.010492,0.010684,0.010928,0.01037
2024-08-26,-0.00137,0.010225,0.010684,0.010955,0.010086
2024-08-27,0.000144,0.009807,0.010684,0.009675,0.009654
2024-08-28,-0.00739,0.009415,0.010684,0.009741,0.009269
2024-08-29,0.006044,0.009323,0.010684,0.008682,0.009221
2024-08-30,-0.001107,0.009153,0.010684,0.008501,0.009087
2024-09-02,0.003701,0.008822,0.010684,0.008486,0.008785
2024-09-03,-0.00762,0.008586,0.010684,0.008027,0.008594
2024-09-04,-0.003766,0.008608,0.010684,0.007823,0.008679
2024-09-05,0.006065,0.008396,0.010684,0.007974,0.008507
2024-09-06,-0.003105,0.008327,0.010684,0.007429,0.008489
2024-09-09,0.014018,0.008117,0.010684,0.008038,0.00832
2024-09-10,-0.003567,0.008925,0.010684,0.007777,0.009199
2024-09-11,0.001949,0.008675,0.010684,0.007594,0.008943
2024-09-12,0.007834,0.0084,0.010684,0.007662,0.008675
2024-09-13,-0.012003,0.008463,0.010684,0.007365,0.008763
2024-09-16,-0.015748,0.008944,0.010684,0.008095,0.009271
2024-09-17,-0.015004,0.009834,0.010684,0.008308,0.010171
2024-09-18,0.013204,0.010458,0.010684,0.008817,0.010763
2024-09-19,-0.005942,0.010767,0.010684,0.008346,0.011015
2024-09-20,0.026733,0.01045,0.010684,0.010367,0.010616
2024-09-23,-0.007235,0.012822,0.010684,0.010495,0.013042
2024-09-24,0.002286,0.012385,0.010684,0.010509,0.012447
2024-09-25,0.018211,0.011809,0.010684,0.011107,0.011739
2024-09-26,0.025102,0.012513,0.010684,0.012295,0.012434
2024-09-27,0.029044,0.014089,0.010684,0.013642,0.014034
2024-09-30,0.019281,0.015956,0.010684,0.01408,0.015891
2024-10-01,0.01656,0.016171,0.010684,0.014023,0.015935
