Date,Close,Regime
2023-01-02,100.61821928306864,Uptrend
2023-01-03,100.51395062257362,Uptrend
2023-01-04,101.30862797355417,Uptrend
2023-01-05,103.12811681032439,Uptrend
2023-01-06,102.90929513476816,Uptrend
2023-01-09,102.69095688141138,Uptrend
2023-01-10,104.60188807424909,Uptrend
2023-01-11,105.57213318580943,Uptrend
2023-01-12,105.06740109156883,Uptrend
2023-01-13,105.77191858423237,Uptrend
2023-01-16,105.27346089042565,Uptrend
2023-01-17,104.77460537498159,Uptrend
2023-01-18,105.11825705317216,Uptrend
2023-01-19,102.91695157945952,Uptrend
2023-01-20,100.97718399156047,Uptrend
2023-01-23,100.38871508002599,Uptrend
2023-01-24,99.29511031526458,Uptrend
2023-01-25,99.70247593443463,Uptrend
2023-01-26,98.7336122045623,Uptrend
2023-01-27,97.21668676855191,Uptrend
2023-01-30,98.89831673580314,Uptrend
2023-01-31,98.6978446081942,Uptrend
2023-02-01,98.82590419937787,Uptrend
2023-02-02,97.29383097752849,Uptrend
2023-02-03,96.746467304464,Uptrend
2023-02-06,96.91967221438729,Uptrend
2023-02-07,95.71379398758098,Uptrend
2023-02-08,96.17345589597143,Uptrend
2023-02-09,95.5714125240909,Uptrend
2023-02-10,95.30642235490275,Uptrend
2023-02-13,94.70865974714224,Uptrend
2023-02-14,96.77021521083878,Uptrend
2023-02-15,96.80679238332216,Uptrend
2023-02-16,95.70349314975805,Uptrend
2023-02-17,96.65157813231828,Uptrend
2023-02-20,95.3734674138607,Uptrend
2023-02-21,95.6503794895941,Uptrend
2023-02-22,93.59809635334169,Uptrend
2023-02-23,92.2480166860628,Uptrend
2023-02-24,92.50326418021727,Uptrend
2023-02-27,93.33062616110828,Uptrend
2023-02-28,93.56182003958409,Uptrend
2023-03-01,93.48883513325848,Uptrend
2023-03-02,93.21967235770612,Uptrend
2023-03-03,91.71856982678426,Uptrend
2023-03-06,91.02130057012526,Uptrend
2023-03-07,90.59521082467467,Uptrend
2023-03-08,91.73637208161092,Uptrend
2023-03-09,92.14340931468966,Uptrend
2023-03-10,90.36762894422183,Uptrend
2023-03-13,90.74849015095819,Uptrend
2023-03-14,90.40109365667504,Uptrend
2023-03-15,89.7575138520923,Uptrend
2023-03-16,90.4302154477454,Uptrend
2023-03-17,91.54217923831708,Uptrend
2023-03-20,92.56309477923726,Uptrend
2023-03-21,91.73515154585071,Uptrend
2023-03-22,91.46262797583728,Uptrend
2023-03-23,91.85558156285427,Uptrend
2023-03-24,92.92662213606434,Uptrend
2023-03-27,92.47217603655731,Uptrend
2023-03-28,92.32671877405939,Uptrend
2023-03-29,91.22416873630259,Uptrend
2023-03-30,90.04298021118802,Uptrend
2023-03-31,90.92465926591107,Uptrend
2023-04-03,92.38277211185722,Uptrend
2023-04-04,92.35639453205675,Uptrend
2023-04-05,93.46293050339806,Uptrend
2023-04-06,93.89680987050306,Uptrend
2023-04-07,93.26196804042793,Uptrend
2023-04-10,93.69465906573824,Uptrend
2023-04-11,95.39363289119335,Uptrend
2023-04-12,95.40553144008942,Uptrend
2023-04-13,97.16483849582053,Uptrend
2023-04-14,94.3710863152024,Uptrend
2023-04-17,95.30527760570097,Uptrend
2023-04-18,95.45005833693955,Uptrend
2023-04-19,95.17751139612072,Uptrend
2023-04-20,95.32719298684798,Uptrend
2023-04-21,93.25233981958516,Uptrend
2023-04-24,93.06975422217187,Uptrend
2023-04-25,93.49701267061401,Uptrend
2023-04-26,95.12750802746348,Uptrend
2023-04-27,94.62034363320986,Uptrend
2023-04-28,93.8066734064368,Uptrend
2023-05-01,93.32402345445976,Uptrend
2023-05-02,94.34782297060553,Uptrend
2023-05-03,94.7504731060033,Uptrend
2023-05-04,94.23304096692127,Uptrend
2023-05-05,94.83340603030356,Uptrend
2023-05-08,94.98827280269106,Uptrend
2023-05-09,96.0883224457944,Uptrend
2023-05-10,95.37707184672335,Uptrend
2023-05-11,95.07383739026105,Uptrend
2023-05-12,94.70233808107756,Uptrend
2023-05-15,93.19321717314375,Uptrend
2023-05-16,93.55631763787726,Uptrend
2023-05-17,93.8834973387952,Uptrend
2023-05-18,93.93880476282617,Uptrend
2023-05-19,93.7390203215047,Uptrend
2023-05-22,92.29562107754087,Uptrend
2023-05-23,91.90523399099425,Uptrend
2023-05-24,91.59740264589405,Uptrend
2023-05-25,90.81612873805653,Uptrend
2023-05-26,90.69833896227846,Uptrend
2023-05-29,91.16321777650106,Uptrend
2023-05-30,93.18341843343207,Uptrend
2023-05-31,93.41764731198352,Uptrend
2023-06-01,93.7406165851122,Uptrend
2023-06-02,93.71126303076848,Uptrend
2023-06-05,91.74312176341176,Uptrend
2023-06-06,91.76425385722068,Uptrend
2023-06-07,91.8757140088841,Uptrend
2023-06-08,94.52820178992144,Uptrend
2023-06-09,94.37233848402406,Uptrend
2023-06-12,94.74586326419681,Uptrend
2023-06-13,94.75887825166203,Uptrend
2023-06-14,93.56112167361998,Uptrend
2023-06-15,94.83175063773108,Uptrend
2023-06-16,95.6945499082377,Uptrend
2023-06-19,96.60801981686096,Uptrend
2023-06-20,95.66774765224385,Uptrend
2023-06-21,97.25324711355684,Uptrend
2023-06-22,95.77041594777705,Uptrend
2023-06-23,96.46103197558,Uptrend
2023-06-26,98.93939565998411,Uptrend
2023-06-27,97.88632180715695,Uptrend
2023-06-28,97.3114406531601,Uptrend
2023-06-29,97.47319880413977,Uptrend
2023-06-30,96.96979431833569,Uptrend
2023-07-03,95.33029137735375,Uptrend
2023-07-04,95.45510158393708,Uptrend
2023-07-05,94.36229320186798,Uptrend
2023-07-06,94.92076991366679,Uptrend
2023-07-07,93.98622267263345,Uptrend
2023-07-10,95.70339380758179,Uptrend
2023-07-11,94.90756858089294,Uptrend
2023-07-12,94.6118349774394,Uptrend
2023-07-13,95.53932513764205,Uptrend
2023-07-14,94.26521137207199,Uptrend
2023-07-17,94.55884251006106,Uptrend
2023-07-18,96.02176368565944,Uptrend
2023-07-19,94.33749047138305,Uptrend
2023-07-20,94.58540473385392,Uptrend
2023-07-21,94.9149214291233,Uptrend
2023-07-24,95.81094404447056,Uptrend
2023-07-25,94.52668414885663,Uptrend
2023-07-26,93.17137583920857,Uptrend
2023-07-27,93.77419970942798,Uptrend
2023-07-28,94.1404865024499,Uptrend
2023-07-31,94.45839548574523,Uptrend
2023-08-01,94.8805549287768,Uptrend
2023-08-02,94.20177090209947,Uptrend
2023-08-03,94.5003409622632,Uptrend
2023-08-04,94.8652557670131,Uptrend
2023-08-07,94.14992825661562,Uptrend
2023-08-08,96.21404451239422,Uptrend
2023-08-09,96.78374460593106,Uptrend
2023-08-10,95.53588088362254,Uptrend
2023-08-11,96.3008806405159,Uptrend
2023-08-14,95.2930199050895,Uptrend
2023-08-15,96.19835112907263,Uptrend
2023-08-16,97.52223554736206,Uptrend
2023-08-17,96.67024960268046,Uptrend
2023-08-18,97.78393594336691,Uptrend
2023-08-21,98.29486203114061,Uptrend
2023-08-22,99.26807272860822,Uptrend
2023-08-23,101.48008366284647,Uptrend
2023-08-24,101.25185955974894,Uptrend
2023-08-25,100.44350794506042,Uptrend
2023-08-28,99.48832158378609,Uptrend
2023-08-29,98.62460750688697,Uptrend
2023-08-30,98.59075560570423,Uptrend
2023-08-31,99.0254366361564,Uptrend
2023-09-01,99.38936182051957,Uptrend
2023-09-04,100.37923998322633,Uptrend
2023-09-05,100.44735835222451,Uptrend
2023-09-06,102.17083573366894,Uptrend
2023-09-07,101.91878782639412,Uptrend
2023-09-08,105.16715849069143,Uptrend
2023-09-11,105.97216053762946,Uptrend
2023-09-12,105.00291612990898,Uptrend
2023-09-13,103.79069210319759,Uptrend
2023-09-14,104.41548316226846,Uptrend
2023-09-15,104.20656103963498,Uptrend
2023-09-18,105.10943549022994,Uptrend
2023-09-19,105.73109305102169,Uptrend
2023-09-20,105.69992284780852,Uptrend
2023-09-21,104.74547681417123,Uptrend
2023-09-22,103.01633588614496,Uptrend
2023-09-25,102.55051692470961,Uptrend
2023-09-26,103.60619518962288,Uptrend
2023-09-27,103.9131728942341,Uptrend
2023-09-28,102.5100945118921,Uptrend
2023-09-29,102.76613948019539,Uptrend
2023-10-02,103.27093350131406,Uptrend
2023-10-03,102.29542066214117,Uptrend
2023-10-04,102.52830834107286,Uptrend
2023-10-05,102.65048996287616,Uptrend
2023-10-06,101.38253158573778,Uptrend
2023-10-09,101.84873106157995,Uptrend
2023-10-10,102.55285609855105,Uptrend
2023-10-11,103.87517460335607,Uptrend
2023-10-12,105.17965400152352,Uptrend
2023-10-13,103.60437189080722,Uptrend
2023-10-16,102.5629282787425,Uptrend
2023-10-17,103.21843264566917,Uptrend
2023-10-18,103.87665498050377,Uptrend
2023-10-19,104.54057041239639,Uptrend
2023-10-20,109.26674022914383,Uptrend
2023-10-23,110.03475750397847,Uptrend
2023-10-24,111.51993338047897,Uptrend
2023-10-25,112.7927050273505,Uptrend
2023-10-26,113.68923304983785,Uptrend
2023-10-27,113.34370452893542,Uptrend
2023-10-30,114.38405498494737,Uptrend
2023-10-31,113.44630347759266,Uptrend
2023-11-01,113.20216710761973,Uptrend
2023-11-02,112.64066055557471,Uptrend
2023-11-03,112.80515908183672,Uptrend
2023-11-06,115.86651411410409,Uptrend
2023-11-07,113.49933108126619,Uptrend
2023-11-08,114.44671630097294,Uptrend
2023-11-09,112.43258843285699,Uptrend
2023-11-10,111.89193910482369,Uptrend
2023-11-13,113.34225740634311,Uptrend
2023-11-14,113.48513815134277,Uptrend
2023-11-15,112.16627428630636,Uptrend
2023-11-16,111.31928713772564,Uptrend
2023-11-17,112.23999592046786,Uptrend
2023-11-20,111.37342816077702,Uptrend
2023-11-21,111.70641496606025,Uptrend
2023-11-22,111.82350981830645,Uptrend
2023-11-23,111.05930324752417,Uptrend
2023-11-24,113.85267811859467,Uptrend
2023-11-27,114.73489816907305,Uptrend
2023-11-28,112.18981659396677,Uptrend
2023-11-29,112.48696782295336,Uptrend
2023-11-30,111.70532447431698,Uptrend
2023-12-01,112.85017008446147,Uptrend
2023-12-04,111.90000078339637,Uptrend
2023-12-05,111.81386685710045,Uptrend
2023-12-06,112.51567616713537,Uptrend
2023-12-07,113.68599852990621,Uptrend
2023-12-08,112.20876613812776,Uptrend
2023-12-11,111.84334473768624,Uptrend
2023-12-12,111.3017257158022,Uptrend
2023-12-13,110.53891804507795,Uptrend
2023-12-14,112.8339174274626,Uptrend
2023-12-15,113.41345030258319,Uptrend
2023-12-18,111.86288338952389,Uptrend
2023-12-19,113.09321548195912,Uptrend
2023-12-20,116.457533021488,Choppy/Sideways
2023-12-21,118.12451440496771,Choppy/Sideways
2023-12-22,115.65212404894784,Choppy/Sideways
2023-12-25,114.86756654251454,Choppy/Sideways
2023-12-26,116.89096484882845,Choppy/Sideways
2023-12-27,115.73905916287612,Choppy/Sideways
2023-12-28,116.44195338289165,Choppy/Sideways
2023-12-29,117.68743825490944,Choppy/Sideways
2024-01-01,116.17413173255605,Choppy/Sideways
2024-01-02,116.06718744133877,Choppy/Sideways
2024-01-03,110.95818855789314,Choppy/Sideways
2024-01-04,109.38357489691367,Choppy/Sideways
2024-01-05,108.99090554130977,Choppy/Sideways
2024-01-08,107.11207992024593,Choppy/Sideways
2024-01-09,109.55238367465262,Choppy/Sideways
2024-01-10,107.39212939895314,Choppy/Sideways
2024-01-11,106.72894767886122,Choppy/Sideways
2024-01-12,106.91223706602597,Choppy/Sideways
2024-01-15,109.05871665759109,Choppy/Sideways
2024-01-16,106.89972135108894,Choppy/Sideways
2024-01-17,108.62646975689121,Choppy/Sideways
2024-01-18,108.63144334991028,Choppy/Sideways
2024-01-19,107.1535053839889,Choppy/Sideways
2024-01-22,107.83157903871096,Choppy/Sideways
2024-01-23,108.11908222575704,Choppy/Sideways
2024-01-24,107.21315729939411,Choppy/Sideways
2024-01-25,107.3066165037796,Choppy/Sideways
2024-01-26,106.7248828607856,Choppy/Sideways
2024-01-29,106.88265023577752,Choppy/Sideways
2024-01-30,107.85758965940988,Choppy/Sideways
2024-01-31,110.24397210124646,Choppy/Sideways
2024-02-01,108.35851316852171,Choppy/Sideways
2024-02-02,111.59880345042066,Choppy/Sideways
2024-02-05,108.60971957797379,Choppy/Sideways
2024-02-06,108.37108684786631,Choppy/Sideways
2024-02-07,109.24779003873705,Choppy/Sideways
2024-02-08,109.66351847799882,Choppy/Sideways
2024-02-09,108.7107753936337,Choppy/Sideways
2024-02-12,108.3872631890589,Choppy/Sideways
2024-02-13,107.6389102041054,Choppy/Sideways
2024-02-14,106.75306267050499,Choppy/Sideways
2024-02-15,108.00707004898788,Choppy/Sideways
2024-02-16,108.53236530267479,Choppy/Sideways
2024-02-19,107.48481374560953,Choppy/Sideways
2024-02-20,108.82279450149296,Choppy/Sideways
2024-02-21,109.27673959776921,Choppy/Sideways
2024-02-22,110.50411260528145,Choppy/Sideways
2024-02-23,111.46186809464145,Choppy/Sideways
2024-02-26,110.17805285886617,Choppy/Sideways
2024-02-27,109.31551220266192,Choppy/Sideways
2024-02-28,110.44291624825925,Choppy/Sideways
2024-02-29,111.37041274504777,Choppy/Sideways
2024-03-01,111.32746539177168,Choppy/Sideways
2024-03-04,111.49792376744387,Choppy/Sideways
2024-03-05,113.47887646478645,Choppy/Sideways
2024-03-06,112.54152544188628,Choppy/Sideways
2024-03-07,113.38717547561137,Choppy/Sideways
2024-03-08,113.05903719486432,Choppy/Sideways
2024-03-11,112.70765311146579,Choppy/Sideways
2024-03-12,114.42606681538042,Choppy/Sideways
2024-03-13,115.73140977649925,Choppy/Sideways
2024-03-14,117.03233047482827,Choppy/Sideways
2024-03-15,119.15753359899497,Choppy/Sideways
2024-03-18,119.18077803591059,Choppy/Sideways
2024-03-19,120.30093938364877,Choppy/Sideways
2024-03-20,119.77326615382749,Choppy/Sideways
2024-03-21,120.30100757031806,Choppy/Sideways
2024-03-22,120.07269529385003,Choppy/Sideways
2024-03-25,120.22266432636354,Choppy/Sideways
2024-03-26,121.206733472537,Choppy/Sideways
2024-03-27,119.82856834518459,Choppy/Sideways
2024-03-28,123.34235395537253,Choppy/Sideways
2024-03-29,121.62295572099448,Choppy/Sideways
2024-04-01,119.58203582067007,Choppy/Sideways
2024-04-02,121.50513246600424,Choppy/Sideways
2024-04-03,122.83375875178913,Choppy/Sideways
2024-04-04,123.88891808721458,Choppy/Sideways
2024-04-05,124.96045918414121,Choppy/Sideways
2024-04-08,124.92725459666427,Choppy/Sideways
2024-04-09,123.37158236180831,Choppy/Sideways
2024-04-10,123.4893993093087,Choppy/Sideways
2024-04-11,122.32417659625484,Choppy/Sideways
2024-04-12,123.97656593950842,Choppy/Sideways
2024-04-15,123.71227517441089,Choppy/Sideways
2024-04-16,122.29328807283632,Choppy/Sideways
2024-04-17,121.73811504377903,Choppy/Sideways
2024-04-18,122.42502475453607,Choppy/Sideways
2024-04-19,121.460642477977,Choppy/Sideways
2024-04-22,120.07293438826662,Choppy/Sideways
2024-04-23,120.46755942410984,Choppy/Sideways
2024-04-24,120.8656243723459,Choppy/Sideways
2024-04-25,120.0079250069994,Choppy/Sideways
2024-04-26,119.21561844433518,Choppy/Sideways
2024-04-29,119.58813744680111,Choppy/Sideways
2024-04-30,117.20084148308992,Choppy/Sideways
2024-05-01,114.92588137439753,Choppy/Sideways
2024-05-02,113.77634984829446,Choppy/Sideways
2024-05-03,113.42939204309728,Choppy/Sideways
2024-05-06,113.90824876091204,Choppy/Sideways
2024-05-07,116.25008462785576,Choppy/Sideways
2024-05-08,117.62878616726186,Choppy/Sideways
2024-05-09,117.35707549371293,Choppy/Sideways
2024-05-10,117.31488480617246,Choppy/Sideways
2024-05-13,115.68510178593924,Choppy/Sideways
2024-05-14,115.64431844489532,Choppy/Sideways
2024-05-15,115.17155459583668,Choppy/Sideways
2024-05-16,115.67669906726377,Choppy/Sideways
2024-05-17,114.34713299264648,Choppy/Sideways
2024-05-20,115.16205177915509,Choppy/Sideways
2024-05-21,117.62316711156441,Choppy/Sideways
2024-05-22,117.43473231382058,Choppy/Sideways
2024-05-23,118.07899846881065,Choppy/Sideways
2024-05-24,119.20233507237926,Choppy/Sideways
2024-05-27,118.52997938139636,Choppy/Sideways
2024-05-28,118.88724432874062,Choppy/Sideways
2024-05-29,118.89657526604654,Choppy/Sideways
2024-05-30,119.0461974381286,Choppy/Sideways
2024-05-31,117.76636347214273,Choppy/Sideways
2024-06-03,117.79506042927258,Choppy/Sideways
2024-06-04,118.59945773653006,Choppy/Sideways
2024-06-05,120.99713197926654,Choppy/Sideways
2024-06-06,122.60466274643645,Choppy/Sideways
2024-06-07,126.30622647449546,Choppy/Sideways
2024-06-10,124.9581470766029,Choppy/Sideways
2024-06-11,126.46581744096636,Choppy/Sideways
2024-06-12,126.77538561653768,Choppy/Sideways
2024-06-13,130.66916721173806,Choppy/Sideways
2024-06-14,129.20117616064033,Choppy/Sideways
2024-06-17,127.69405558452446,Choppy/Sideways
2024-06-18,126.62555924432068,Choppy/Sideways
2024-06-19,122.94092055862184,Choppy/Sideways
2024-06-20,122.03667421160307,Choppy/Sideways
2024-06-21,120.74791029112193,Choppy/Sideways
2024-06-24,120.98822375582253,Choppy/Sideways
2024-06-25,121.5509452559568,Choppy/Sideways
2024-06-26,124.74089294172983,Choppy/Sideways
2024-06-27,126.38266572682609,Choppy/Sideways
2024-06-28,125.36420854589882,Choppy/Sideways
2024-07-01,123.80110431938894,Choppy/Sideways
2024-07-02,124.63601475538087,Choppy/Sideways
2024-07-03,122.36456950954006,Choppy/Sideways
2024-07-04,125.49808059250097,Choppy/Sideways
2024-07-05,127.55401683027607,Choppy/Sideways
2024-07-08,126.71516105065089,Choppy/Sideways
2024-07-09,123.73026283547661,Choppy/Sideways
2024-07-10,126.06161208254383,Choppy/Sideways
2024-07-11,125.84957788004552,Choppy/Sideways
2024-07-12,128.01479680953835,Choppy/Sideways
2024-07-15,125.20509280655166,Choppy/Sideways
2024-07-16,124.15745350301296,Choppy/Sideways
2024-07-17,124.15455310719982,Choppy/Sideways
2024-07-18,124.22348522445955,Choppy/Sideways
2024-07-19,123.43922018916356,Choppy/Sideways
2024-07-22,124.49738948150846,Choppy/Sideways
2024-07-23,122.6571282333465,Choppy/Sideways
2024-07-24,122.40358533150209,Choppy/Sideways
2024-07-25,122.59604585538001,Choppy/Sideways
2024-07-26,123.4613548537902,Choppy/Sideways
2024-07-29,124.67298813306247,Choppy/Sideways
2024-07-30,122.73310359674565,Choppy/Sideways
2024-07-31,120.13970243075542,Choppy/Sideways
2024-08-01,122.27421142308758,Choppy/Sideways
2024-08-02,122.82684075656374,Choppy/Sideways
2024-08-05,121.5476643032416,Choppy/Sideways
2024-08-06,124.17692940479164,Choppy/Sideways
2024-08-07,124.36421357109624,Choppy/Sideways
2024-08-08,126.4013241676233,Choppy/Sideways
2024-08-09,126.50750622073686,Choppy/Sideways
2024-08-12,130.16005613232198,Choppy/Sideways
2024-08-13,133.35244689671777,Choppy/Sideways
2024-08-14,132.8803699460239,Choppy/Sideways
2024-08-15,134.66873194131134,Choppy/Sideways
2024-08-16,135.8655730673595,Choppy/Sideways
2024-08-19,138.45389503448152,Choppy/Sideways
2024-08-20,136.60161479742376,Choppy/Sideways
2024-08-21,137.89334392418345,Choppy/Sideways
2024-08-22,139.91748683445047,Choppy/Sideways
2024-08-23,136.5352740388803,Choppy/Sideways
2024-08-26,134.30167100142003,Choppy/Sideways
2024-08-27,130.5467516038657,Choppy/Sideways
2024-08-28,130.0477580903747,Choppy/Sideways
2024-08-29,131.33481760489454,Choppy/Sideways
2024-08-30,134.0850904885324,Choppy/Sideways
2024-09-02,134.20995840134955,Choppy/Sideways
2024-09-03,137.26040466592661,Choppy/Sideways
2024-09-04,134.64712205267463,Choppy/Sideways
2024-09-05,131.4931490858754,Choppy/Sideways
2024-09-06,131.37934495368182,Choppy/Sideways
2024-09-09,132.06781182643292,Choppy/Sideways
2024-09-10,131.9953082333051,Choppy/Sideways
2024-09-11,128.2547207296383,Choppy/Sideways
2024-09-12,128.084111958133,Choppy/Sideways
2024-09-13,125.7773012829223,Choppy/Sideways
2024-09-16,126.93785683705141,Choppy/Sideways
2024-09-17,127.57216351673009,Choppy/Sideways
2024-09-18,125.9091545922558,Choppy/Sideways
2024-09-19,125.00366961376095,Choppy/Sideways
2024-09-20,123.17027435653834,Choppy/Sideways
2024-09-23,123.05151145597068,Choppy/Sideways
2024-09-24,124.67920226539357,Choppy/Sideways
2024-09-25,122.97574563103254,Choppy/Sideways
2024-09-26,123.82589944598504,Choppy/Sideways
2024-09-27,122.90747428393804,Choppy/Sideways
2024-09-30,121.55266362486192,Choppy/Sideways
2024-10-01,121.36084299265077,Choppy/Sideways
2024-10-02,119.6206086095583,Choppy/Sideways
2024-10-03,118.69488983075846,Choppy/Sideways
2024-10-04,116.72948813765558,Choppy/Sideways
2024-10-07,119.94000865224002,Choppy/Sideways
2024-10-08,119.98711536110119,Choppy/Sideways
2024-10-09,118.81777883697787,Choppy/Sideways
2024-10-10,119.15921026624561,Choppy/Sideways
2024-10-11,118.96243227794969,Choppy/Sideways
2024-10-14,118.58729613153446,Choppy/Sideways
2024-10-15,119.58948077311602,Choppy/Sideways
2024-10-16,120.83994756401948,Choppy/Sideways
2024-10-17,119.9432646022658,Choppy/Sideways
2024-10-18,118.97848917422128,Choppy/Sideways
2024-10-21,118.51444164355384,Choppy/Sideways
2024-10-22,114.78228533869444,Choppy/Sideways
2024-10-23,112.38635766289418,Choppy/Sideways
2024-10-24,114.5245971301476,Choppy/Sideways
2024-10-25,117.15416299949449,Choppy/Sideways
2024-10-28,116.73931279270734,Choppy/Sideways
2024-10-29,117.66453474853209,Choppy/Sideways
2024-10-30,118.1618316758623,Choppy/Sideways
2024-10-31,123.30098333694055,Choppy/Sideways
2024-11-01,125.21699639441596,Choppy/Sideways
2024-11-04,124.98320902380824,Choppy/Sideways
2024-11-05,123.32717989201477,Choppy/Sideways
2024-11-06,120.60027178055947,Choppy/Sideways
2024-11-07,120.92919959931571,Choppy/Sideways
2024-11-08,119.65674425030677,Choppy/Sideways
2024-11-11,117.31006572682996,Choppy/Sideways
2024-11-12,116.2524214748099,Choppy/Sideways
2024-11-13,114.51192842479453,Choppy/Sideways
2024-11-14,117.2096896008858,Choppy/Sideways
2024-11-15,118.63919307075983,Choppy/Sideways
2024-11-18,118.61469397716039,Choppy/Sideways
2024-11-19,121.06098662369803,Choppy/Sideways
2024-11-20,121.1792231175996,Choppy/Sideways
2024-11-21,119.72989415509916,Choppy/Sideways
2024-11-22,122.27233457231307,Choppy/Sideways
2024-11-25,123.17712584282658,Choppy/Sideways
2024-11-26,121.40747556941128,Choppy/Sideways
2024-11-27,121.07601564959911,Choppy/Sideways
2024-11-28,119.60415918959717,Choppy/Sideways
2024-11-29,117.32264417986093,Choppy/Sideways
2024-12-02,118.82684680579592,Choppy/Sideways
2024-12-03,122.00150249487322,Choppy/Sideways
2024-12-04,119.6481082728984,Choppy/Sideways
2024-12-05,120.57367685180647,Choppy/Sideways
2024-12-06,119.89836210080547,Strong Uptrend
2024-12-09,119.42348923425706,Strong Uptrend
2024-12-10,118.82435676353401,Strong Uptrend
2024-12-11,117.90503008076543,Strong Uptrend
2024-12-12,118.07379288911133,Strong Uptrend
2024-12-13,117.19929624309847,Strong Uptrend
2024-12-16,117.62988070192836,Strong Uptrend
2024-12-17,117.68105109784881,Strong Uptrend
2024-12-18,117.50852780201896,Strong Uptrend
2024-12-19,116.54818538292248,Strong Uptrend
2024-12-20,115.98173910259413,Strong Uptrend
2024-12-23,116.9782072859086,Strong Uptrend
2024-12-24,117.68101430857202,Strong Uptrend
2024-12-25,116.63695180523011,Strong Uptrend
2024-12-26,116.86373289632732,Strong Uptrend
2024-12-27,117.86302205363006,Strong Uptrend
2024-12-30,116.00558845777665,Strong Uptrend
2024-12-31,116.75248628373957,Strong Uptrend
2025-01-01,116.084554331476,Strong Uptrend
2025-01-02,116.86403979653599,Strong Uptrend
2025-01-03,116.07767124245484,Strong Uptrend
2025-01-06,114.09247626969876,Strong Uptrend
2025-01-07,112.34185494826751,Strong Uptrend
2025-01-08,112.5021597715142,Strong Uptrend
2025-01-09,112.90327131074022,Strong Uptrend
2025-01-10,111.98423036034934,Strong Uptrend
2025-01-13,112.81346898823327,Strong Uptrend
2025-01-14,111.04443755979464,Strong Uptrend
2025-01-15,111.07500653419504,Strong Uptrend
2025-01-16,109.8308089774322,Strong Uptrend
2025-01-17,109.21434956079112,Strong Uptrend
2025-01-20,109.36943511724917,Strong Uptrend
2025-01-21,108.52717285860804,Strong Uptrend
2025-01-22,108.20914659579859,Strong Uptrend
2025-01-23,109.4151808522423,Strong Uptrend
2025-01-24,108.88327004208686,Strong Uptrend
2025-01-27,109.90766958862201,Strong Uptrend
2025-01-28,108.76564709644272,Strong Uptrend
2025-01-29,109.45097531569962,Strong Uptrend
2025-01-30,111.15744845502985,Strong Uptrend
2025-01-31,108.52462282229672,Strong Uptrend
2025-02-03,107.75783126776976,Strong Uptrend
2025-02-04,108.48848263265955,Strong Uptrend
2025-02-05,108.36864357073465,Strong Uptrend
2025-02-06,108.87722266891178,Strong Uptrend
2025-02-07,108.31834402043181,Strong Uptrend
2025-02-10,108.51501321629628,Strong Uptrend
2025-02-11,108.44690787293786,Strong Uptrend
2025-02-12,109.83421928198474,Strong Uptrend
2025-02-13,110.21992879724618,Strong Uptrend
2025-02-14,110.69976394017866,Strong Uptrend
2025-02-17,110.34498082349914,Strong Uptrend
2025-02-18,109.90741269263285,Strong Uptrend
2025-02-19,109.53233491309568,Strong Uptrend
2025-02-20,110.07222876151052,Strong Uptrend
2025-02-21,109.70938559207224,Strong Uptrend
2025-02-24,110.13389428942448,Strong Uptrend
2025-02-25,112.56785440372518,Strong Uptrend
2025-02-26,113.66750587332677,Strong Uptrend
2025-02-27,113.40129751339232,Strong Uptrend
2025-02-28,114.8906953672673,Strong Uptrend
2025-03-03,114.52686885958053,Strong Uptrend
2025-03-04,112.30387460418143,Strong Uptrend
2025-03-05,111.27327117661916,Strong Uptrend
2025-03-06,109.29761102811763,Strong Uptrend
2025-03-07,109.01362613932952,Strong Uptrend
2025-03-10,109.1365438926563,Strong Uptrend
2025-03-11,111.10080743242817,Strong Uptrend
2025-03-12,111.57247193603895,Strong Uptrend
2025-03-13,111.4311928985022,Strong Uptrend
2025-03-14,112.47243717031334,Strong Uptrend
2025-03-17,110.09716668927896,Strong Uptrend
2025-03-18,110.46285943967109,Strong Uptrend
2025-03-19,111.42928912569984,Strong Uptrend
2025-03-20,109.88438117089451,Strong Uptrend
2025-03-21,111.26313258366096,Strong Uptrend
2025-03-24,111.74851588308898,Strong Uptrend
2025-03-25,111.38654217027295,Strong Uptrend
2025-03-26,112.20478344586745,Strong Uptrend
2025-03-27,114.9104728259781,Strong Uptrend
2025-03-28,115.22971266055754,Strong Uptrend
2025-03-31,115.6271436800812,Strong Uptrend
2025-04-01,115.20142094327342,Strong Uptrend
2025-04-02,114.32642414930264,Strong Uptrend
2025-04-03,115.39580420613308,Strong Uptrend
2025-04-04,114.51212935695571,Strong Uptrend
2025-04-07,114.70267440029562,Strong Uptrend
2025-04-08,114.25928271814357,Strong Uptrend
2025-04-09,114.92034180047062,Strong Uptrend
2025-04-10,115.41605579970872,Strong Uptrend
2025-04-11,116.7391741680296,Strong Uptrend
2025-04-14,116.24998940886071,Strong Uptrend
2025-04-15,116.04338612875219,Strong Uptrend
2025-04-16,115.01245172643532,Strong Uptrend
2025-04-17,114.60639586699138,Strong Uptrend
2025-04-18,115.15139196189035,Strong Uptrend
2025-04-21,116.14259604083834,Strong Uptrend
2025-04-22,115.17646487148964,Strong Uptrend
2025-04-23,116.2998189836159,Strong Uptrend
2025-04-24,118.010820357643,Strong Uptrend
2025-04-25,118.61519762184241,Strong Uptrend
2025-04-28,120.9941519905217,Strong Uptrend
2025-04-29,120.1672378810822,Strong Uptrend
2025-04-30,118.78091562827643,Strong Uptrend
2025-05-01,116.78027830771896,Strong Uptrend
2025-05-02,118.66616150579384,Strong Uptrend
2025-05-05,119.56388618229329,Strong Uptrend
2025-05-06,119.60945217294297,Strong Uptrend
2025-05-07,120.06040105779232,Strong Uptrend
2025-05-08,118.81793515044743,Strong Uptrend
2025-05-09,121.89798391867406,Strong Uptrend
2025-05-12,122.17179310890731,Strong Uptrend
2025-05-13,122.4217512036061,Strong Uptrend
2025-05-14,123.43668715877693,Strong Uptrend
2025-05-15,124.15338254663821,Strong Uptrend
2025-05-16,124.55103678587022,Strong Uptrend
2025-05-19,123.67901270408136,Strong Uptrend
2025-05-20,124.38515325543864,Strong Uptrend
2025-05-21,126.88651700789127,Strong Uptrend
2025-05-22,128.74001065608,Strong Uptrend
2025-05-23,130.94717938273365,Strong Uptrend
2025-05-26,130.39688109359608,Strong Uptrend
2025-05-27,129.22430876721143,Strong Uptrend
2025-05-28,129.1821183439505,Strong Uptrend
2025-05-29,129.37641524135935,Strong Uptrend
2025-05-30,130.9343151977697,Strong Uptrend
2025-06-02,128.84093951468728,Strong Uptrend
2025-06-03,130.965811015823,Strong Uptrend
2025-06-04,130.88054074366823,Strong Uptrend
2025-06-05,130.4413522264753,Strong Uptrend
2025-06-06,129.23906859118068,Strong Uptrend
2025-06-09,127.2210107976894,Strong Uptrend
2025-06-10,128.4017301636073,Strong Uptrend
2025-06-11,128.61765794667429,Strong Uptrend
2025-06-12,127.0758049184679,Strong Uptrend
2025-06-13,125.54595919662579,Strong Uptrend
2025-06-16,125.23960950278018,Strong Uptrend
2025-06-17,127.48417051533592,Strong Uptrend
2025-06-18,127.27079226061836,Strong Uptrend
2025-06-19,125.47519027205244,Strong Uptrend
2025-06-20,125.28266000831819,Strong Uptrend
2025-06-23,125.05641295752568,Strong Uptrend
2025-06-24,121.81751504614857,Strong Uptrend
2025-06-25,121.86552414069607,Strong Uptrend
2025-06-26,121.69669518673305,Strong Uptrend
2025-06-27,122.66906668030161,Strong Uptrend
2025-06-30,125.09421960876637,Strong Uptrend
2025-07-01,126.64187083036188,Strong Uptrend
2025-07-02,126.41805540038119,Strong Uptrend
2025-07-03,125.1337107827779,Strong Uptrend
2025-07-04,128.54270073174317,Strong Uptrend
2025-07-07,128.7405689649396,Strong Uptrend
2025-07-08,128.87989833198736,Strong Uptrend
2025-07-09,128.96990232501227,Strong Uptrend
2025-07-10,129.34934416668747,Strong Uptrend
2025-07-11,129.28290848079305,Strong Uptrend
2025-07-14,128.6586010049891,Strong Uptrend
2025-07-15,128.07190219998404,Strong Uptrend
2025-07-16,128.1501969974365,Strong Uptrend
2025-07-17,127.57023211142892,Strong Uptrend
2025-07-18,126.77622351683262,Strong Uptrend
2025-07-21,127.03180630248593,Strong Uptrend
2025-07-22,126.82508320083224,Strong Uptrend
2025-07-23,128.88350492844597,Strong Uptrend
2025-07-24,125.60360293994982,Strong Uptrend
2025-07-25,127.11263259911541,Strong Uptrend
2025-07-28,128.8403694974972,Strong Uptrend
2025-07-29,126.29464797174785,Strong Uptrend
2025-07-30,125.97770621416927,Strong Uptrend
2025-07-31,125.6251476704166,Strong Uptrend
2025-08-01,123.97219910653406,Strong Uptrend
2025-08-04,123.11993409477188,Strong Uptrend
2025-08-05,121.86412221343365,Strong Uptrend
2025-08-06,124.15231611197098,Strong Uptrend
2025-08-07,125.44672784474582,Strong Uptrend
2025-08-08,127.18446712788436,Strong Uptrend
2025-08-11,128.23359610029672,Strong Uptrend
2025-08-12,126.90199147444757,Strong Uptrend
2025-08-13,126.35174825407277,Strong Uptrend
2025-08-14,127.09608460907079,Strong Uptrend
2025-08-15,125.6583544311962,Strong Uptrend
2025-08-18,126.68381924982894,Strong Uptrend
2025-08-19,126.49634159143967,Strong Uptrend
2025-08-20,126.13803443742863,Strong Uptrend
2025-08-21,127.16480107356023,Strong Uptrend
2025-08-22,127.85578059824026,Strong Uptrend
2025-08-25,127.5114274305031,Strong Uptrend
2025-08-26,129.13162117992115,Strong Uptrend
2025-08-27,127.85251577530308,Strong Uptrend
2025-08-28,128.76984921586907,Strong Uptrend
2025-08-29,129.6639190595258,Strong Uptrend
2025-09-01,129.38173232321287,Strong Uptrend
2025-09-02,129.92996593020715,Strong Uptrend
2025-09-03,128.42265441637372,Strong Uptrend
2025-09-04,129.74635105256894,Strong Uptrend
2025-09-05,129.62673227751085,Strong Uptrend
2025-09-08,129.0670126306074,Strong Uptrend
2025-09-09,130.56171622786837,Strong Uptrend
2025-09-10,129.76020743660555,Strong Uptrend
2025-09-11,128.0516250504529,Strong Uptrend
2025-09-12,126.17696753649693,Strong Uptrend
2025-09-15,127.06956619959705,Strong Uptrend
2025-09-16,125.5583331891067,Strong Uptrend
2025-09-17,127.91914563442873,Strong Uptrend
2025-09-18,125.38083472685933,Strong Uptrend
2025-09-19,127.66322299681059,Strong Uptrend
2025-09-22,128.05551133726493,Strong Uptrend
2025-09-23,128.05122069132926,Strong Uptrend
2025-09-24,127.46978386557646,Strong Uptrend
2025-09-25,128.10414052249337,Strong Uptrend
2025-09-26,128.17614857952137,Strong Uptrend
2025-09-29,129.7315072938308,Strong Uptrend
2025-09-30,130.00326461151724,Strong Uptrend
2025-10-01,130.3229670873034,Strong Uptrend
2025-10-02,129.96850280224038,Strong Uptrend
2025-10-03,130.01625054904312,Strong Uptrend
2025-10-06,130.543051241594,Strong Uptrend
2025-10-07,128.43301181381912,Strong Uptrend
2025-10-08,126.81892702260086,Strong Uptrend
2025-10-09,127.89287063954313,Strong Uptrend
2025-10-10,128.23395858087918,Strong Uptrend
2025-10-13,128.11692058435577,Strong Uptrend
2025-10-14,128.26139826638013,Strong Uptrend
2025-10-15,128.83273300371562,Strong Uptrend
2025-10-16,128.2544169014143,Strong Uptrend
2025-10-17,127.3720866176289,Strong Uptrend
2025-10-20,127.74394405095963,Strong Uptrend
2025-10-21,126.60956026889443,Strong Uptrend
2025-10-22,127.25132822030707,Strong Uptrend
2025-10-23,125.20406589919831,Strong Uptrend
2025-10-24,126.62869173737484,Strong Uptrend
2025-10-27,127.35312270300166,Strong Uptrend
2025-10-28,127.80242653882648,Strong Uptrend
2025-10-29,129.19609839821567,Strong Uptrend
2025-10-30,131.50686651910416,Strong Uptrend
2025-10-31,132.98338907197,Strong Uptrend
2025-11-03,130.66165918637932,Strong Uptrend
2025-11-04,129.10881476513003,Strong Uptrend
2025-11-05,128.41911676393016,Strong Uptrend
2025-11-06,128.57385772883893,Strong Uptrend
2025-11-07,129.368159589223,Strong Uptrend
2025-11-10,128.54624844307597,Strong Uptrend
2025-11-11,128.90973767846168,Strong Uptrend
2025-11-12,128.05247963671914,Strong Uptrend
2025-11-13,127.38550062194551,Strong Uptrend
2025-11-14,125.71046745304028,Strong Uptrend
2025-11-17,124.66340418963854,Strong Uptrend
2025-11-18,123.09235267418077,Strong Uptrend
2025-11-19,122.00234920990832,Strong Uptrend
2025-11-20,123.42100074513169,Strong Uptrend
2025-11-21,122.36073300206232,Strong Uptrend
2025-11-24,125.76897559672285,Strong Uptrend
