Date,Return,TrueVolatility
2019-01-02,0.0,0.011547005383792509
2019-01-03,0.0054713764790896525,0.0110151410945722
2019-01-04,-0.001472807339089484,0.010652115742197295
2019-01-07,0.0066066353601242885,0.010200327736998168
2019-01-08,0.015191363590733673,0.009974435843668616
2019-01-09,-0.002481590821108655,0.010598142452743976
2019-01-10,-0.002380798652633593,0.010168401792077385
2019-01-11,0.015432631773229004,0.009772357228668128
2019-01-14,0.008029657542807614,0.010462984326589854
2019-01-15,-0.004836724223042798,0.010302424089464487
2019-01-16,0.005412253323187015,0.009975399750072977
2019-01-17,-0.004497871391285925,0.009705868940800545
2019-01-18,-0.004386773819367064,0.009419140146701631
2019-01-21,0.0022150548128929298,0.00915454627928808
2019-01-22,-0.01691826790483626,0.008842545650107937
2019-01-23,-0.017125249800231033,0.009928153954603888
2019-01-24,-0.006085570371428571,0.010822879852312273
2019-01-25,-0.010642519616823881,0.010507694129017144
2019-01-28,0.003316105005288298,0.010552531911413815
2019-01-29,-0.009214673231335038,0.010148049462285197
2019-01-30,-0.014282215923323443,0.010112708697017525
2019-01-31,0.01553540711862656,0.01059967943756248
2019-02-01,-0.0025201350339491275,0.011162088441162218
2019-02-04,0.0007216763891160233,0.01068703651239053
2019-02-05,-0.014568291817031414,0.010225169582948872
2019-02-06,-0.005840614316648571,0.010728875207681924
2019-02-07,0.0011546922324500175,0.010409892479703912
2019-02-08,-0.01148008381620194,0.009974064183669954
2019-02-11,0.0038204153244224596,0.010168846088795109
2019-02-12,-0.005894539107863427,0.009813785236945455
2019-02-13,-0.0027960065194122495,0.009585417998821634
2019-02-14,-0.005565646251493682,0.00924976747533533
2019-02-15,0.01678117954346425,0.009059751220853013
2019-02-18,-0.0001360305458959802,0.010078408601559893
2019-02-19,-0.010221399421055873,0.00966369840873795
2019-02-20,0.008041761656966757,0.009776683970246126
2019-02-21,-0.011832350730083915,0.009691946000099821
2019-02-22,0.0020809163546889244,0.00996304001490325
2019-02-25,-0.018769959985581074,0.009578122234378973
2019-02-26,-0.014332081432864626,0.010790718246702977
2019-02-27,0.0022005671514776,0.011178265450596744
2019-02-28,0.007898313792927516,0.010695560241841416
2019-03-01,0.0017996289660460606,0.010501528950104132
2019-03-04,-0.0011642039624807144,0.010066763971231225
2019-03-05,-0.0029084333972287553,0.00965924178225934
2019-03-06,-0.013780122097063986,0.009320200975596913
2019-03-07,-0.007109075404670062,0.009875852749477117
2019-03-08,-0.004475007324523043,0.009714786523936992
2019-03-11,0.009964695638895344,0.009426247402381066
2019-03-12,0.0032802178367778087,0.009546109553415574
2019-03-13,-0.016269833511257967,0.00922828300975967
2019-03-14,0.0032853473655098226,0.010137333764594983
2019-03-15,-0.0037613114966422697,0.009767552774892357
2019-03-18,-0.006394306706549473,0.009446149931098918
2019-03-19,0.005679111227659281,0.009284504453199009
2019-03-20,0.009379290439587119,0.00909727913052836
2019-03-21,0.008573172119653564,0.009205793126765829
2019-03-22,-0.007745935326423601,0.009229949461349198
2019-03-25,-0.002840194148760345,0.009185253795038841
2019-03-26,0.002943786309380949,0.008886541737819111
2019-03-27,0.008407483025620516,0.008618241014047928
2019-03-28,-0.004169722020599229,0.008701891068579314
2019-03-29,-0.0015775655468165182,0.00849711430691069
2019-04-01,-0.009107013348039001,0.0082316961517203
2019-04-02,-0.010086080244410734,0.008431720775800134
2019-04-03,0.007070294033237845,0.008701623798742094
2019-04-04,0.011755642689554346,0.008667818706060603
2019-04-05,-0.0006542741273716797,0.009085863389937167
2019-04-08,0.008787939972351727,0.008757002377113174
2019-04-09,0.0032027436549512595,0.008856262742433913
2019-04-10,-0.005547450902452598,0.008599102512134625
2019-04-11,0.003063153323109178,0.00847590085883837
2019-04-12,0.012688983409228062,0.008250118160964296
2019-04-15,-0.0003171922721151074,0.008853679613915222
2019-04-16,0.01336742211995669,0.008543429087054513
2019-04-17,-0.02405509192976674,0.00918222612276812
2019-04-18,0.00938099923679686,0.01141376159198822
2019-04-19,0.0009792751167189714,0.01124994944160046
2019-04-22,-0.00321290747427756,0.0107452457916894
2019-04-23,0.0009471122231604665,0.0103215367057626
2019-04-24,-0.01965893125318976,0.009890943206433325
2019-04-25,-0.002454765170029032,0.011174689643696173
2019-04-26,0.0038201227379970745,0.010697250790767584
2019-04-29,0.015216771573098312,0.01029625339329365
2019-04-30,-0.005632975175897573,0.010868799667210194
2019-05-01,-0.0085107478513773,0.010526673087977022
2019-05-02,-0.00521519665656015,0.010393868353701523
2019-05-03,0.009223167836292644,0.010075536922992357
2019-05-06,0.003303752135120166,0.010049402231798194
2019-05-07,-0.005132224249825962,0.009687825195874565
2019-05-08,0.004841123015303826,0.009431969969220032
2019-05-09,0.0008918246272673555,0.009186723740522174
2019-05-10,0.008573464035252007,0.008850986810488135
2019-05-13,-0.006261847530039283,0.00891933613661023
2019-05-14,-0.002885231750464885,0.008805508296955462
2019-05-15,-0.0033497547266217384,0.008542935666764175
2019-05-16,-0.012177448465005005,0.008320686085609895
2019-05-17,0.0026198174697751398,0.008847139735735917
2019-05-20,0.0022380365415720855,0.00857303713073409
2019-05-21,4.251497798944558e-05,0.008314332351312344
2019-05-22,-0.0018888694708239393,0.008051888625124628
2019-05-23,-0.011088241103943252,0.007834160177622422
2019-05-24,-0.003496030726341102,0.008311112800108869
2019-05-27,-0.002781812806719241,0.008116997304086923
2019-05-28,-0.006351474207450375,0.007916806883501345
2019-05-29,-0.0012779838681171941,0.007923726503210937
2019-05-30,0.0031140286442734844,0.007707021509183041
2019-05-31,0.014258261062633,0.007559308471917974
2019-06-03,0.0014873249769199394,0.008519553274233057
2019-06-04,0.0021249381563660154,0.008250572442941343
2019-06-05,-0.0005970065564815163,0.008019332562940044
2019-06-06,-0.014939899281792112,0.007786180636164964
2019-06-07,-0.0002333186525751668,0.008799869827481526
2019-06-10,0.0005116026617517527,0.008494120512823734
2019-06-11,0.020239941919863357,0.008216789497578978
2019-06-12,-0.0019263270055383315,0.010014126346944653
2019-06-13,0.002901486671536383,0.00962199384376058
2019-06-14,-0.0003223348277998483,0.009286038439900075
2019-06-17,-0.010445929058346915,0.008938243658299696
2019-06-18,0.010481978379392458,0.009172006584275878
2019-06-19,0.007050513566502625,0.009376517934462912
2019-06-20,0.007329015563880562,0.009265132200130631
2019-06-21,-0.008353299530137508,0.009185633127106378
2019-06-24,0.012897374995448355,0.009194059952268985
2019-06-25,-0.013544946935943783,0.009662186872380182
2019-06-26,0.005946308048878688,0.010132463442458519
2019-06-27,0.021632240394815046,0.009875680721364057
2019-06-28,-0.011377870664951129,0.011486575884483556
2019-07-01,-0.006500335489680051,0.011478653630202075
2019-07-02,0.0011085570218587006,0.011124353599007387
2019-07-03,-0.005352296557715565,0.010630695871702043
2019-07-04,-0.015967205400267224,0.010297015509864213
2019-07-05,0.0007518540706059453,0.010965890449371959
2019-07-08,-0.011135027726532095,0.010481962533553803
2019-07-09,0.005008583095208869,0.010575724549675264
2019-07-10,-0.00940702502318313,0.010231430359264371
2019-07-11,0.01581271899170646,0.010202185938009112
2019-07-12,-0.00851184937756351,0.01086730111554963
2019-07-15,-0.003445412349712648,0.010697994564219625
2019-07-16,0.008367047919735466,0.010285028689114272
2019-07-17,-0.012515455455010772,0.010168022005277067
2019-07-18,0.002375615417877075,0.010444104901426218
2019-07-19,0.01310391719749721,0.010024855475476177
2019-07-22,-0.016697111680997957,0.010387114043870906
2019-07-23,0.0020562982096566204,0.011137167505475942
2019-07-24,0.0027690956566970375,0.010655171169392777
2019-07-25,0.007995982801257105,0.010227358510348917
2019-07-26,-0.01248041066398528,0.010089658831373914
2019-07-29,-0.013697376436981303,0.010373212039877214
2019-07-30,0.00561121740755337,0.010750662099350742
2019-07-31,0.003094079282103582,0.010418313000530423
2019-08-01,0.0025096570487066084,0.010018876966912685
2019-08-02,0.0033392180630815926,0.009638433600017616
2019-08-05,-0.006333911315058363,0.009314236841795878
2019-08-06,0.0021280708829297577,0.00916269970701276
2019-08-07,0.0025931207406665368,0.008848052877432093
2019-08-08,-0.00612423181047676,0.008573135932727589
2019-08-09,0.015837599207680186,0.008488485137447255
2019-08-12,0.0044947370719122135,0.009485911327695589
2019-08-13,-0.010983459787281376,0.00921969910528435
2019-08-14,0.00621683066012359,0.009468885066460452
2019-08-15,-0.009058722001981375,0.009294031352686302
2019-08-16,0.007358250873020093,0.009348741975173793
2019-08-19,0.010730874873427063,0.00926196773737084
2019-08-20,-0.0077793416594195,0.009479114494685137
2019-08-21,0.009063818848384851,0.009408390527067104
2019-08-22,0.0039004942515341876,0.009449308330407026
2019-08-23,0.0075317914319174015,0.009162092749961128
2019-08-26,0.01727812661261785,0.009109126178041164
2019-08-27,-0.002501118507685974,0.01019250055148032
2019-08-28,-0.007384446056272979,0.0097971231917308
2019-08-29,-0.008595365184680109,0.009662985667695882
2019-08-30,-0.007859675830436872,0.009634195566399174
2019-09-02,-0.0007364698727259114,0.009551926647571696
2019-09-03,0.003133019849582991,0.009183648581447811
2019-09-04,0.002460870241544847,0.008893935929577762
2019-09-05,0.0071231416747315444,0.008611322440381444
2019-09-06,0.0001117125187222978,0.00859202028222686
2019-09-09,0.012070915571260174,0.008304528776420102
2019-09-10,-0.002334432367805587,0.00882060115072363
2019-09-11,0.023234306394446194,0.008541493183519884
2019-09-12,0.0067614704709089805,0.010806813708693833
2019-09-13,-0.00902613074228081,0.01053030528018495
2019-09-16,-0.011175995575429119,0.010436150776724688
2019-09-17,0.005085106200046788,0.01053968276607833
2019-09-18,-0.002279780113763059,0.010202057181193321
2019-09-19,0.006997929733772062,0.0098010152537366
2019-09-20,0.004562268516156748,0.009640544790300661
2019-09-23,-0.0006818769195651121,0.009362722779862404
2019-09-24,-0.00762975493807601,0.009010169507964712
2019-09-25,-0.013606698149096173,0.008982224693924372
2019-09-26,-0.004274935137599901,0.009574002209355446
2019-09-27,0.007956073509106003,0.009290150291945527
2019-09-30,0.0019813446044607747,0.00925456562269187
2019-10-01,-0.011122896084774868,0.00892875478780167
2019-10-02,0.0015993765863935008,0.009235292966200438
2019-10-03,0.0034309690347304484,0.008904267534324453
2019-10-04,-0.0076458062894933536,0.008650497214070452
2019-10-07,0.0013322976480442193,0.008666753812590088
2019-10-08,0.0004879087231026466,0.008382055749179197
2019-10-09,-0.009274921952148855,0.008114753261526405
2019-10-10,0.002986817155665614,0.0083480231184191
2019-10-11,0.004560307495147489,0.008132013778413355
2019-10-14,0.008668860597927338,0.008004109364679804
2019-10-15,0.008634832259334426,0.008193979355667862
2019-10-16,-0.011509499727430811,0.008354326513405709
2019-10-17,-0.008247613868906599,0.008794405691762125
2019-10-18,0.00455399137300669,0.008842096188262968
2019-10-21,0.004439635091685427,0.008641020806043863
2019-10-22,0.004354547843562516,0.008454649849596622
2019-10-23,0.03191260993340753,0.00828311290595141
2019-10-24,0.0071311991223292825,0.012491360407568666
2019-10-25,0.013715774105279377,0.01207836308176605
2019-10-28,0.011657240034118402,0.012219306588526515
2019-10-29,0.007914451717270368,0.01215007370977861
2019-10-30,-0.0037242739369745563,0.011812994766499193
2019-10-31,0.00858841814462351,0.01131589781604285
2019-11-01,-0.008582260770930274,0.011105047570252428
2019-11-04,-0.0025850397076921765,0.010915695110604888
2019-11-05,-0.0050779218367477934,0.01046209971774751
2019-11-06,0.0008294846124380661,0.010131216262611919
2019-11-07,0.022487534202527682,0.009715270548453047
2019-11-08,-0.021499686198701625,0.011513997199755138
2019-11-11,0.008741800963023962,0.012738318622639746
2019-11-12,-0.019991869372036793,0.012396398974662161
2019-11-13,-0.00624665529827483,0.013236349886705811
2019-11-14,0.013846755405949387,0.012715687419164297
2019-11-15,0.0008220356415865846,0.012788354035268299
2019-11-18,-0.013110346650224824,0.012164611621142818
2019-11-19,-0.008751580831676193,0.012234776247323416
2019-11-20,0.008116004743266743,0.011942365547839487
2019-11-21,-0.008499721230881729,0.011637608923751574
2019-11-22,0.0024650056889242945,0.011387885755352638
2019-11-25,0.0004964376526326798,0.010893517875962133
2019-11-26,-0.0067857431331733165,0.010413964876026008
2019-11-27,0.021819911588226385,0.010177462974369288
2019-11-28,0.00744688478906227,0.011747375495740326
2019-11-29,-0.023128491962431635,0.011420673346563716
2019-12-02,0.002408968162814002,0.012919884239702204
2019-12-03,-0.008143332363819535,0.012305075424396203
2019-12-04,0.010201221228088643,0.011967177738922266
2019-12-05,-0.009356900861878641,0.011806506010660326
2019-12-06,-0.0013308734694154546,0.011599396428896621
2019-12-09,0.005590551026234446,0.011070676943628116
2019-12-10,0.009270681292664793,0.010708201758525167
2019-12-11,-0.012739030970146035,0.01061323760969491
2019-12-12,-0.0036294444142810477,0.010850316905874777
2019-12-13,-0.004953736737216648,0.010430120312394991
2019-12-16,-0.006596408610983656,0.010096607165422398
2019-12-17,0.01744360219779976,0.009880517885879828
2019-12-18,0.004386062444517417,0.010830272888397866
2019-12-19,-0.01316104441244404,0.010437950587914972
2019-12-20,0.00986289079808246,0.01074550571546231
2019-12-23,0.022694660368350182,0.010694151731289871
2019-12-24,0.012686951452466625,0.012288017754412505
2019-12-25,-0.0186927106374197,0.012302935464228778
2019-12-26,-0.00628845248551192,0.012986389925619363
2019-12-27,0.01582208107672276,0.01248870616292294
2019-12-30,-0.009056568200804098,0.012797737702141924
2019-12-31,0.005534593194016601,0.012470371603906169
2020-01-01,0.009282876646242834,0.011983563858504746
2020-01-02,-0.010894038718062903,0.011752811081413682
2020-01-03,-0.0006947768024096751,0.011671947021843059
2020-01-06,-0.03608298848103925,0.011132370364818569
2020-01-07,-0.015543592880407018,0.015173545885580102
2020-01-08,-0.0038166416540208075,0.01511133384382907
2020-01-09,-0.01792040511130246,0.01436179407634241
2020-01-10,0.023903121544271624,0.014642830202597443
2020-01-13,-0.022344342749570534,0.015623869845254981
2020-01-14,-0.007146449011265825,0.01624028757843953
2020-01-15,0.002028349630666601,0.015514308356066774
2020-01-16,0.021191167686503337,0.014703087781661673
2020-01-17,-0.02199518669345154,0.015318452871944811
2020-01-20,0.018539142303629977,0.015938548866643282
2020-01-21,0.0001645219859336589,0.016077494858942814
2020-01-22,-0.014932807452916594,0.015214137376143272
2020-01-23,0.0069739753284868925,0.0150918045781964
2020-01-24,0.0028764527394890744,0.014450201640278394
2020-01-27,-0.008240608019620533,0.013729384049693058
2020-01-28,0.0009259981370653355,0.013266052685929727
2020-01-29,-0.004857805898599468,0.012607408454216356
2020-01-30,0.00137162113039975,0.012082921137416838
2020-01-31,0.007625913549787798,0.011517233445352786
2020-02-03,0.017800378820005583,0.011223322879556562
2020-02-04,-0.014820959621605179,0.011973480406128278
2020-02-05,0.02611812058992812,0.01224459068491462
2020-02-06,-0.027421967590139606,0.014047507287759938
2020-02-07,-0.0023774088982378475,0.015662993113259943
2020-02-10,0.008734054242814203,0.014845824916465666
2020-02-11,0.004021387592290323,0.01431140205125928
2020-02-12,-0.008485494197216496,0.013626948354900378
2020-02-13,-0.002744459433886334,0.01318676609144399
2020-02-14,-0.006191074824486115,0.012557937296347058
2020-02-17,-0.007126860787359209,0.012092444794818004
2020-02-18,0.00995345199252021,0.01171542776014817
2020-02-19,0.004128085733872923,0.011562763790803942
2020-02-20,-0.007690594325965746,0.011098986618987068
2020-02-21,0.009760889771993532,0.01085025691815781
2020-02-24,0.0033122192063299977,0.010778471755769384
2020-02-25,0.008417020255984313,0.010354794572056873
2020-02-26,0.006443515835169069,0.010233832070784979
2020-02-27,-0.008285814931947874,0.009995011818866981
2020-02-28,-0.005548087872691307,0.009904097915810399
2020-03-02,0.007210145385295896,0.009648343483558412
2020-03-03,0.0058096998319242445,0.009518320535811794
2020-03-04,-0.00019469287807417224,0.009314738311734646
2020-03-05,0.0010517406170934837,0.008964153017250157
2020-03-06,0.011051090031757617,0.008649443268094316
2020-03-09,-0.005318444516506142,0.008990368055109053
2020-03-10,0.004821701734850025,0.008813242213914819
2020-03-11,-0.001744547010717002,0.008628142465698024
2020-03-12,-0.0018184573773188852,0.00835376390041698
2020-03-13,0.008906786933251887,0.00810609262212208
2020-03-16,0.006854607732505917,0.008304424477307417
2020-03-17,0.006753431382377503,0.008301599739590795
2020-03-18,0.0108245660076941,0.008291644374748136
2020-03-19,0.00018195512124644637,0.008662944828276392
2020-03-20,0.005707420794287878,0.008369229308364224
2020-03-23,-0.0025692342776632484,0.008280726900528786
2020-03-24,0.002612227171457278,0.00805829214353891
2020-03-25,-0.0010227445703278935,0.00785861815904828
2020-03-26,0.0007415027464941497,0.0076446762146220905
2020-03-27,0.004432926329809318,0.007448330676353927
2020-03-30,-0.006045365779814107,0.007388429434371939
2020-03-31,0.015563677145113341,0.00743823924278775
2020-04-01,-0.008682614185754266,0.008630680091044568
2020-04-02,-0.010608347440176665,0.008736984788401443
2020-04-03,0.010442477612901537,0.009016820281932122
2020-04-06,0.007314241966247779,0.009239088846834328
2020-04-07,0.005717847174324733,0.009161457492779653
2020-04-08,0.005648223850868615,0.008989041486875642
2020-04-09,-0.00010814513561354424,0.008830500652324066
2020-04-10,-0.007646242839659987,0.008521822888416797
2020-04-13,0.0006484225585637903,0.00855387293342809
2020-04-14,-0.005601495993832835,0.00827202114148571
2020-04-15,0.007984026582236715,0.00818773972941052
2020-04-16,-0.0012191705566547617,0.008290441079538951
2020-04-17,-0.006635755897599176,0.008038495979613933
2020-04-20,-0.002587631484356182,0.008051479402599503
2020-04-21,0.0032422295326675326,0.00785173785890237
2020-04-22,-0.004337306293721938,0.007694017002005872
2020-04-23,-0.006250348891988136,0.0076017925676512095
2020-04-24,0.001861757501012186,0.007639947495045203
2020-04-27,0.001827859312481203,0.007461668358291833
2020-04-28,-0.003700893909786251,0.007300411741566204
2020-04-29,-0.0034010526717522943,0.007220331406567453
2020-04-30,0.0016558392776818676,0.007135702325701909
2020-05-01,-0.010142259120310068,0.007003914640650653
2020-05-04,-0.01057249179930379,0.007511732800360663
2020-05-05,-0.005734741148688062,0.007982166157159576
2020-05-06,-0.0016945745666619846,0.007939082592911116
2020-05-07,0.0024027340385931882,0.00772812985097912
2020-05-08,0.011146186243590667,0.007554911902317756
2020-05-11,0.006936386172331639,0.008087574586331893
2020-05-12,-0.001298263617310057,0.00811726616223701
2020-05-13,-0.0001498965813725948,0.007882569550125706
2020-05-14,-0.0076797110607592445,0.007660335279589292
2020-05-15,-0.00014452946289596064,0.0078068601103222805
2020-05-18,-0.0021914361788788754,0.0075917914221343245
2020-05-19,0.002396634068624073,0.007426390555638598
2020-05-20,-0.006025176224917522,0.00728354792803568
2020-05-21,0.00381468090616073,0.00734515550130232
2020-05-22,0.011136043172900595,0.0072654534170372865
2020-05-25,-0.0008537043103189224,0.00784942207629999
2020-05-26,0.003066863365822482,0.007634488109528242
2020-05-27,0.005170909015324983,0.007492507472975979
2020-05-28,-0.0029972967181624184,0.007470448115656652
2020-05-29,0.001645504616943083,0.007342971096795595
2020-06-01,9.053630478169481e-05,0.007189757247290394
2020-06-02,0.0006871444727216694,0.007034929557287157
2020-06-03,-0.005332865637362923,0.006898833299062144
2020-06-04,0.00017059184081066737,0.006960041940478073
2020-06-05,0.003400702707706831,0.006828743727617968
2020-06-08,0.009850343365410569,0.00678798660070439
2020-06-09,0.007002032084119672,0.007299327670262871
2020-06-10,0.01601179256631266,0.0074363380169916345
2020-06-11,-0.006678005164775825,0.00870271241840133
2020-06-12,0.007537494256045307,0.008640738208809399
2020-06-15,0.001585840710333362,0.008649631075796797
2020-06-16,0.0183296478111706,0.008370455410906414
2020-06-17,-0.00791532549421471,0.009792579840419754
2020-06-18,-0.0081425302952117,0.009696699414255286
2020-06-19,-0.005771311901156066,0.00962859979184555
2020-06-22,-0.01998973665165925,0.009411825836296754
2020-06-23,-0.0057091193147374925,0.010858896404805193
2020-06-24,-0.007987115345025051,0.010521369649249475
2020-06-25,0.0015568246845802387,0.010351655617278637
2020-06-26,0.003392108305945797,0.009925527412452935
2020-06-29,0.01796914695353312,0.009577564354983269
2020-06-30,0.010138055390016616,0.010666878273345708
2020-07-01,-0.006142835669510578,0.010647940274286094
2020-07-02,-0.00930062260548767,0.010352260378305174
2020-07-03,0.0050668658929486216,0.010300200086594127
2020-07-06,-0.01318075561853457,0.009983657090613147
2020-07-07,0.018975584080717405,0.010360912532947757
2020-07-08,0.013492776356500778,0.011439984208989996
2020-07-09,-0.00546249026462079,0.011642740283124793
2020-07-10,-0.019227787647300928,0.011223746483882201
2020-07-13,0.01647777206758656,0.012170845924634655
2020-07-14,-0.001443340578416856,0.012601209432696239
2020-07-15,0.014849829691656085,0.011996795928453121
2020-07-16,-0.019560119110830318,0.012267799672780877
2020-07-17,-0.007834931697856403,0.013071835491651237
2020-07-20,6.63059331354254e-05,0.012644876079669763
2020-07-21,0.0005651477208999793,0.012029386510736496
2020-07-22,-0.005158507196490922,0.011461681740517224
2020-07-23,0.006879620638541963,0.01104539036010315
2020-07-24,-0.011479784286492056,0.010752683229498355
2020-07-27,-0.001544055876999449,0.010844651367916723
2020-07-28,0.0012484592085375082,0.010378258884142164
2020-07-29,0.005116624913204199,0.009946031626025883
2020-07-30,0.006877635618710663,0.009664828308791428
2020-07-31,-0.010696345885744876,0.009510888809314532
2020-08-03,-0.014865813971875908,0.009690161433518087
2020-08-04,0.013186753828052839,0.010320883655429037
2020-08-05,0.003538610699882394,0.010648394507360437
2020-08-06,-0.0076663682929025275,0.010242493242660054
2020-08-07,0.01563582857592305,0.010080139678548226
2020-08-10,0.0012427312679493688,0.010743334314791004
2020-08-11,0.012124868087280647,0.010281435630583528
2020-08-12,0.000708957194239954,0.010500194604996077
2020-08-13,0.020717316218565745,0.010053299565861344
2020-08-14,0.020134396052186716,0.011470362658549137
2020-08-17,-0.00311221481938267,0.012500654565708544
2020-08-18,0.011593334446101309,0.01193256594869721
2020-08-19,0.007674176266698618,0.011891016812187741
2020-08-20,0.01582703282704641,0.011564129688477042
2020-08-21,-0.011588170398544546,0.012009419266868927
2020-08-24,0.008204117789413249,0.011958458319485119
2020-08-25,0.01233878916744827,0.011657694356802735
2020-08-26,-0.02060772415397785,0.01171732613787468
2020-08-27,-0.015108746681260818,0.012768762294574302
2020-08-28,-0.02643312311248346,0.012962292082659116
2020-08-31,-0.003947912367696145,0.014654091370160102
2020-09-01,0.010003888791319929,0.013941881067649065
2020-09-02,0.020382169953967477,0.013566794874448184
2020-09-03,0.0010566235991426426,0.014260432288974568
2020-09-04,0.022034946751418805,0.01352986394569217
2020-09-07,-0.01994181427219061,0.014449527716595986
2020-09-08,-0.025466850679289055,0.014950753331078122
2020-09-09,-0.0008940806624975865,0.01609572818059633
2020-09-10,0.005850613009675121,0.01523337500374754
2020-09-11,-0.00047524456363473274,0.014535807471799856
2020-09-14,-0.028494367431656717,0.01378242584452891
2020-09-15,-0.0013927675625868571,0.01562799534426822
2020-09-16,-0.01930882399464941,0.014802050938850274
2020-09-17,0.010164106932178247,0.015177726711264487
2020-09-18,0.005388091335485831,0.01469753713459502
2020-09-21,-0.013182071960881302,0.014025274458121025
2020-09-22,-0.0071341007981905605,0.013883168107349061
2020-09-23,-0.014139364271516722,0.01334892727417343
2020-09-24,-0.0008381288537284109,0.013371744172951734
2020-09-25,0.012134831841141534,0.01270473685510389
2020-09-28,-0.012441017515670288,0.012621171533328169
2020-09-29,0.006337947446912503,0.012574132052874245
2020-09-30,-0.006423584720064734,0.012114082848599368
2020-10-01,-0.009275409282587879,0.011698482915755712
2020-10-02,-0.0012304998535247347,0.011496736571260447
2020-10-05,-0.011361765824195433,0.010974981971025727
2020-10-06,-0.006105581603119367,0.011027886324702751
2020-10-07,-0.012810887960187398,0.01069465263483623
2020-10-08,0.02147051949874685,0.010928001652259899
2020-10-09,0.00043272151962591316,0.012271070139866606
2020-10-12,-0.00817591200568911,0.01168445613644221
2020-10-13,0.0024412419482829194,0.011408743652179164
2020-10-14,-0.001225749029583042,0.01091222569034873
2020-10-15,-0.002306172074925,0.010436603405158748
2020-10-16,0.006151811609266893,0.010016517679698238
2020-10-19,0.00741030661950515,0.009782483427188337
2020-10-20,-0.00512024257777432,0.00965170876790147
2020-10-21,-0.005411966858051244,0.009398741609838657
2020-10-22,-0.0025264666579120055,0.009185424718608774
2020-10-23,-0.020436841526012266,0.008878167436442068
2020-10-26,-0.01596015114072037,0.01053342481941656
2020-10-27,0.015255446782090063,0.011160826672530225
2020-10-28,0.019081763374005155,0.011600083829846102
2020-10-29,-0.0031023208596851104,0.01245731688157042
2020-10-30,0.006856636146639129,0.011892382862395391
2020-11-02,0.0035853063109939883,0.011519050701362764
2020-11-03,0.033996589140189507,0.011041865942594434
2020-11-04,0.01642806687539986,0.014673486077273397
2020-11-05,-0.0018876544374634634,0.014756800965466018
2020-11-06,-0.0133759377362755,0.013998295799883218
2020-11-09,-0.022290878317946607,0.013875893664702446
2020-11-10,0.003005172827794371,0.014770073359720632
2020-11-11,-0.010610208779112895,0.014028159349700439
2020-11-12,-0.019464955742991792,0.013685994004893839
2020-11-13,-0.009210640438876679,0.01424532432978091
2020-11-16,-0.014916463837002961,0.013791772336645297
2020-11-17,0.02334192655084748,0.013835190872901157
2020-11-18,0.01312071629501778,0.014882174030373346
2020-11-19,-0.00011673738390271283,0.014642247063015009
2020-11-20,0.0205424124605494,0.013880532326008218
2020-11-23,0.0011252449435992509,0.01454400358250424
2020-11-24,-0.0118800608457888,0.0137934271027699
2020-11-25,0.020667947496468782,0.01356944441027944
2020-11-26,0.007706206496650626,0.014299615653776692
2020-11-27,-0.014270570881576244,0.013758133324526951
2020-11-30,-0.002616034014153106,0.013744100991412721
2020-12-01,-0.011445111087157863,0.013070891387789222
2020-12-02,-0.01782340178961574,0.012889358733954965
2020-12-03,0.012384137762388584,0.013371235132392906
2020-12-04,0.02526917650822112,0.013233977316757553
2020-12-07,-0.02053511545422297,0.014682962653099887
2020-12-08,0.00856880701219561,0.015220737570968465
2020-12-09,-0.009528716531491494,0.014645086232756666
2020-12-10,-0.006904696100533947,0.014174371384984594
2020-12-11,-0.008059475300441463,0.01360492565955431
2020-12-14,-0.011355109740921963,0.013142628531934458
2020-12-15,0.0006281737255410366,0.012946262360680085
2020-12-16,-0.010228740712007021,0.012309692856396777
2020-12-17,0.0032764541907352924,0.012114518394157444
2020-12-18,-0.0005818005437713261,0.011580860628530696
2020-12-21,-0.0026398389028700797,0.01104775258676189
2020-12-22,-0.009606195209358332,0.010584596553534154
2020-12-23,-0.006073781433627787,0.01053065766573881
2020-12-24,0.007737048477197072,0.010242438901430602
2020-12-25,0.005051724898409578,0.01008495021376204
2020-12-28,-0.009567977330648932,0.00978765893954223
2020-12-29,0.0009759955432054055,0.009825560163816
2020-12-30,0.007090258970916838,0.00943622634774452
2020-12-31,-0.015560589495954173,0.009321037660490581
2021-01-01,0.005494331047938743,0.010111765869106821
2021-01-04,-0.0065158177524147496,0.009833359677263336
2021-01-05,0.005500067912243873,0.009639118026343414
2021-01-06,-0.007179735591104942,0.009406681242618018
2021-01-07,-0.016787028632007806,0.009300900388910268
2021-01-08,-0.016716083272079706,0.010270751092562118
2021-01-11,0.0005310681372870453,0.011044374053835793
2021-01-12,0.002740856340845012,0.010553018404944438
2021-01-13,-0.009163470311488361,0.010133033118162995
2021-01-14,0.006446754040463736,0.010095255513675277
2021-01-15,-0.01639987966261473,0.009870407246373643
2021-01-18,-0.0007053534613704799,0.010674267715843344
2021-01-19,-0.012368499768276467,0.010213323133664581
2021-01-20,-0.006822912547088535,0.010467220924741068
2021-01-21,0.0004847771502305488,0.010227652733013888
2021-01-22,-0.008433519067297088,0.009801706258379506
2021-01-25,-0.003747114709789522,0.009744014267936547
2021-01-26,0.009483528659086951,0.009424223816614808
2021-01-27,-0.005480546651460413,0.009500128084645327
2021-01-28,0.007755538737090129,0.009280378054454566
2021-01-29,-0.010427856473101555,0.009230586173845905
2021-02-01,0.004991584631259124,0.00942156524869325
2021-02-02,0.01324019506215075,0.00918457496397793
2021-02-03,-0.023964871347142508,0.009695921620568137
2021-02-04,-0.009375564759159198,0.011765115546614698
2021-02-05,0.0066730825241292846,0.01156368885243625
2021-02-08,-0.002276285800697105,0.011210724090106266
2021-02-09,0.003981221206936755,0.010726836784613218
2021-02-10,-0.006238431252266796,0.010328781879880811
2021-02-11,0.0008718706270231025,0.010068977560384619
2021-02-12,-0.001503608449276655,0.009658499172918607
2021-02-15,0.010848166693777526,0.009289547296486698
2021-02-16,0.0024207665431214666,0.009514812197424723
2021-02-17,0.0030977737217530547,0.009175797675028447
2021-02-18,-0.003659811104531714,0.008885690158850754
2021-02-19,-0.004213953541167968,0.008642124183676273
2021-02-22,-0.0036530587575334937,0.008445242421481659
2021-02-23,0.0032518865397289493,0.008244058506368177
2021-02-24,-0.003387826398191092,0.008047390230609252
2021-02-25,0.0022820978516587005,0.007875417060336922
2021-02-26,0.015947972846862172,0.007684285780978309
2021-03-01,0.007735512007015257,0.00887991349176774
2021-03-02,-0.002893648543893528,0.008875581847275492
2021-03-03,0.01033856755881277,0.008606766345321908
2021-03-04,-0.003622619886526113,0.008877330331656143
2021-03-05,-0.017595432395995453,0.008633148805335398
2021-03-08,-0.009951575577475663,0.009871749541385281
2021-03-09,-0.018583124631242804,0.009933293180490473
2021-03-10,-0.003881157824615738,0.011041277222126812
2021-03-11,0.00019547474610297842,0.01061302648247499
2021-03-12,0.017024170168672637,0.010154969734935813
2021-03-15,0.003593712844053915,0.010992388929311044
2021-03-16,-0.002313508930908825,0.010559120708134168
2021-03-17,0.008401077571596126,0.010129034289362418
2021-03-18,-0.02218174141801195,0.01003183356877634
2021-03-19,0.002756225418024958,0.011698026811887197
2021-03-22,0.008622198063537072,0.011185091935544516
2021-03-23,-0.016249947709588916,0.010990192662733926
2021-03-24,0.013242661043065582,0.011578241949584704
2021-03-25,0.0039728596812539565,0.011736785364020492
2021-03-26,-0.004673463537093226,0.011253550562537112
2021-03-29,0.0068565945010145655,0.010835636841500292
2021-03-30,0.023982737481188045,0.01056185886116615
2021-03-31,0.0022564023341906858,0.012406932410110608
2021-04-01,0.0029361290856461182,0.011828709010031626
2021-04-02,-0.005195126671632369,0.011309466427882657
2021-04-05,-0.00927010720785785,0.010908005678376036
2021-04-06,0.008959957433799987,0.010790763514321488
2021-04-07,-0.009128157464062854,0.010662691184910407
2021-04-08,0.0007558591344732368,0.010561672149341672
2021-04-09,-0.004829172712366765,0.010110117083009622
2021-04-12,0.004694188337051582,0.009800388418732776
2021-04-13,0.0031742664454535367,0.009513416103167239
2021-04-14,0.009540365273968428,0.009195178775302166
2021-04-15,-0.00474608081180699,0.009305741584906718
2021-04-16,-0.002447283333133936,0.009068212764825985
2021-04-19,-0.008583239508704663,0.008769470476175387
2021-04-20,-0.0039315725972728045,0.008849048478924235
2021-04-21,0.0032522368773906956,0.008619752524426415
2021-04-22,0.006348605502719342,0.008386659142714236
2021-04-23,-0.007689064941502688,0.008338054728266531
2021-04-26,0.007301652341596784,0.008396507168108525
2021-04-27,0.011409884842113032,0.008416617142996657
2021-04-28,0.003652654747001714,0.008834896905221715
2021-04-29,0.016132752173125146,0.008595901624021775
2021-04-30,-0.007439921547917765,0.00961492038986437
2021-05-03,-0.011829774105937928,0.00950446262281795
2021-05-04,-0.017435954805774184,0.009802527866040219
2021-05-05,0.01610732857388966,0.010766611958075094
2021-05-06,0.007442519325498528,0.011373639880439573
2021-05-07,-0.0006160169002895748,0.011082496130668043
2021-05-10,0.0029644601567713,0.0105885441370308
2021-05-11,-0.011447618881780947,0.010171239701763252
2021-05-12,0.025279416103039277,0.010336050553662346
2021-05-13,0.001611529930121504,0.012471097272817425
2021-05-14,0.0012994453560972083,0.011878493494964597
2021-05-17,0.008221329301438889,0.011327786413317465
2021-05-18,0.005334728915674728,0.01109069964502212
2021-05-19,0.00239884731558361,0.010714687317719485
2021-05-20,-0.0081209809174969,0.010273552625963054
2021-05-21,0.004780603293524212,0.010139817913899236
2021-05-24,0.01849129758856828,0.00982521620903545
2021-05-25,0.014721392637481309,0.010941856173135662
2021-05-26,0.018085444259527714,0.01135174244945579
2021-05-27,-0.006194704476632267,0.012117594906082928
2021-05-28,-0.011569046088879178,0.011690571682801848
2021-05-31,-0.0014686127126471928,0.011675400840435243
2021-06-01,0.0006209048190090702,0.011142320256913864
2021-06-02,0.011646220152650696,0.010643676135349162
2021-06-03,-0.018220574649145775,0.010765704836157165
2021-06-04,0.017829032775653713,0.011656388514201355
2021-06-07,-0.0019491766429546981,0.012335944345087843
2021-06-08,-0.005019373490070738,0.011758248007317323
2021-06-09,-0.011447661039629754,0.011310751459489605
2021-06-10,-0.01875001039402934,0.011330292654825285
2021-06-11,0.010034956811208529,0.012190616388295057
2021-06-14,0.0008793292050966237,0.011993365866746236
2021-06-15,-0.014744513535486954,0.011430201906466127
2021-06-16,-0.015243337640303938,0.011770201140749732
2021-06-17,-0.004068755445092956,0.012117155587180068
2021-06-18,0.01937045514045203,0.011605874967426422
2021-06-21,-0.003245432644509518,0.012502083091218632
2021-06-22,-0.017943131882420173,0.011937076141160826
2021-06-23,-0.0030925626750333444,0.01258453696968544
2021-06-24,-0.003275259710234761,0.012009448663586721
2021-06-25,-0.030971379405832705,0.011484123549238737
2021-06-28,-0.0007800138419027714,0.014366253974431942
2021-06-29,-0.003146793773827165,0.013626345834828801
2021-06-30,0.009031576686630387,0.012972556907104445
2021-07-01,0.023346247300565445,0.012626718051547652
2021-07-02,0.01566517663326449,0.01390525732860094
2021-07-05,-0.0037667384089074126,0.014008541605580531
2021-07-06,-0.014761548242679215,0.013340445195238033
2021-07-07,0.03454659371558528,0.013424704027768236
2021-07-08,0.0009730725780361865,0.016431920131459683
2021-07-09,0.00021655110746791303,0.015546454824932304
2021-07-12,-0.00035513357994322,0.014720509746717833
2021-07-13,0.0027639855534474264,0.013953549696267014
2021-07-14,-0.0019152929106052347,0.013267438663269562
2021-07-15,-0.00723888010369432,0.01261871976333546
2021-07-16,-0.006671687207876824,0.012200014857111089
2021-07-19,-0.0003861352828717852,0.011789213117509616
2021-07-20,-0.0061076858652885195,0.011239248171455
2021-07-21,-0.007760516018752237,0.010886668908395354
2021-07-22,0.0011349550888575261,0.010663841593415449
2021-07-23,-0.002602608632793516,0.01020722031214951
2021-07-26,0.014758646211934854,0.009812975408776936
2021-07-27,-0.027593365895274762,0.010408781649611298
2021-07-28,0.014141946805261627,0.012956351836320162
2021-07-29,0.016233698602160368,0.013027759819231826
2021-07-30,-0.027590412260972808,0.013306907609441077
2021-08-02,-0.005178277290643316,0.01511078130662992
2021-08-03,-0.005348603197664261,0.014399608894205147
2021-08-04,-0.019352214426214702,0.013749238815450444
2021-08-05,-0.011111141142644148,0.014285038261468246
2021-08-06,-0.015495856897147957,0.01395299290941111
2021-08-09,0.024590206937403065,0.014033340018769137
2021-08-10,0.014243334065186365,0.015222467644330483
2021-08-11,0.019123073851477098,0.015039123296159609
2021-08-12,0.011085279388522886,0.015360549397487515
2021-08-13,-0.01684870639131367,0.014922882033256191
2021-08-16,-0.007876862853523611,0.015017270751788598
2021-08-17,0.007058543269602309,0.014423600711674324
2021-08-18,-0.01691486255792897,0.01384050214295099
2021-08-19,0.010040944311802363,0.01408270185023363
2021-08-20,-0.00329164779250508,0.013696628894542238
2021-08-23,-0.004887943158548174,0.013040746565013965
2021-08-24,0.008874307622403065,0.012482148108602162
2021-08-25,0.005408261990517685,0.012173550799023455
2021-08-26,-0.0042256842289846355,0.011706593662029236
2021-08-27,0.013024083123789953,0.011234148458872955
2021-08-30,-0.012341547324139284,0.01141611874998955
2021-08-31,0.007087186356472704,0.011506375466151653
2021-09-01,0.006631859099565365,0.011181664193871744
2021-09-02,-0.003362312751298334,0.0108620624380297
2021-09-03,0.003402487155241132,0.010432820116925047
2021-09-06,-0.012562601437757505,0.010041135892756571
2021-09-07,0.009555046444812441,0.01034065697885502
2021-09-08,-0.001906506790064528,0.010310896492276941
2021-09-09,-0.005171629495612541,0.009893632559892531
2021-09-10,0.010091501850271703,0.00962003155141062
2021-09-13,-0.006850808349599452,0.009726513407567116
2021-09-14,-0.013470993704146731,0.009564333602156382
2021-09-15,-0.015630866124827694,0.010041483476403356
2021-09-16,0.0064908385077387205,0.010710778747652364
2021-09-17,-0.013352494851274106,0.010428138674923782
2021-09-20,0.018878728566639993,0.01075837198485093
2021-09-21,-0.024450932283564316,0.011744361836177072
2021-09-22,0.022708749915605717,0.013385991140164276
2021-09-23,0.0030440280594223384,0.014425479083679223
2021-09-24,-0.0013259119425696332,0.013709743352550999
2021-09-27,-0.007095684327887329,0.013021537508329373
2021-09-28,0.0050130061568682315,0.012559640625369088
2021-09-29,-0.0004533020538983896,0.012044789109295476
2021-09-30,0.012660897699562858,0.011475460983010692
2021-10-01,0.0013238127495980624,0.011589249757865273
2021-10-04,0.0016625246551813997,0.011061245317494705
2021-10-05,-0.0038466970405844373,0.010579119488764669
2021-10-06,-0.0005802291678792621,0.010189179254956549
2021-10-07,0.003006253549405071,0.009766849489611974
2021-10-08,-0.016111725741242127,0.009421134088564051
2021-10-11,-0.013845656147355263,0.01026984561643599
2021-10-12,0.007938205242930442,0.010680194707061743
2021-10-13,0.001792458510888772,0.01049046858468008
2021-10-14,-0.0018502275879374933,0.010056495466474078
2021-10-15,0.00017806189847569855,0.009659463221659519
2021-10-18,0.003225428174137788,0.009279625838712127
2021-10-19,-0.004849264948083834,0.008984118534575413
2021-10-20,-0.006836025587778598,0.008783225084808518
2021-10-21,0.0017083887038657202,0.00872315595807327
2021-10-22,-0.00825696250258844,0.008439485124183792
2021-10-25,0.003483663817644016,0.00853310545705283
2021-10-26,-0.014159974857760918,0.008316757439996384
2021-10-27,0.009371177243950125,0.009105694905682098
2021-10-28,0.00435374245344789,0.009212369120584492
2021-10-29,0.002295568537960477,0.008966023200829716
2021-11-01,0.008522661443095582,0.008672778709006785
2021-11-02,0.014588668033830259,0.008759466758757623
2021-11-03,0.009659205354757028,0.009522368303114686
2021-11-04,-0.017675408775410663,0.00960163843600803
2021-11-05,-0.013616905065194211,0.010641724116003726
2021-11-08,-0.00685436364120331,0.01097016619845411
2021-11-09,0.000278736940309272,0.01068323958050305
2021-11-10,0.005290333552033803,0.01021972638908039
2021-11-11,-0.0072001890870847995,0.00992111673098376
2021-11-12,0.0018230863960590473,0.009761299882039734
2021-11-15,-0.007092082186117095,0.009388724423548198
2021-11-16,-0.005674185198865834,0.009278855286148628
2021-11-17,-0.01278926265097301,0.009091928880118139
2021-11-18,-0.008829530820667222,0.009563705442651019
2021-11-19,-0.012929990668545235,0.009565834082019074
2021-11-22,-0.009737786311027969,0.009978535922896286
2021-11-23,0.010544677443928918,0.010007838980834962
2021-11-24,-0.009595278254799933,0.010106687892383275
2021-11-25,0.026608417681231396,0.010108113877791166
2021-11-26,0.006193719710806877,0.012555230004317927
2021-11-29,0.0022346858518803555,0.012090092603161047
2021-11-30,-0.009902017075870533,0.011536002008137041
2021-12-01,0.007982743694798544,0.011398873455184406
2021-12-02,-0.0064120311635254,0.011139002461726404
2021-12-03,0.0013191081598040734,0.010811492203625138
2021-12-06,0.026483992783830995,0.010344968061773561
2021-12-07,-0.0012200073529923632,0.0127004853897354
2021-12-08,0.013890526843051055,0.01208635624385689
2021-12-09,-0.008609694349423642,0.012244003128919283
2021-12-10,-0.00041781173689173305,0.011941405043696144
2021-12-13,0.020151462797523348,0.011379859704133964
2021-12-14,-0.007793288616390149,0.012430140498750462
2021-12-15,0.021857375683341878,0.012059584028965812
2021-12-16,0.009362104972073267,0.01322794683146753
2021-12-17,-0.007244029651536958,0.01287903563729547
2021-12-20,0.007865485895556704,0.012437365025455784
2021-12-21,0.011739075097001563,0.012070352566385424
2021-12-22,0.007477577796600546,0.012025503370736684
2021-12-23,-0.018331422288450704,0.011674394152786972
2021-12-24,-0.009028812719388853,0.012416931797148888
2021-12-27,-0.003001160375044417,0.012124987552381375
2021-12-28,-0.0008622209557010159,0.011583786561036992
2021-12-29,0.006859730415019649,0.011052100524721189
2021-12-30,0.0019116373469018717,0.010757605960924782
2021-12-31,-0.013759092264850552,0.010303778328865958
2022-01-03,0.004067687784235192,0.010698871057457378
2022-01-04,0.006292858205148415,0.01030626452345896
2022-01-05,0.005626849285475643,0.01005170650244609
2022-01-06,0.010576305929137778,0.009785801762619666
2022-01-07,0.008269620841214305,0.009916538127815558
2022-01-10,0.004515213650030116,0.009833208917984986
2022-01-11,-0.000669057936067815,0.00953539730673339
2022-01-12,-0.015227781242553622,0.009168055030842188
2022-01-13,0.004271116545987351,0.009941656000089763
2022-01-14,0.0019987494466113856,0.009623822547754759
2022-01-17,0.0025165169027692707,0.009266248168515767
2022-01-18,-0.01142884036540286,0.00895151996395206
2022-01-19,-0.010041019342901447,0.009288153734410083
2022-01-20,0.009934944671841923,0.009433525855625697
2022-01-21,-0.0003777376825147724,0.009549645133063214
2022-01-24,0.006255904583559698,0.00917960114740595
2022-01-25,0.00025592596515424396,0.009037452005553122
2022-01-26,0.00025920376344875696,0.008710933872514624
2022-01-27,0.00789390447613127,0.008413130894783027
2022-01-28,-0.004375600258777132,0.00847911047147447
2022-01-31,0.0007983870983198646,0.008306082448855586
2022-02-01,-0.003720367081238471,0.008047947126181502
2022-02-02,-0.003427919714759581,0.007889411917376363
2022-02-03,-0.0023914666395114027,0.007735065544335789
2022-02-04,0.0016795165681880665,0.007560833977813616
2022-02-07,-0.003536268681877033,0.00738648326461972
2022-02-08,0.009153970043713074,0.007289608115216107
2022-02-09,-0.006830919626803647,0.0076356627202307245
2022-02-10,-0.001441536092525938,0.007714044038062871
2022-02-11,-0.003306845409962822,0.007520154302817029
2022-02-14,0.010706713820926368,0.007399362448243867
2022-02-15,0.001553871263372328,0.007905538043644664
2022-02-16,0.007940185156324431,0.007695137060485253
2022-02-17,-0.011676873731702689,0.007860248525498385
2022-02-18,0.0022445083199931913,0.00840481589743875
2022-02-21,0.007261121768172111,0.00816194965809794
2022-02-22,0.0006753730372271554,0.008207830504747654
2022-02-23,0.008478795011874278,0.007957720489553111
2022-02-24,-0.004208718543470505,0.00813611543550579
2022-02-25,0.011261295235087192,0.007990432248278202
2022-02-28,0.019452383719683327,0.008461611899990869
2022-03-01,-0.0036476119470174183,0.010052988697225373
2022-03-02,-0.004322350973734167,0.00970219194303011
2022-03-03,0.013674028626723612,0.009408404205500698
2022-03-04,0.015694622531101356,0.009935996005957045
2022-03-07,-0.0055592104995359475,0.010632311155632387
2022-03-08,-0.004331430123445778,0.010308343687178667
2022-03-09,-0.0028065383697364983,0.009959871055717696
2022-03-10,-0.01289579990296419,0.00959187400140414
2022-03-11,-0.009183336252767271,0.00999653490956298
2022-03-14,-0.010017734999602084,0.009976424950861058
2022-03-15,-0.007701645665161729,0.010030828456869662
2022-03-16,-0.0003431557328165384,0.00989352304909945
2022-03-17,0.0022237647326917246,0.009494555310883257
2022-03-18,0.01419144671964402,0.009152816645602795
2022-03-21,-0.009774029368085663,0.009790143545522982
2022-03-22,0.009691609037261394,0.009845970235220599
2022-03-23,-0.002115822853771098,0.009887538116432695
2022-03-24,-0.0004703858466380352,0.009509716314107844
2022-03-25,0.006170170005005533,0.009143437729096008
2022-03-28,-0.010104282934477269,0.008999808269919638
2022-03-29,0.00351454427868033,0.009190519629143577
2022-03-30,0.0014835874660177155,0.008912993597049479
2022-03-31,0.004239275312359984,0.008608517476137157
2022-04-01,0.0024336804034129516,0.008416128285986521
2022-04-04,0.02007716828087122,0.008177072918506756
2022-04-05,-0.006349249114000858,0.009955858611334602
2022-04-06,-0.005171512160293042,0.009739250124843635
2022-04-07,-0.005907610210179678,0.00948038196789138
2022-04-08,-0.005158265702067081,0.009286189339112861
2022-04-11,-0.005781632085897833,0.009070832839580493
2022-04-12,0.010595922778784002,0.008911501649951033
2022-04-13,0.013018338293573468,0.009164589484329683
2022-04-14,-0.005508925250437108,0.0096521437121328
2022-04-15,-0.007839868552604476,0.009418893566563237
2022-04-18,0.004412243303222534,0.00935956237219707
2022-04-19,-0.005026180803497037,0.009101722312297628
2022-04-20,0.005631813357449502,0.008897977948747967
2022-04-21,0.0017751727337018762,0.008748010581819142
2022-04-22,-0.01282824471784526,0.00846333137032743
2022-04-25,0.013999865533791763,0.009046732457996942
2022-04-26,0.017380331651028372,0.009677903963843043
2022-04-27,-0.006531569736414443,0.010658763514795753
2022-04-28,-0.004025672729672703,0.010383431860159156
2022-04-29,0.0028634570133687395,0.010016801985394279
2022-05-02,0.0032259724168117484,0.00964540865484267
2022-05-03,0.006135655962462284,0.009316998441971907
2022-05-04,0.018399450508488995,0.009153024059820613
2022-05-05,-0.001840532623371195,0.01040159062923487
2022-05-06,-0.007963582106617313,0.009975710377431609
2022-05-09,-0.013604360528291452,0.009863097861598264
2022-05-10,-0.007534754010999765,0.010308447593149256
2022-05-11,-0.0003355844553543289,0.0101302481404744
2022-05-12,0.017428236681904748,0.009711716203868173
2022-05-13,-0.0055347208036148135,0.01069281295427834
2022-05-16,0.002318910592748594,0.010362088645819324
2022-05-17,-0.00016338272289995295,0.009948472070710365
2022-05-18,0.0113426424560298,0.009544519234040679
2022-05-19,0.02472588905686626,0.009784942724900101
2022-05-20,-0.0063544560748023315,0.011969918742529026
2022-05-23,-0.005659740246572163,0.011563719134388004
2022-05-24,0.011653330678552173,0.011160474343055947
2022-05-25,0.007649091926635781,0.011217462078647761
2022-05-26,0.02022945070929763,0.010954335008789154
2022-05-27,0.007065977942491258,0.012100765333920035
2022-05-30,-0.0042107840960292405,0.011719668214251985
2022-05-31,0.006642288767628994,0.01124563522124002
2022-06-01,0.01210770272774223,0.010920594954132404
2022-06-02,0.00906779255336993,0.011051784866475612
2022-06-03,0.0055310354188167115,0.010903446815015051
2022-06-06,0.011256943308910642,0.010553304975527662
2022-06-07,0.012452436211272394,0.010649519516725615
2022-06-08,0.014998716529668587,0.010851657896758822
2022-06-09,0.007335701256860313,0.011308138502585444
2022-06-10,-0.0018411243727112525,0.01101690714266522
2022-06-13,0.0015465087553061363,0.010540998545551374
2022-06-14,0.012184807831089049,0.010099226917767504
2022-06-15,-0.008455079642026658,0.010349749609793648
2022-06-16,0.003772325980076336,0.010232164600168634
2022-06-17,-0.0038822016563192837,0.009869866727233308
2022-06-20,0.00027433013131195814,0.009543636150900505
2022-06-21,0.011728222589840158,0.00917376941038781
2022-06-22,0.0018173379524010684,0.009509925774267979
2022-06-23,0.0004253022276606425,0.009158782134936249
2022-06-24,-0.01199710487830833,0.008822333860744384
2022-06-27,0.006898196699776417,0.009243770500823034
2022-06-28,0.005897489049290846,0.009136535366157805
2022-06-29,0.019419878633066052,0.00897715762450407
2022-06-30,-0.003211242053085919,0.010433622941454227
2022-07-01,0.002199436578761845,0.010036200274975727
2022-07-04,0.0024059213170191415,0.0096474688368531
2022-07-05,0.014664867826368255,0.009296546537699757
2022-07-06,-0.0009501396389694978,0.009970453127974668
2022-07-07,0.002669902032321119,0.009568803069762788
2022-07-08,0.0056116489515201425,0.009231257067320295
2022-07-11,0.0016880064326619973,0.009045680104544684
2022-07-12,-0.003898616905706258,0.008732803217856716
2022-07-13,0.0016523700712238335,0.008513422286998506
2022-07-14,0.008855131222126953,0.008247829130689856
2022-07-15,-0.008644739005633261,0.008421441950834033
2022-07-18,0.0011371514796518216,0.00855196109148725
2022-07-19,-0.005793519588225145,0.00827502834454149
2022-07-20,0.009802282178071766,0.008202426533674813
2022-07-21,-0.012911545270160942,0.008476665095800447
2022-07-22,-0.005068503167983477,0.009068357575796491
2022-07-25,0.003345913372625358,0.008870116753490464
2022-07-26,0.013489427251390315,0.008616557139648418
2022-07-27,-0.0006087226794568299,0.009258102850437374
2022-07-28,-0.004949077389685887,0.008914051888990051
2022-07-29,0.01641351160662443,0.00872522123392142
2022-08-01,-0.014131328568753102,0.009759111127794375
2022-08-02,-0.022615007367015473,0.010285131027104535
2022-08-03,0.005264002308546133,0.01196324872491825
2022-08-04,-0.005777744988716247,0.011508209090694404
2022-08-05,-0.011351342554604514,0.011115332727455421
2022-08-08,0.007898136747405216,0.011149946862935014
2022-08-09,0.002659741850553872,0.010909491647551025
2022-08-10,-0.005899185114370103,0.010458090047951882
2022-08-11,-0.01301755970681063,0.01016755056088566
2022-08-12,0.009159751271248767,0.010498795728273815
2022-08-15,0.0067742363641540146,0.010418677470597743
2022-08-16,-0.0010097111419878947,0.010181016867511243
2022-08-17,0.018027801444910712,0.009762504208187852
2022-08-18,-0.011580663606511124,0.01082219275606568
2022-08-19,-0.01665098897076111,0.010914922472677167
2022-08-22,-0.00800320399995541,0.01156686032196306
2022-08-23,-0.0005147422332722608,0.011291669560641074
2022-08-24,0.0026233914863750497,0.010780789936350094
2022-08-25,-0.0024941729129423743,0.01033913808369311
2022-08-26,0.003496353656540976,0.009931259941356959
2022-08-29,-0.01199746197074545,0.00958616383859101
2022-08-30,0.014279533443589072,0.009890485888975639
2022-08-31,-0.0008554559736675525,0.010413191757027006
2022-09-01,0.011144334379517182,0.009974381058664286
2022-09-02,0.0034736755187705676,0.010135449728139938
2022-09-05,0.004463253498886654,0.009771695768571965
2022-09-06,0.005399896180986752,0.009477371495930881
2022-09-07,0.004143817872074623,0.009255614571931263
2022-09-08,0.005782070669835854,0.008996212723239265
2022-09-09,0.011755971521404424,0.008844712141678056
2022-09-12,0.0018148144162538574,0.009234701884843714
2022-09-13,0.006315411809496792,0.00890744476584579
2022-09-14,-0.0007895265518750443,0.008798355639261245
2022-09-15,0.012234881609529217,0.008495754011044585
2022-09-16,-0.006087110040224839,0.008999378055741752
2022-09-19,0.01596703169436891,0.008865941039794299
2022-09-20,-0.00039370661140506304,0.009803951772636585
2022-09-21,-0.01346733543250444,0.009412615171013298
2022-09-22,0.0012700366703812492,0.009914074165716233
2022-09-23,-0.006483932693873183,0.009520471204656497
2022-09-26,0.007865583770041186,0.009356621816111374
2022-09-27,-0.0060735725413710315,0.009306388876276432
2022-09-28,-0.00407802271776158,0.009139789634005838
2022-09-29,-0.016795475722600574,0.008888655030048532
2022-09-30,-0.0044984615198022755,0.009945608381661933
2022-10-03,-0.02335827061107853,0.009636729994955798
2022-10-04,-0.01839151747284808,0.011611518838241311
2022-10-05,0.009408588068758425,0.012372970448077525
2022-10-06,0.009517155537469221,0.01211141972000815
2022-10-07,0.005056254294545593,0.011884274129087241
2022-10-10,-0.011050154247969996,0.011427535546234682
2022-10-11,-0.0005437995291068645,0.01139769591727012
2022-10-12,-3.919078908989332e-05,0.010878657553639436
2022-10-13,-0.012046096426280389,0.010399226201100207
2022-10-14,0.015926544681666398,0.01059369607039315
2022-10-17,0.009832259190266663,0.011206612474551804
2022-10-18,-0.002452783770841892,0.011100368572566362
2022-10-19,0.00028576681653891815,0.010628897115580061
2022-10-20,0.002119202843839229,0.010169758554998489
2022-10-21,-0.019944029707354614,0.009768178041033517
2022-10-24,-0.002749852711524512,0.011125017521760395
2022-10-25,-0.007268641902341725,0.010658078868656199
2022-10-26,-0.010443696969225594,0.010426805441238429
2022-10-27,-0.002941341531907145,0.010463672953554964
2022-10-28,0.01807801262183589,0.010056265289765467
2022-10-31,0.007090119401271141,0.01106374094150518
2022-11-01,-0.0061581964521757885,0.010781552827280248
2022-11-02,0.0059972671514158535,0.010474061300291576
2022-11-03,0.014255462210045857,0.010187163201955902
2022-11-04,0.009855681532559663,0.01065901201166761
2022-11-07,0.0006331018292639697,0.010617103836710879
2022-11-08,-0.006573088429198452,0.01016032579336511
2022-11-09,0.006937854349064508,0.00993644041067361
2022-11-10,0.0038395978558382385,0.009757917315589348
2022-11-11,0.00845082040386278,0.009440219401573418
2022-11-14,0.005987183652883283,0.009426085410323467
2022-11-15,0.009699998273832947,0.009242030564307236
2022-11-16,-0.005010482313790807,0.00936127184006057
2022-11-17,0.012029246706941131,0.009131092222697272
2022-11-18,0.0018787023231313996,0.009507621870276246
2022-11-21,0.019004806453599896,0.009157791535653183
2022-11-22,-0.007238367714107685,0.010502750518969527
2022-11-23,0.01785481543882186,0.010285246389507945
2022-11-24,0.0022196330722732242,0.011215321537505516
2022-11-25,-0.0069897131788346605,0.010729996929854012
2022-11-28,-0.005068434263693408,0.010474442331214062
2022-11-29,-0.0032489642541580757,0.010142005788877362
2022-11-30,0.004144408812547493,0.009770724990309522
2022-12-01,0.004947827060302547,0.009463449160449104
2022-12-02,-0.005289667568731999,0.009220267617948833
2022-12-05,-0.0002196373601075179,0.009018313989981548
2022-12-06,0.018623554837067586,0.008693372786586644
2022-12-07,0.017423459009621757,0.01008568660463982
2022-12-08,0.004796315967320913,0.010992564237700276
2022-12-09,0.0004029202354912087,0.010602193665219712
2022-12-12,0.0012177847464933033,0.010145557662223458
2022-12-13,0.005970823274334954,0.009732108169158019
2022-12-14,-0.00973303203604631,0.009516134910658306
2022-12-15,-0.0024715636776629205,0.009602909816125065
2022-12-16,-0.015446776644961297,0.009257415845438845
2022-12-19,0.00400995809963271,0.01004440342399066
2022-12-20,0.006282483169008896,0.009707235141021524
2022-12-21,-0.004595990484126821,0.009511836201402566
2022-12-22,0.014555685126681893,0.009247654088435158
2022-12-23,-0.012154560951634879,0.00991589283212909
2022-12-26,-0.014920962595608987,0.010189305209517842
2022-12-27,0.0024111649142383672,0.010742461031092604
2022-12-28,0.010784382938478188,0.010299303237885894
2022-12-29,0.017484800433475268,0.010383343965522483
2022-12-30,-0.005158945262528151,0.011242366932076673
2023-01-02,0.011698553035657524,0.010845240476225296
2023-01-03,-0.0004215261413973491,0.010946322896307467
2023-01-04,-0.001806075440859857,0.01046228169865959
2023-01-05,0.008863853138761818,0.010030841914110772
2023-01-06,0.006510651782332292,0.009980719667793203
2023-01-09,-0.015403212119938831,0.009771180382809233
2023-01-10,0.015441827771252789,0.010458114317105796
2023-01-11,0.015225353996532761,0.011032134902358106
2023-01-12,-0.0071862443962325065,0.011487648446577079
2023-01-13,0.00442128542726687,0.011170404136793884
2023-01-16,0.00531085612001944,0.010750063999085228
2023-01-17,0.002711942899746502,0.01040358967913365
2023-01-18,-0.0055005314969554615,0.009995420647106191
2023-01-19,-0.006533844296769546,0.00972843502576314
2023-01-20,-0.00024394108800413722,0.009546075382110398
2023-01-23,0.010760873821538666,0.009175925251968848
2023-01-24,0.0051143377144845185,0.009408271265669909
2023-01-25,-0.00340174256480503,0.009178658973217185
2023-01-26,0.0068667966946215865,0.008898287116292354
2023-01-27,-0.025145022142774198,0.0088273287402006
2023-01-30,0.013071500836755418,0.011378735309142109
2023-01-31,-0.02008720232490593,0.011546268455156066
2023-02-01,-0.00455051739785041,0.012555196938386182
2023-02-02,-0.01346310107894058,0.012024169930402468
2023-02-03,-0.015726193831527988,0.01214676669624188
2023-02-06,0.014503222048179788,0.012493872648246026
2023-02-07,-0.005921476636241034,0.012660811260760983
2023-02-08,0.004218481683513748,0.012174413927033941
2023-02-09,-0.0005472476369531782,0.011663275475826665
2023-02-10,0.005306424890712048,0.011123628393823255
2023-02-13,0.0008253300388227307,0.010743422576975904
2023-02-14,-0.013186257942570315,0.010277738004928271
2023-02-15,0.010571937193157334,0.010611552032842001
2023-02-16,-0.005252218518660488,0.010637262768291161
2023-02-17,-0.016030218040537256,0.010298345403052422
2023-02-20,-0.004698674927449175,0.010975259359766738
2023-02-21,0.01588173608035833,0.010582463749009266
2023-02-22,0.009515290842027879,0.011191540242636749
2023-02-23,-0.0038568108485654653,0.011062060053398963
2023-02-24,-0.0037130483416125426,0.010631256793199454
2023-02-27,-0.0032910919323673273,0.010232379586461756
2023-02-28,0.020465423269856363,0.0098545530954439
2023-03-01,0.004306798899904596,0.011276248053803456
2023-03-02,0.0046628232959081,0.01084272494621058
2023-03-03,0.010776868107039818,0.010460100145126416
2023-03-06,0.0025128146547727967,0.010523152160746925
2023-03-07,-0.0026164103731276082,0.010100326975126918
2023-03-08,-0.001907634699771168,0.009715488494954547
2023-03-09,-0.000669352481810288,0.009348333916020666
2023-03-10,-0.00033488577127563205,0.008996927715159942
2023-03-13,0.006311591228848123,0.00867418219070696
2023-03-14,0.0004462442478987445,0.008590559983020605
2023-03-15,0.006083997613759248,0.008304210761826823
2023-03-16,-0.0006656846588340995,0.008247186116391464
2023-03-17,0.0006285605040543797,0.007993374232678135
2023-03-20,-0.015511792114761301,0.007762879992403512
2023-03-21,0.008128308983686392,0.008870526568266682
2023-03-22,0.0030833608085746693,0.008898884156489003
2023-03-23,0.008616646292117098,0.008633826658658635
2023-03-24,-0.025295437620423796,0.008733842260898909
2023-03-27,0.02369304364010902,0.011345207153616003
2023-03-28,-0.0018081599406207809,0.012953397501788267
2023-03-29,0.013660343342104772,0.01232679584612288
2023-03-30,-0.012926258922400902,0.012430219489306291
2023-03-31,0.0076291470663650465,0.012450182691095572
2023-04-03,-0.012712965064228627,0.01206832850079403
2023-04-04,-0.007555409350772142,0.012112512527625924
2023-04-05,0.0225047264425008,0.011757762691314353
2023-04-06,-0.002495224969101808,0.013085764386817212
2023-04-07,0.0027091919203576136,0.012459900293541559
2023-04-10,0.010341727541239486,0.011886117800338224
2023-04-11,0.0058219275891753875,0.011745290135549907
2023-04-12,0.0017047722165046584,0.011333497041993728
2023-04-13,0.003952646257561925,0.010830324968563496
2023-04-14,0.025049371464628236,0.010422405354480064
2023-04-17,-0.000719805552604072,0.012492547391860766
2023-04-18,0.0023911574927896716,0.01189044668212095
2023-04-19,0.011929965893500625,0.011354795581528403
2023-04-20,0.01261795909088862,0.011413535146233581
2023-04-21,0.013687735479676076,0.011531074999146117
2023-04-24,0.007499891744238918,0.01174187706417348
2023-04-25,-0.013051766327308941,0.011418819098624907
2023-04-26,0.01891356235725009,0.011579035902781682
2023-04-27,-0.014234094600650029,0.012416933576334424
2023-04-28,0.0038030268970559275,0.012566362286892415
2023-05-01,-0.00905965106840192,0.01201105811377815
2023-05-02,-0.0007543842336663462,0.011761828511943068
2023-05-03,0.0036872863318840802,0.011215656706252847
2023-05-04,0.003459924780841607,0.010766600575604617
2023-05-05,0.004366150506452025,0.010348271476631924
2023-05-08,0.01613324013941996,0.009997600220534636
2023-05-09,0.004871707861248299,0.010741652494608794
2023-05-10,-0.0025335077102980326,0.010376567105301467
2023-05-11,0.009608522757739891,0.009966446057775965
2023-05-12,0.011878015331954475,0.00998596891856727
2023-05-15,-0.012546312741176503,0.010220131043867965
2023-05-16,0.006267972260230447,0.010492084913558427
2023-05-17,0.007164656271940836,0.01021810438370413
2023-05-18,-0.0029830708604096775,0.010024989041753425
2023-05-19,0.013284031907297378,0.009656150408472487
2023-05-22,-0.0015149981490949662,0.010096246191530132
2023-05-23,0.0012169171803784178,0.009690647782581245
2023-05-24,-0.0016121981442234845,0.009315197033915718
2023-05-25,0.00013985965757973474,0.008977420272219238
2023-05-26,-0.00948924381568641,0.008655896616752664
2023-05-29,-0.012721259689955066,0.008833895971118284
2023-05-30,0.014892876362810694,0.009340124848954101
2023-05-31,-0.008500521118938878,0.010036492380457465
2023-06-01,-0.009871536869761131,0.009957245358182171
2023-06-02,-0.021535987511029277,0.010000968879247169
2023-06-05,-0.00738986101881313,0.011565420067061929
2023-06-06,-0.014888304017341107,0.011252678458804843
2023-06-07,0.019105153936049002,0.011635187299039507
2023-06-08,0.01261191991775837,0.01248931123355064
2023-06-09,-0.008583427964397622,0.012473187036156816
2023-06-12,0.027359587615880084,0.012146666977573587
2023-06-13,0.013926050821926717,0.014184701954231509
2023-06-14,-0.004576725693503085,0.014089542839328513
2023-06-15,-0.03358689542024948,0.013437952558233787
2023-06-16,0.03725415682506654,0.016261497459946015
2023-06-19,-0.0264242629619918,0.019016110058322912
2023-06-20,-0.03228759967168276,0.019622963571230112
2023-06-21,0.02136847876023063,0.02089682831747396
2023-06-22,0.05055477899325681,0.02072127436452117
2023-06-23,0.03424130755222885,0.02473595312596877
2023-06-26,0.014354398693364995,0.025455163222102478
2023-06-27,0.014480208819513457,0.024346537393858295
2023-06-28,0.019913941368255562,0.023334401585924158
2023-06-29,0.017287017906802378,0.022778187749732136
2023-06-30,0.006208411342680789,0.022078949830834596
2023-07-03,0.002176908993121342,0.020891419673698654
2023-07-04,-0.0012337417518192783,0.019710498471968707
2023-07-05,-0.014024963263387123,0.01860162064702373
2023-07-06,-0.0050692810974534595,0.018061030405844183
2023-07-07,-0.028997019762485476,0.017128032752723784
2023-07-10,-0.0018075230274362268,0.0183804137391004
2023-07-11,-0.01716829848079554,0.01736643022237367
2023-07-12,-0.018984600668278822,0.01720259554176801
2023-07-13,0.003099483476729414,0.017229484432126196
2023-07-14,0.02270701482321353,0.01631248385578604
2023-07-17,0.015491275536287112,0.016869209850973874
2023-07-18,-0.02609205983945239,0.016613848972268763
2023-07-19,-0.017372672714938198,0.017554748165452386
2023-07-20,0.016358378710752956,0.017388264988997367
2023-07-21,-0.01685053923590297,0.01715089613029821
2023-07-24,-0.0038148602721330754,0.01698262376761224
2023-07-25,0.008854133009487036,0.0160968988668323
2023-07-26,-0.014972513815550903,0.015461970934360717
2023-07-27,0.0016138618960350995,0.015315341819565485
2023-07-28,-0.019361620708626712,0.014513681172048265
2023-07-31,-0.008982504722808662,0.014936794177668418
2023-08-01,0.004607485834655757,0.014408211792858987
2023-08-02,-0.02187659995560288,0.013733010679899179
2023-08-03,0.00642907274732047,0.014595780854743315
2023-08-04,-0.0002743621678590645,0.013971126238913561
2023-08-07,0.007324942963301888,0.013258056376842861
2023-08-08,0.0028632293782821566,0.012787175719132226
2023-08-09,0.01663067157844301,0.012191319319494022
2023-08-10,0.001582418621945913,0.012636653278593462
2023-08-11,-0.0051662353274072375,0.012031133352096875
2023-08-14,0.0014145359140793415,0.011566351552622754
2023-08-15,0.0059986330255254764,0.011041146304478333
2023-08-16,0.0005228634956008466,0.01070124320565659
2023-08-17,0.0004155431880858378,0.01023714892781046
2023-08-18,-0.006886636951711584,0.009810140306970902
2023-08-21,-0.006391358763988135,0.009641499347444965
2023-08-22,-0.013267781485589472,0.00945938372851364
2023-08-23,0.017371579990056875,0.009929018579895898
2023-08-24,-0.013506924217099644,0.010858849938474737
2023-08-25,-0.00772159442715978,0.011143796368856432
2023-08-28,-0.007825304213595249,0.01089257387645603
2023-08-29,0.009551890161229218,0.01067340482314543
2023-08-30,-0.0031278917146637763,0.010604831755628737
2023-08-31,0.012715189369800406,0.010190559129382857
2023-09-01,-0.007061594627212542,0.010485067457532363
2023-09-04,0.0028619986701010304,0.010258274392871376
2023-09-05,-0.008241685057941652,0.009866180799681159
2023-09-06,0.020993309268853285,0.009786410183353463
2023-09-07,-0.01343329096028871,0.011311307547265169
2023-09-08,0.0035707827400514726,0.011525319716151021
2023-09-11,0.007001458565410462,0.011047197801083222
2023-09-12,0.004453054103732722,0.010761391533133222
2023-09-13,-0.0019228477472688712,0.010377635288370555
2023-09-14,-0.0012923820994900697,0.00995513120899708
2023-09-15,0.0004187661825981046,0.009558368246512758
2023-09-18,-0.0013506172237440835,0.009187747165221846
2023-09-19,0.008537222088681821,0.008857150175708534
2023-09-20,0.019721382691716634,0.008921591260312264
2023-09-21,-0.005821649971317822,0.01044257534886549
2023-09-22,-0.013902787595036936,0.010149479744385632
2023-09-25,-0.0009344828155027619,0.01058519634461426
2023-09-26,0.026140413671729236,0.01013308487517366
2023-09-27,-0.010033283635459385,0.012484261709071865
2023-09-28,0.02008931312439873,0.01225618153488223
2023-09-29,0.022035471543358987,0.01313432726411909
2023-10-02,-0.007819321077559888,0.01412479617239487
2023-10-03,0.00774050075147121,0.013604096562159287
2023-10-04,0.021372062173015256,0.01312460482259809
2023-10-05,-0.005317169929809292,0.014024745105594323
2023-10-06,-0.002728544701454683,0.013402789444339078
2023-10-09,-0.0074206764614716,0.012757297486516408
2023-10-10,-0.01251795208025048,0.01233591431485587
2023-10-11,-0.008005271680531117,0.012329506451231547
2023-10-12,-0.014663923856522584,0.011980914636719742
2023-10-13,0.00041697609386435655,0.012233968993207877
2023-10-16,-0.008970278881338715,0.011650117847610643
2023-10-17,0.0026725334200575755,0.011431541787897176
2023-10-18,-0.017018493623540576,0.010938068799836005
2023-10-19,0.0038494755878244785,0.011634045231597502
2023-10-20,0.009298334030026757,0.01115538206624349
2023-10-23,-0.021957425701884893,0.01101320818720225
2023-10-24,0.004643840123084809,0.012414807003596198
2023-10-25,0.014607353025405192,0.01189844584734266
2023-10-26,-0.014705373604208934,0.012156807992605689
2023-10-27,0.02072341783384858,0.012390147055476565
2023-10-30,0.00558640912662699,0.013332113822422872
2023-10-31,-0.009007186465529629,0.0127759361661234
2023-11-01,-0.0006941833315728652,0.01244745942964228
2023-11-02,0.006615406036145608,0.011848624681670217
2023-11-03,0.0008715198623576555,0.01146655317684922
2023-11-06,0.005896176200477469,0.010944056833046563
2023-11-07,-0.009766456473782102,0.010607946776355721
2023-11-08,0.0017892202877182613,0.010564546422714108
2023-11-09,-0.014313089712143326,0.010124455640427198
2023-11-10,-0.0011804740961365635,0.010613286866606801
2023-11-13,-0.009184798176269972,0.010161213109545054
2023-11-14,-0.007444953571762128,0.010121890545405663
2023-11-15,0.012308087558300552,0.00995724902065346
2023-11-16,0.011176379840230536,0.01024125006203047
2023-11-17,0.006316831347019805,0.010370113329325501
2023-11-20,-0.01104401956159842,0.010110675182770446
2023-11-21,-0.0032412334795371683,0.010243827188128397
2023-11-22,0.011965422816886425,0.009863527741493327
2023-11-23,0.0014347736890499378,0.010124223370370757
2023-11-24,0.02253275891125379,0.00971520369262905
2023-11-27,0.004531769691339481,0.011521902231328915
2023-11-28,0.0021270863506317487,0.01107574140150838
2023-11-29,-0.0032766142026781197,0.010599934271154248
2023-11-30,0.0013608193772548028,0.01019028124358905
2023-12-01,-0.0014903680965238475,0.009774838957681388
2023-12-04,0.0066532712270786845,0.009395833501422602
2023-12-05,0.00885514828869079,0.00925590764571348
2023-12-06,-0.007307945372300538,0.009297765096719927
2023-12-07,-0.012264779274839818,0.009213097709203833
2023-12-08,-0.017634614894299235,0.009603835797787523
2023-12-11,0.005403695280244876,0.010637377045563579
2023-12-12,-0.011370744471686662,0.01030549992002822
2023-12-13,-0.022486669018902315,0.010444873089469914
2023-12-14,0.004687367101029917,0.012062854326958706
2023-12-15,0.028861612385768794,0.01157706296529473
2023-12-18,-8.51907723401625e-05,0.014032616318052867
2023-12-19,0.01116437967197413,0.013314850934735013
2023-12-20,0.0010707737505336954,0.01308544719816282
2023-12-21,-0.001230310681113312,0.012441247809164209
2023-12-22,0.010888117177690787,0.011846802066238582
2023-12-25,-0.0034121116613435847,0.011754773987780447
2023-12-26,0.003009103082351033,0.01125351374737672
2023-12-27,0.0034686648248431484,0.010782370156200745
2023-12-28,-0.0069234034375645955,0.010362973157020549
2023-12-29,0.01005924502445625,0.010139935083573678
2024-01-01,-0.0017807005432207916,0.010177772173751093
2024-01-02,-0.00738320789739538,0.009769441199398491
2024-01-03,0.00517099203112835,0.009638205324838157
2024-01-04,-0.008435754394326464,0.009389042865512402
2024-01-05,0.0002643329566226774,0.009379776464122355
2024-01-08,-8.228795329381962e-05,0.009023794667818597
2024-01-09,0.009445295111081565,0.008698161598853537
2024-01-10,0.004208736676496098,0.008866130912184063
2024-01-11,-0.00021640650139603853,0.00864693563447971
2024-01-12,0.006832209676026273,0.008354721492812373
2024-01-15,0.011600224065414604,0.008344239012091666
2024-01-16,0.0049068931777733705,0.008796705836908903
2024-01-17,8.921482316861718e-05,0.008617608346322164
2024-01-18,-0.010924714207961407,0.008327803378619708
2024-01-19,-0.009271474968958469,0.008704681284613635
2024-01-22,-0.0027028388035199207,0.00885524259654701
2024-01-23,-0.005231268330030847,0.008582713047414538
2024-01-24,-0.0015786221162764592,0.008443125180548912
2024-01-25,0.0004635483168256164,0.008182681930603716
2024-01-26,0.004202332363354898,0.007933528123219832
2024-01-29,-0.0005505107253058895,0.00780879811625186
2024-01-30,0.0036950856507123346,0.007595217195262692
2024-01-31,0.0004824550908319431,0.007482892124772173
2024-02-01,-0.014421634168657944,0.007300368639129149
2024-02-02,-0.00783759602863654,0.00834376739151044
2024-02-05,-0.001212330053058155,0.008413842867877075
2024-02-06,-0.00985956121878021,0.008150453886923485
2024-02-07,0.005062463529738292,0.008438441562500799
2024-02-08,0.012712513688626442,0.008304756998996764
2024-02-09,0.010848858480241197,0.008901540908203241
2024-02-12,-0.0019599790071542574,0.009182686676825742
2024-02-13,0.013211977262794333,0.008862779645570926
2024-02-14,0.0014012100702893604,0.00942512972684017
2024-02-15,-0.0030589471326271656,0.009074679442995854
2024-02-16,-0.005393409825681661,0.00879260907435185
2024-02-19,-0.0026133586702047277,0.008640068036395773
2024-02-20,-0.003254842381529109,0.00838494785381783
2024-02-21,0.0013930828169536,0.008174590408911551
2024-02-22,0.001274311290739245,0.00793597619245375
2024-02-23,2.350933671002975e-05,0.007718050283967
2024-02-26,0.003281988979564041,0.0075113350281786825
2024-02-27,0.008799445181590905,0.007390478068870576
2024-02-28,0.0072957394724558495,0.007683331787149779
2024-02-29,-0.011572687394670584,0.007793590967567558
2024-03-01,-0.02129190607615035,0.008336947365043732
2024-03-04,0.009617833173896289,0.010293940071489304
2024-03-05,-0.014044611930257921,0.01027495120564787
2024-03-06,-0.00240675648790022,0.010707860140544895
2024-03-07,-0.01201408097491143,0.010267453406079728
2024-03-08,-0.01887874974476687,0.01047666742160653
2024-03-11,0.006236605694697532,0.011518070164081117
2024-03-12,0.008461995792642927,0.011146595893874244
2024-03-13,-0.006309602576144505,0.01094447310610692
2024-03-14,-0.027542025179428994,0.010629708848414523
2024-03-15,-0.007157730725642947,0.013103530385602255
2024-03-18,0.004951466229876157,0.012637610033590471
2024-03-19,-0.01791563366038687,0.012114066884497466
2024-03-20,0.002333991264950567,0.012729015521831042
2024-03-21,-0.0001856692590966542,0.012127438813972703
2024-03-22,0.006691478887749618,0.011551142891545107
2024-03-25,0.0013393389034672956,0.011200324277549011
2024-03-26,-0.010414794505691364,0.01070303867293929
2024-03-27,0.012807818049632363,0.010703763236727636
2024-03-28,-0.0017336040583245933,0.01093552467986312
2024-03-29,-0.00028572853666750635,0.010464506700930604
2024-04-01,-0.009350047417471244,0.010018609689286377
2024-04-02,-0.004437163225028164,0.01000979221049657
2024-04-03,-0.00857594248280186,0.009692491158589646
2024-04-04,-0.0016704321755060638,0.009658688820350677
2024-04-05,0.01590568374990788,0.009292285418008318
2024-04-08,-0.013906649316736446,0.010136772163497112
2024-04-09,-0.017063302493125303,0.010574932268197926
2024-04-10,0.016684249164635862,0.01134080048573325
2024-04-11,-0.002496424049418837,0.011926142724922897
2024-04-12,-0.007620554235669959,0.011389724607421818
2024-04-15,0.011551149845888757,0.011107892853923815
2024-04-16,-0.006759810697076865,0.011161884485351808
2024-04-17,0.019814494006632065,0.01085125334198982
2024-04-18,0.00810553899058564,0.01195637949997812
2024-04-19,-0.005683977094144993,0.011649608923363426
2024-04-22,0.024247939439503003,0.011239905030908427
2024-04-23,-0.007853108350528113,0.012965023730288431
2024-04-24,0.009312372578472306,0.0125487544185298
2024-04-25,0.003670204722695965,0.012262932538157752
2024-04-26,0.015266839875678577,0.011728013853451236
2024-04-29,0.018868950581733167,0.012083775397374765
2024-04-30,0.0004105258780329166,0.012827270526371762
2024-05-01,-0.00919075226626048,0.012198744717904657
2024-05-02,0.0054918928992148475,0.011939620656422609
2024-05-03,-0.007791147362995368,0.011496193993424119
2024-05-06,0.022579234238860726,0.011214551133468507
2024-05-07,0.0017300604127843235,0.012671155510187649
2024-05-08,-0.004407549331040528,0.012064848939817907
2024-05-09,0.002136565928145919,0.011568997127981763
2024-05-10,-0.014891171628555319,0.01105402792915137
2024-05-13,-0.011141230839161532,0.011466724849138122
2024-05-14,0.013733014091626293,0.011440232407122428
2024-05-15,-0.007664778527582067,0.011668207157450107
2024-05-16,-0.01189508375998319,0.01136207753739557
2024-05-17,0.006126768741089662,0.011416635267846028
2024-05-20,0.013100671844899757,0.011048853791545712
2024-05-21,0.008098184709637041,0.01126385342345225
2024-05-22,0.010981475211905407,0.011025049672216488
2024-05-23,-0.00835286727230614,0.011037158404522983
2024-05-24,-0.01541074451436492,0.010838816218533144
2024-05-27,0.017035773843607455,0.011347093846473344
2024-05-28,-0.0038644240054711777,0.011976031782269995
2024-05-29,-0.0028770266667603205,0.011469888244460522
2024-05-30,0.014580903638132473,0.01097799122787391
2024-05-31,0.006322174591446394,0.011366115607927309
2024-06-03,0.005020631496327777,0.011012867209408377
2024-06-04,0.023014072842790532,0.010630045226968109
2024-06-05,-0.007910469867812575,0.012292534219488475
2024-06-06,0.011080036200977795,0.011941751456569553
2024-06-07,0.0006758925186314949,0.011855033728664437
2024-06-10,0.0030354245574518647,0.011301235353072939
2024-06-11,0.016548521769659253,0.010826865301038826
2024-06-12,0.0058301958391066624,0.011480475265671612
2024-06-13,0.00597106879207546,0.011092536290840983
2024-06-14,0.011525730308847579,0.010746528166192192
2024-06-17,-0.003957426388681391,0.010843668421491712
2024-06-18,-0.008756960368262063,0.010434770605096722
2024-06-19,-0.010793435096342962,0.010330532271450968
2024-06-20,-0.02047262897592062,0.01041145288018047
2024-06-21,0.024077133422247998,0.011709488344662435
2024-06-24,-0.014670282792113062,0.01329783497654701
2024-06-25,-0.002960023500211754,0.01337841818018524
2024-06-26,-0.003526440441560253,0.01273941838407092
2024-06-27,0.003738966163217841,0.012162930052811455
2024-06-28,0.009493535222598107,0.011637982277461411
2024-07-01,0.009859875984729169,0.011458663303531054
2024-07-02,-0.006604349914263504,0.01132671147501904
2024-07-03,-0.0018370062194114274,0.010992025977900142
2024-07-04,0.0029721902678778145,0.01051805077728216
2024-07-05,-0.0025134900666259246,0.010106874761469523
2024-07-08,0.015621847325635109,0.009719034636171357
2024-07-09,0.005128004056537943,0.010444532942927482
2024-07-10,0.007435145910953051,0.010117527093748649
2024-07-11,0.00659744908448303,0.009952685942907774
2024-07-12,0.011442821074795629,0.009751236469227206
2024-07-15,0.001805327315487352,0.009972996191256321
2024-07-16,-0.012426513000546457,0.009582207640808017
2024-07-17,0.0039707765765988464,0.00993469169932917
2024-07-18,-0.00625687082863365,0.00960590252174919
2024-07-19,-0.0049792189239490055,0.009419337481873359
2024-07-22,0.00538397080032879,0.009181959718059567
2024-07-23,0.011130795653472157,0.008988894308783014
2024-07-24,0.00019755639432060497,0.009287341355645165
2024-07-25,0.0027606917408823663,0.008939108282660417
2024-07-26,0.014742072379539428,0.00866052341157095
2024-07-29,0.002278442207388429,0.009463809417713697
2024-07-30,0.02374287271450599,0.009125966411933945
2024-07-31,0.006398621860705592,0.011314788191737745
2024-08-01,-0.01931600184013718,0.010970246695470814
2024-08-02,0.009023902804630024,0.011978500260478614
2024-08-05,0.004471023699600325,0.0117300940420748
2024-08-06,0.014528067128506001,0.011264226482569648
2024-08-07,0.0078115927036914255,0.011603994508990535
2024-08-08,-0.0015663665305683098,0.011313100997872928
2024-08-09,-0.013234245959248363,0.010809658600308903
2024-08-12,-0.002314312704167619,0.01107203444352002
2024-08-13,-0.009015564837146854,0.010600056462520137
2024-08-14,-0.006093922807066613,0.010497289660075739
2024-08-15,0.006011346635275816,0.010213331970943314
2024-08-16,0.016619280075999193,0.00995223381498342
2024-08-19,0.004251097264645878,0.01077122858735868
2024-08-20,-0.012412062521295763,0.010378993494708921
2024-08-21,0.004719117982379924,0.010614236754969942
2024-08-22,0.01227039754993244,0.010254115562618465
2024-08-23,-0.006397779309384368,0.010491896811251768
2024-08-26,-0.0013703486498635275,0.010225172519935455
2024-08-27,0.00014404668588867813,0.009806970056186899
2024-08-28,-0.007389613563436483,0.009414740024625603
2024-08-29,0.006043817523021045,0.009322844262297639
2024-08-30,-0.0011070097349424057,0.00915276296235247
2024-09-02,0.0037011844079577086,0.0088221649164705
2024-09-03,-0.0076202360392281935,0.008586257129724712
2024-09-04,-0.003765778511502809,0.00860831422953637
2024-09-05,0.006064863799719026,0.00839565381082965
2024-09-06,-0.003104583115393749,0.008327003910396908
2024-09-09,0.014017774633109568,0.008117005241944128
2024-09-10,-0.0035669472106830617,0.008925486077286613
2024-09-11,0.0019490628197155232,0.008674656513446436
2024-09-12,0.007833851909759151,0.008400095349452468
2024-09-13,-0.012003216223148299,0.00846270883767539
2024-09-16,-0.01574819757485654,0.008943729420084522
2024-09-17,-0.015003647043013432,0.009834224720028912
2024-09-18,0.013203900698457354,0.01045783854130306
2024-09-19,-0.005941984816261488,0.010767232232573656
2024-09-20,0.02673274698617004,0.010449829743888353
2024-09-23,-0.0072349799255956295,0.012822349519627664
2024-09-24,0.002285712210634975,0.012385240152948822
2024-09-25,0.018211076454991922,0.011809194554945565
2024-09-26,0.025101835931036303,0.012512798424838057
2024-09-27,0.029043864238438338,0.014088680013753385
2024-09-30,0.01928058572098348,0.015955912398776115
2024-10-01,0.016559977410220795,0.016170865540752744
