Date,Close,Regime,SMA_Short,SMA_Long,Signal,Position,DailyReturn,StrategyReturn,BuyHoldEquity,StrategyEquity,TradeChange
2023-01-02,100.6182,Uptrend,,,0,0.0,0.0,0.0,1.0,1.0,0.0
2023-01-03,100.514,Uptrend,,,0,0.0,-0.001,-0.0,0.999,1.0,0.0
2023-01-04,101.3086,Uptrend,,,0,0.0,0.0079,0.0,1.0069,1.0,0.0
2023-01-05,103.1281,Uptrend,,,0,0.0,0.018,0.0,1.0249,1.0,0.0
2023-01-06,102.9093,Uptrend,,,0,0.0,-0.0021,-0.0,1.0228,1.0,0.0
2023-01-09,102.691,Uptrend,,,0,0.0,-0.0021,-0.0,1.0206,1.0,0.0
2023-01-10,104.6019,Uptrend,,,0,0.0,0.0186,0.0,1.0396,1.0,0.0
2023-01-11,105.5721,Uptrend,,,0,0.0,0.0093,0.0,1.0492,1.0,0.0
2023-01-12,105.0674,Uptrend,,,0,0.0,-0.0048,-0.0,1.0442,1.0,0.0
2023-01-13,105.7719,Uptrend,,,0,0.0,0.0067,0.0,1.0512,1.0,0.0
2023-01-16,105.2735,Uptrend,,,0,0.0,-0.0047,-0.0,1.0463,1.0,0.0
2023-01-17,104.7746,Uptrend,,,0,0.0,-0.0047,-0.0,1.0413,1.0,0.0
2023-01-18,105.1183,Uptrend,,,0,0.0,0.0033,0.0,1.0447,1.0,0.0
2023-01-19,102.917,Uptrend,,,0,0.0,-0.0209,-0.0,1.0228,1.0,0.0
2023-01-20,100.9772,Uptrend,,,0,0.0,-0.0188,-0.0,1.0036,1.0,0.0
2023-01-23,100.3887,Uptrend,,,0,0.0,-0.0058,-0.0,0.9977,1.0,0.0
2023-01-24,99.2951,Uptrend,,,0,0.0,-0.0109,-0.0,0.9869,1.0,0.0
2023-01-25,99.7025,Uptrend,,,0,0.0,0.0041,0.0,0.9909,1.0,0.0
2023-01-26,98.7336,Uptrend,,,0,0.0,-0.0097,-0.0,0.9813,1.0,0.0
2023-01-27,97.2167,Uptrend,,,0,0.0,-0.0154,-0.0,0.9662,1.0,0.0
2023-01-30,98.8983,Uptrend,,,0,0.0,0.0173,0.0,0.9829,1.0,0.0
2023-01-31,98.6978,Uptrend,,,0,0.0,-0.002,-0.0,0.9809,1.0,0.0
2023-02-01,98.8259,Uptrend,,,0,0.0,0.0013,0.0,0.9822,1.0,0.0
2023-02-02,97.2938,Uptrend,,,0,0.0,-0.0155,-0.0,0.967,1.0,0.0
2023-02-03,96.7465,Uptrend,,,0,0.0,-0.0056,-0.0,0.9615,1.0,0.0
2023-02-06,96.9197,Uptrend,,,0,0.0,0.0018,0.0,0.9632,1.0,0.0
2023-02-07,95.7138,Uptrend,,,0,0.0,-0.0124,-0.0,0.9513,1.0,0.0
2023-02-08,96.1735,Uptrend,,,0,0.0,0.0048,0.0,0.9558,1.0,0.0
2023-02-09,95.5714,Uptrend,,,0,0.0,-0.0063,-0.0,0.9498,1.0,0.0
2023-02-10,95.3064,Uptrend,,,0,0.0,-0.0028,-0.0,0.9472,1.0,0.0
2023-02-13,94.7087,Uptrend,,,0,0.0,-0.0063,-0.0,0.9413,1.0,0.0
2023-02-14,96.7702,Uptrend,,,0,0.0,0.0218,0.0,0.9618,1.0,0.0
2023-02-15,96.8068,Uptrend,,,0,0.0,0.0004,0.0,0.9621,1.0,0.0
2023-02-16,95.7035,Uptrend,,,0,0.0,-0.0114,-0.0,0.9512,1.0,0.0
2023-02-17,96.6516,Uptrend,,,0,0.0,0.0099,0.0,0.9606,1.0,0.0
2023-02-20,95.3735,Uptrend,,,0,0.0,-0.0132,-0.0,0.9479,1.0,0.0
2023-02-21,95.6504,Uptrend,,,0,0.0,0.0029,0.0,0.9506,1.0,0.0
2023-02-22,93.5981,Uptrend,,,0,0.0,-0.0215,-0.0,0.9302,1.0,0.0
2023-02-23,92.248,Uptrend,,,0,0.0,-0.0144,-0.0,0.9168,1.0,0.0
2023-02-24,92.5033,Uptrend,,,0,0.0,0.0028,0.0,0.9193,1.0,0.0
2023-02-27,93.3306,Uptrend,,,0,0.0,0.0089,0.0,0.9276,1.0,0.0
2023-02-28,93.5618,Uptrend,,,0,0.0,0.0025,0.0,0.9299,1.0,0.0
2023-03-01,93.4888,Uptrend,,,0,0.0,-0.0008,-0.0,0.9291,1.0,0.0
2023-03-02,93.2197,Uptrend,,,0,0.0,-0.0029,-0.0,0.9265,1.0,0.0
2023-03-03,91.7186,Uptrend,,,0,0.0,-0.0161,-0.0,0.9116,1.0,0.0
2023-03-06,91.0213,Uptrend,,,0,0.0,-0.0076,-0.0,0.9046,1.0,0.0
2023-03-07,90.5952,Uptrend,,,0,0.0,-0.0047,-0.0,0.9004,1.0,0.0
2023-03-08,91.7364,Uptrend,,,0,0.0,0.0126,0.0,0.9117,1.0,0.0
2023-03-09,92.1434,Uptrend,,,0,0.0,0.0044,0.0,0.9158,1.0,0.0
2023-03-10,90.3676,Uptrend,97.7585,,0,0.0,-0.0193,-0.0,0.8981,1.0,0.0
2023-03-13,90.7485,Uptrend,97.5611,,0,0.0,0.0042,0.0,0.9019,1.0,0.0
2023-03-14,90.4011,Uptrend,97.3588,,0,0.0,-0.0038,-0.0,0.8985,1.0,0.0
2023-03-15,89.7575,Uptrend,97.1278,,0,0.0,-0.0071,-0.0,0.8921,1.0,0.0
2023-03-16,90.4302,Uptrend,96.8738,,0,0.0,0.0075,0.0,0.8987,1.0,0.0
2023-03-17,91.5422,Uptrend,96.6465,,0,0.0,0.0123,0.0,0.9098,1.0,0.0
2023-03-20,92.5631,Uptrend,96.444,,0,0.0,0.0112,0.0,0.9199,1.0,0.0
2023-03-21,91.7352,Uptrend,96.1866,,0,0.0,-0.0089,-0.0,0.9117,1.0,0.0
2023-03-22,91.4626,Uptrend,95.9044,,0,0.0,-0.003,-0.0,0.909,1.0,0.0
2023-03-23,91.8556,Uptrend,95.6402,,0,0.0,0.0043,0.0,0.9129,1.0,0.0
2023-03-24,92.9266,Uptrend,95.3833,,0,0.0,0.0117,0.0,0.9236,1.0,0.0
2023-03-27,92.4722,Uptrend,95.1273,,0,0.0,-0.0049,-0.0,0.919,1.0,0.0
2023-03-28,92.3267,Uptrend,94.8783,,0,0.0,-0.0016,-0.0,0.9176,1.0,0.0
2023-03-29,91.2242,Uptrend,94.6004,,0,0.0,-0.0119,-0.0,0.9066,1.0,0.0
2023-03-30,90.043,Uptrend,94.3429,,0,0.0,-0.0129,-0.0,0.8949,1.0,0.0
2023-03-31,90.9247,Uptrend,94.1419,,0,0.0,0.0098,0.0,0.9037,1.0,0.0
2023-04-03,92.3828,Uptrend,93.9818,,0,0.0,0.016,0.0,0.9182,1.0,0.0
2023-04-04,92.3564,Uptrend,93.843,,0,0.0,-0.0003,-0.0,0.9179,1.0,0.0
2023-04-05,93.4629,Uptrend,93.7182,,0,0.0,0.012,0.0,0.9289,1.0,0.0
2023-04-06,93.8968,Uptrend,93.6215,,0,0.0,0.0046,0.0,0.9332,1.0,0.0
2023-04-07,93.262,Uptrend,93.5424,,0,0.0,-0.0068,-0.0,0.9269,1.0,0.0
2023-04-10,93.6947,Uptrend,93.4383,,0,0.0,0.0046,0.0,0.9312,1.0,0.0
2023-04-11,95.3936,Uptrend,93.3722,,0,0.0,0.0181,0.0,0.9481,1.0,0.0
2023-04-12,95.4055,Uptrend,93.3038,,0,0.0,0.0001,0.0,0.9482,1.0,0.0
2023-04-13,97.1648,Uptrend,93.3012,,0,0.0,0.0184,0.0,0.9657,1.0,0.0
2023-04-14,94.3711,Uptrend,93.2537,,0,0.0,-0.0288,-0.0,0.9379,1.0,0.0
2023-04-17,95.3053,Uptrend,93.2214,,0,0.0,0.0099,0.0,0.9472,1.0,0.0
2023-04-18,95.4501,Uptrend,93.2162,,0,0.0,0.0015,0.0,0.9486,1.0,0.0
2023-04-19,95.1775,Uptrend,93.1962,,0,0.0,-0.0029,-0.0,0.9459,1.0,0.0
2023-04-20,95.3272,Uptrend,93.1914,,0,0.0,0.0016,0.0,0.9474,1.0,0.0
2023-04-21,93.2523,Uptrend,93.1503,,0,0.0,-0.0218,-0.0,0.9268,1.0,0.0
2023-04-24,93.0698,Uptrend,93.1175,,0,0.0,-0.002,-0.0,0.925,1.0,0.0
2023-04-25,93.497,Uptrend,93.052,,0,0.0,0.0046,0.0,0.9292,1.0,0.0
2023-04-26,95.1275,Uptrend,93.0184,,0,0.0,0.0174,0.0,0.9454,1.0,0.0
2023-04-27,94.6203,Uptrend,92.9968,,0,0.0,-0.0053,-0.0,0.9404,1.0,0.0
2023-04-28,93.8067,Uptrend,92.9399,,0,0.0,-0.0086,-0.0,0.9323,1.0,0.0
2023-05-01,93.324,Uptrend,92.8989,,0,0.0,-0.0051,-0.0,0.9275,1.0,0.0
2023-05-02,94.3478,Uptrend,92.8728,,0,0.0,0.011,0.0,0.9377,1.0,0.0
2023-05-03,94.7505,Uptrend,92.8959,,0,0.0,0.0043,0.0,0.9417,1.0,0.0
2023-05-04,94.233,Uptrend,92.9356,,0,0.0,-0.0055,-0.0,0.9365,1.0,0.0
2023-05-05,94.8334,Uptrend,92.9822,,0,0.0,0.0064,0.0,0.9425,1.0,0.0
2023-05-08,94.9883,Uptrend,93.0153,,0,0.0,0.0016,0.0,0.944,1.0,0.0
2023-05-09,96.0883,Uptrend,93.0659,,0,0.0,0.0116,0.0,0.955,1.0,0.0
2023-05-10,95.3771,Uptrend,93.1036,,0,0.0,-0.0074,-0.0,0.9479,1.0,0.0
2023-05-11,95.0738,Uptrend,93.1407,,0,0.0,-0.0032,-0.0,0.9449,1.0,0.0
2023-05-12,94.7023,Uptrend,93.2004,,0,0.0,-0.0039,-0.0,0.9412,1.0,0.0
2023-05-15,93.1932,Uptrend,93.2438,,0,0.0,-0.0159,-0.0,0.9262,1.0,0.0
2023-05-16,93.5563,Uptrend,93.3031,,0,0.0,0.0039,0.0,0.9298,1.0,0.0
2023-05-17,93.8835,Uptrend,93.346,,0,0.0,0.0035,0.0,0.9331,1.0,0.0
2023-05-18,93.9388,Uptrend,93.3819,,0,0.0,0.0006,0.0,0.9336,1.0,0.0
2023-05-19,93.739,Uptrend,93.4493,,0,0.0,-0.0021,-0.0,0.9316,1.0,0.0
2023-05-22,92.2956,Uptrend,93.4803,,0,0.0,-0.0154,-0.0,0.9173,1.0,0.0
2023-05-23,91.9052,Uptrend,93.5104,,0,0.0,-0.0042,-0.0,0.9134,1.0,0.0
2023-05-24,91.5974,Uptrend,93.5472,,0,0.0,-0.0033,-0.0,0.9103,1.0,0.0
2023-05-25,90.8161,Uptrend,93.5549,,0,0.0,-0.0085,-0.0,0.9026,1.0,0.0
2023-05-26,90.6983,Uptrend,93.538,,0,0.0,-0.0013,-0.0,0.9014,1.0,0.0
2023-05-29,91.1632,Uptrend,93.51,,0,0.0,0.0051,0.0,0.906,1.0,0.0
2023-05-30,93.1834,Uptrend,93.539,,0,0.0,0.0222,0.0,0.9261,1.0,0.0
2023-05-31,93.4176,Uptrend,93.5781,,0,0.0,0.0025,0.0,0.9284,1.0,0.0
2023-06-01,93.7406,Uptrend,93.6158,,0,0.0,0.0035,0.0,0.9316,1.0,0.0
2023-06-02,93.7113,Uptrend,93.6315,,0,0.0,-0.0003,-0.0,0.9314,1.0,0.0
2023-06-05,91.7431,Uptrend,93.6169,,0,0.0,-0.021,-0.0,0.9118,1.0,0.0
2023-06-06,91.7643,Uptrend,93.6056,,0,0.0,0.0002,0.0,0.912,1.0,0.0
2023-06-07,91.8757,Uptrend,93.6187,,0,0.0,0.0012,0.0,0.9131,1.0,0.0
2023-06-08,94.5282,Uptrend,93.7084,,0,0.0,0.0289,0.0,0.9395,1.0,0.0
2023-06-09,94.3723,Uptrend,93.7773,,0,0.0,-0.0016,-0.0,0.9379,1.0,0.0
2023-06-12,94.7459,Uptrend,93.8246,,0,0.0,0.004,0.0,0.9416,1.0,0.0
2023-06-13,94.7589,Uptrend,93.8726,,0,0.0,0.0001,0.0,0.9418,1.0,0.0
2023-06-14,93.5611,Uptrend,93.8746,,0,0.0,-0.0126,-0.0,0.9299,1.0,0.0
2023-06-15,94.8318,Uptrend,93.8933,,0,0.0,0.0136,0.0,0.9425,1.0,0.0
2023-06-16,95.6945,Uptrend,93.942,,0,0.0,0.0091,0.0,0.9511,1.0,0.0
2023-06-19,96.608,Uptrend,94.0002,,0,0.0,0.0095,0.0,0.9601,1.0,0.0
2023-06-20,95.6677,Uptrend,94.0057,,0,0.0,-0.0097,-0.0,0.9508,1.0,0.0
2023-06-21,97.2532,Uptrend,94.0427,,0,0.0,0.0166,0.0,0.9666,1.0,0.0
2023-06-22,95.7704,Uptrend,94.0148,,0,0.0,-0.0152,-0.0,0.9518,1.0,0.0
2023-06-23,96.461,Uptrend,94.0566,,0,0.0,0.0072,0.0,0.9587,1.0,0.0
2023-06-26,98.9394,Uptrend,94.1292,,0,0.0,0.0257,0.0,0.9833,1.0,0.0
2023-06-27,97.8863,Uptrend,94.178,,0,0.0,-0.0106,-0.0,0.9728,1.0,0.0
2023-06-28,97.3114,Uptrend,94.2207,,0,0.0,-0.0059,-0.0,0.9671,1.0,0.0
2023-06-29,97.4732,Uptrend,94.2636,,0,0.0,0.0017,0.0,0.9687,1.0,0.0
2023-06-30,96.9698,Uptrend,94.3379,,0,0.0,-0.0052,-0.0,0.9637,1.0,0.0
2023-07-03,95.3303,Uptrend,94.3831,,0,0.0,-0.0169,-0.0,0.9474,1.0,0.0
2023-07-04,95.4551,Uptrend,94.4223,,0,0.0,0.0013,0.0,0.9487,1.0,0.0
2023-07-05,94.3623,Uptrend,94.407,,0,0.0,-0.0114,-0.0,0.9378,1.0,0.0
2023-07-06,94.9208,Uptrend,94.413,,0,0.0,0.0059,0.0,0.9434,1.0,0.0
2023-07-07,93.9862,Uptrend,94.4166,,0,0.0,-0.0098,-0.0,0.9341,1.0,0.0
2023-07-10,95.7034,Uptrend,94.4642,,0,0.0,0.0183,0.0,0.9512,1.0,0.0
2023-07-11,94.9076,Uptrend,94.4754,,0,0.0,-0.0083,-0.0,0.9432,1.0,0.0
2023-07-12,94.6118,Uptrend,94.4726,,0,0.0,-0.0031,-0.0,0.9403,1.0,0.0
2023-07-13,95.5393,Uptrend,94.4987,,0,0.0,0.0098,0.0,0.9495,1.0,0.0
2023-07-14,94.2652,Uptrend,94.4874,,0,0.0,-0.0133,-0.0,0.9369,1.0,0.0
2023-07-17,94.5588,Uptrend,94.4788,,0,0.0,0.0031,0.0,0.9398,1.0,0.0
2023-07-18,96.0218,Uptrend,94.4774,,0,0.0,0.0155,0.0,0.9543,1.0,0.0
2023-07-19,94.3375,Uptrend,94.4566,,0,0.0,-0.0175,-0.0,0.9376,1.0,0.0
2023-07-20,94.5854,Uptrend,94.4469,,0,0.0,0.0026,0.0,0.94,1.0,0.0
2023-07-21,94.9149,Uptrend,94.4511,,0,0.0,0.0035,0.0,0.9433,1.0,0.0
2023-07-24,95.8109,Uptrend,94.5035,,0,0.0,0.0094,0.0,0.9522,1.0,0.0
2023-07-25,94.5267,Uptrend,94.5229,,0,0.0,-0.0134,-0.0,0.9395,1.0,0.0
2023-07-26,93.1714,Uptrend,94.5087,,0,0.0,-0.0143,-0.0,0.926,1.0,0.0
2023-07-27,93.7742,Uptrend,94.5054,,0,0.0,0.0065,0.0,0.932,1.0,0.0
2023-07-28,94.1405,Uptrend,94.5134,,0,0.0,0.0039,0.0,0.9356,1.0,0.0
2023-07-31,94.4584,Uptrend,94.5566,,0,0.0,0.0034,0.0,0.9388,1.0,0.0
2023-08-01,94.8806,Uptrend,94.6162,,0,0.0,0.0045,0.0,0.943,1.0,0.0
2023-08-02,94.2018,Uptrend,94.6682,,0,0.0,-0.0072,-0.0,0.9362,1.0,0.0
2023-08-03,94.5003,Uptrend,94.7419,,0,0.0,0.0032,0.0,0.9392,1.0,0.0
2023-08-04,94.8653,Uptrend,94.8253,,0,0.0,0.0039,0.0,0.9428,1.0,0.0
2023-08-07,94.1499,Uptrend,94.885,,0,0.0,-0.0075,-0.0,0.9357,1.0,0.0
2023-08-08,96.214,Uptrend,94.9456,,0,0.0,0.0219,0.0,0.9562,1.0,0.0
2023-08-09,96.7837,Uptrend,95.0129,,0,0.0,0.0059,0.0,0.9619,1.0,0.0
2023-08-10,95.5359,Uptrend,95.0488,,0,0.0,-0.0129,-0.0,0.9495,1.0,0.0
2023-08-11,96.3009,Uptrend,95.1006,,0,0.0,0.008,0.0,0.9571,1.0,0.0
2023-08-14,95.293,Uptrend,95.1716,,0,0.0,-0.0105,-0.0,0.9471,1.0,0.0
2023-08-15,96.1984,Uptrend,95.2603,,0,0.0,0.0095,0.0,0.9561,1.0,0.0
2023-08-16,97.5222,Uptrend,95.3732,,0,0.0,0.0138,0.0,0.9692,1.0,0.0
2023-08-17,96.6702,Uptrend,95.4161,,0,0.0,-0.0087,-0.0,0.9608,1.0,0.0
2023-08-18,97.7839,Uptrend,95.4843,,0,0.0,0.0115,0.0,0.9718,1.0,0.0
2023-08-21,98.2949,Uptrend,95.5553,,0,0.0,0.0052,0.0,0.9769,1.0,0.0
2023-08-22,99.2681,Uptrend,95.6455,,0,0.0,0.0099,0.0,0.9866,1.0,0.0
2023-08-23,101.4801,Uptrend,95.8039,,0,0.0,0.0223,0.0,1.0086,1.0,0.0
2023-08-24,101.2519,Uptrend,95.9323,,0,0.0,-0.0022,-0.0,1.0063,1.0,0.0
2023-08-25,100.4435,Uptrend,96.0272,,0,0.0,-0.008,-0.0,0.9983,1.0,0.0
2023-08-28,99.4883,Uptrend,96.0848,,0,0.0,-0.0095,-0.0,0.9888,1.0,0.0
2023-08-29,98.6246,Uptrend,96.144,,0,0.0,-0.0087,-0.0,0.9802,1.0,0.0
2023-08-30,98.5908,Uptrend,96.1707,,0,0.0,-0.0003,-0.0,0.9798,1.0,0.0
2023-08-31,99.0254,Uptrend,96.2358,,0,0.0,0.0044,0.0,0.9842,1.0,0.0
2023-09-01,99.3894,Uptrend,96.2944,,0,0.0,0.0037,0.0,0.9878,1.0,0.0
2023-09-04,100.3792,Uptrend,96.3232,,0,0.0,0.01,0.0,0.9976,1.0,0.0
2023-09-05,100.4474,Uptrend,96.3744,,0,0.0,0.0007,0.0,0.9983,1.0,0.0
2023-09-06,102.1708,Uptrend,96.4716,,0,0.0,0.0172,0.0,1.0154,1.0,0.0
2023-09-07,101.9188,Uptrend,96.5605,,0,0.0,-0.0025,-0.0,1.0129,1.0,0.0
2023-09-08,105.1672,Uptrend,96.7245,,0,0.0,0.0319,0.0,1.0452,1.0,0.0
2023-09-11,105.9722,Uptrend,96.9373,,0,0.0,0.0077,0.0,1.0532,1.0,0.0
2023-09-12,105.0029,Uptrend,97.1283,,0,0.0,-0.0091,-0.0,1.0436,1.0,0.0
2023-09-13,103.7907,Uptrend,97.3168,,0,0.0,-0.0115,-0.0,1.0315,1.0,0.0
2023-09-14,104.4155,Uptrend,97.5067,,0,0.0,0.006,0.0,1.0377,1.0,0.0
2023-09-15,104.2066,Uptrend,97.7111,,0,0.0,-0.002,-0.0,1.0357,1.0,0.0
2023-09-18,105.1094,Uptrend,97.8992,,0,0.0,0.0087,0.0,1.0446,1.0,0.0
2023-09-19,105.7311,Uptrend,98.1157,,0,0.0,0.0059,0.0,1.0508,1.0,0.0
2023-09-20,105.6999,Uptrend,98.3375,,0,0.0,-0.0003,-0.0,1.0505,1.0,0.0
2023-09-21,104.7455,Uptrend,98.5216,,0,0.0,-0.009,-0.0,1.041,1.0,0.0
2023-09-22,103.0163,Uptrend,98.6966,,0,0.0,-0.0165,-0.0,1.0238,1.0,0.0
2023-09-25,102.5505,Uptrend,98.8565,,0,0.0,-0.0045,-0.0,1.0192,1.0,0.0
2023-09-26,103.6062,Uptrend,99.0081,,0,0.0,0.0103,0.0,1.0297,1.0,0.0
2023-09-27,103.9132,Uptrend,99.1997,,0,0.0,0.003,0.0,1.0327,1.0,0.0
2023-09-28,102.5101,Uptrend,99.3582,,0,0.0,-0.0135,-0.0,1.0188,1.0,0.0
2023-09-29,102.7661,Uptrend,99.5152,,0,0.0,0.0025,0.0,1.0213,1.0,0.0
2023-10-02,103.2709,Uptrend,99.6644,,0,0.0,0.0049,0.0,1.0264,1.0,0.0
2023-10-03,102.2954,Uptrend,99.8197,,0,0.0,-0.0094,-0.0,1.0167,1.0,0.0
2023-10-04,102.5283,Uptrend,100.0069,,0,0.0,0.0023,0.0,1.019,1.0,0.0
2023-10-05,102.6505,Uptrend,100.1844,,0,0.0,0.0012,0.0,1.0202,1.0,0.0
2023-10-06,101.3825,Uptrend,100.3293,96.5126,1,0.0,-0.0124,-0.0,1.0076,1.0,0.0
2023-10-09,101.8487,Uptrend,100.4771,96.5188,1,1.0,0.0046,0.0046,1.0122,1.0046,1.0
2023-10-10,102.5529,Uptrend,100.6305,96.529,1,1.0,0.0069,0.0069,1.0192,1.0115,0.0
2023-10-11,103.8752,Uptrend,100.824,96.5418,1,1.0,0.0129,0.0129,1.0324,1.0246,0.0
2023-10-12,105.1797,Uptrend,101.0376,96.5521,1,1.0,0.0126,0.0126,1.0453,1.0375,0.0
2023-10-13,103.6044,Uptrend,101.2123,96.5555,1,1.0,-0.015,-0.015,1.0297,1.0219,0.0
2023-10-16,102.5629,Uptrend,101.3806,96.5549,1,1.0,-0.0101,-0.0101,1.0193,1.0116,0.0
2023-10-17,103.2184,Uptrend,101.5207,96.548,1,1.0,0.0064,0.0064,1.0258,1.0181,0.0
2023-10-18,103.8767,Uptrend,101.6625,96.5395,1,1.0,0.0064,0.0064,1.0324,1.0246,0.0
2023-10-19,104.5406,Uptrend,101.8426,96.5369,1,1.0,0.0064,0.0064,1.039,1.0311,0.0
2023-10-20,109.2667,Uptrend,102.102,96.5543,1,1.0,0.0452,0.0452,1.086,1.0778,0.0
2023-10-23,110.0348,Uptrend,102.3968,96.5781,1,1.0,0.007,0.007,1.0936,1.0853,0.0
2023-10-24,111.5199,Uptrend,102.7032,96.6119,1,1.0,0.0135,0.0135,1.1083,1.1,0.0
2023-10-25,112.7927,Uptrend,103.0086,96.6502,1,1.0,0.0114,0.0114,1.121,1.1125,0.0
2023-10-26,113.6892,Uptrend,103.349,96.7041,1,1.0,0.0079,0.0079,1.1299,1.1214,0.0
2023-10-27,113.3437,Uptrend,103.6602,96.7659,1,1.0,-0.003,-0.003,1.1265,1.118,0.0
2023-10-30,114.3841,Uptrend,103.982,96.8359,1,1.0,0.0092,0.0092,1.1368,1.1282,0.0
2023-10-31,113.4463,Uptrend,104.2656,96.9067,1,1.0,-0.0082,-0.0082,1.1275,1.119,0.0
2023-11-01,113.2022,Uptrend,104.5,96.9742,1,1.0,-0.0022,-0.0022,1.1251,1.1166,0.0
2023-11-02,112.6407,Uptrend,104.7278,97.0437,1,1.0,-0.005,-0.005,1.1195,1.111,0.0
2023-11-03,112.8052,Uptrend,104.975,97.1216,1,1.0,0.0015,0.0015,1.1211,1.1127,0.0
2023-11-06,115.8665,Uptrend,105.3026,97.2065,1,1.0,0.0271,0.0271,1.1515,1.1429,0.0
2023-11-07,113.4993,Uptrend,105.6001,97.2805,1,1.0,-0.0204,-0.0204,1.128,1.1195,0.0
2023-11-08,114.4467,Uptrend,105.9172,97.3586,1,1.0,0.0083,0.0083,1.1374,1.1289,0.0
2023-11-09,112.4326,Uptrend,106.1853,97.4343,1,1.0,-0.0176,-0.0176,1.1174,1.109,0.0
2023-11-10,111.8919,Uptrend,106.4354,97.51,1,1.0,-0.0048,-0.0048,1.112,1.1037,0.0
2023-11-13,113.3423,Uptrend,106.6946,97.5921,1,1.0,0.013,0.013,1.1265,1.118,0.0
2023-11-14,113.4851,Uptrend,106.9554,97.681,1,1.0,0.0013,0.0013,1.1279,1.1194,0.0
2023-11-15,112.1663,Uptrend,107.1553,97.7609,1,1.0,-0.0116,-0.0116,1.1148,1.1064,0.0
2023-11-16,111.3193,Uptrend,107.3433,97.8397,1,1.0,-0.0076,-0.0076,1.1064,1.098,0.0
2023-11-17,112.24,Uptrend,107.4848,97.9244,1,1.0,0.0083,0.0083,1.1155,1.1071,0.0
2023-11-20,111.3734,Uptrend,107.5928,98.0077,1,1.0,-0.0077,-0.0077,1.1069,1.0985,0.0
2023-11-21,111.7064,Uptrend,107.7269,98.0824,1,1.0,0.003,0.003,1.1102,1.1018,0.0
2023-11-22,111.8235,Uptrend,107.8875,98.1574,1,1.0,0.001,0.001,1.1114,1.103,0.0
2023-11-23,111.0593,Uptrend,108.0204,98.2342,1,1.0,-0.0068,-0.0068,1.1038,1.0954,0.0
2023-11-24,113.8527,Uptrend,108.2133,98.3202,1,1.0,0.0252,0.0252,1.1315,1.123,0.0
2023-11-27,114.7349,Uptrend,108.4058,98.417,1,1.0,0.0077,0.0077,1.1403,1.1317,0.0
2023-11-28,112.1898,Uptrend,108.535,98.4997,1,1.0,-0.0222,-0.0222,1.115,1.1066,0.0
2023-11-29,112.487,Uptrend,108.6707,98.5942,1,1.0,0.0026,0.0026,1.118,1.1095,0.0
2023-11-30,111.7053,Uptrend,108.8099,98.6915,1,1.0,-0.0069,-0.0069,1.1102,1.1018,0.0
2023-12-01,112.8502,Uptrend,109.0066,98.7932,1,1.0,0.0102,0.0102,1.1216,1.1131,0.0
2023-12-04,111.9,Uptrend,109.1936,98.886,1,1.0,-0.0084,-0.0084,1.1121,1.1037,0.0
2023-12-05,111.8139,Uptrend,109.3578,98.9773,1,1.0,-0.0008,-0.0008,1.1113,1.1029,0.0
2023-12-06,112.5157,Uptrend,109.5298,99.0724,1,1.0,0.0063,0.0063,1.1182,1.1098,0.0
2023-12-07,113.686,Uptrend,109.7533,99.1748,1,1.0,0.0104,0.0104,1.1299,1.1214,0.0
2023-12-08,112.2088,Uptrend,109.9422,99.2772,1,1.0,-0.013,-0.013,1.1152,1.1068,0.0
2023-12-11,111.8433,Uptrend,110.1136,99.3813,1,1.0,-0.0033,-0.0033,1.1116,1.1032,0.0
2023-12-12,111.3017,Uptrend,110.2938,99.4849,1,1.0,-0.0048,-0.0048,1.1062,1.0978,0.0
2023-12-13,110.5389,Uptrend,110.454,99.5789,1,1.0,-0.0069,-0.0069,1.0986,1.0903,0.0
2023-12-14,112.8339,Uptrend,110.6576,99.6823,1,1.0,0.0208,0.0208,1.1214,1.113,0.0
2023-12-15,113.4135,Uptrend,110.8983,99.7976,1,1.0,0.0051,0.0051,1.1272,1.1187,0.0
2023-12-18,111.8629,Uptrend,111.0985,99.9031,1,1.0,-0.0137,-0.0137,1.1118,1.1034,0.0
2023-12-19,113.0932,Uptrend,111.3094,100.0166,1,1.0,0.011,0.011,1.124,1.1155,0.0
2023-12-20,116.4575,Choppy/Sideways,111.561,100.1501,1,1.0,0.0297,0.0297,1.1574,1.1487,0.0
2023-12-21,118.1245,Choppy/Sideways,111.8199,100.2886,1,1.0,0.0143,0.0143,1.174,1.1651,0.0
2023-12-22,115.6521,Choppy/Sideways,112.0608,100.4091,1,1.0,-0.0209,-0.0209,1.1494,1.1408,0.0
2023-12-25,114.8676,Choppy/Sideways,112.3069,100.5206,1,1.0,-0.0068,-0.0068,1.1416,1.133,0.0
2023-12-26,116.891,Choppy/Sideways,112.5804,100.6464,1,1.0,0.0176,0.0176,1.1617,1.153,0.0
2023-12-27,115.7391,Choppy/Sideways,112.8176,100.7678,1,1.0,-0.0099,-0.0099,1.1503,1.1416,0.0
2023-12-28,116.442,Choppy/Sideways,113.0557,100.8907,1,1.0,0.0061,0.0061,1.1573,1.1485,0.0
2023-12-29,117.6874,Choppy/Sideways,113.2241,101.0145,1,1.0,0.0107,0.0107,1.1696,1.1608,0.0
2024-01-01,116.1741,Choppy/Sideways,113.3469,101.133,1,1.0,-0.0129,-0.0129,1.1546,1.1459,0.0
2024-01-02,116.0672,Choppy/Sideways,113.4378,101.2517,1,1.0,-0.0009,-0.0009,1.1535,1.1448,0.0
2024-01-03,110.9582,Choppy/Sideways,113.4011,101.3504,1,1.0,-0.044,-0.044,1.1028,1.0945,0.0
2024-01-04,109.3836,Choppy/Sideways,113.315,101.4471,1,1.0,-0.0142,-0.0142,1.0871,1.0789,0.0
2024-01-05,108.9909,Choppy/Sideways,113.228,101.5375,1,1.0,-0.0036,-0.0036,1.0832,1.075,0.0
2024-01-08,107.1121,Choppy/Sideways,113.0825,101.6111,1,1.0,-0.0172,-0.0172,1.0645,1.0565,0.0
2024-01-09,109.5524,Choppy/Sideways,113.0046,101.6971,1,1.0,0.0228,0.0228,1.0888,1.0806,0.0
2024-01-10,107.3921,Choppy/Sideways,112.8884,101.7667,1,1.0,-0.0197,-0.0197,1.0673,1.0593,0.0
2024-01-11,106.7289,Choppy/Sideways,112.7702,101.8309,1,1.0,-0.0062,-0.0062,1.0607,1.0527,0.0
2024-01-12,106.9122,Choppy/Sideways,112.6523,101.8991,1,1.0,0.0017,0.0017,1.0626,1.0545,0.0
2024-01-15,109.0587,Choppy/Sideways,112.5162,101.976,1,1.0,0.0201,0.0201,1.0839,1.0757,0.0
2024-01-16,106.8997,Choppy/Sideways,112.3842,102.0335,1,1.0,-0.0198,-0.0198,1.0624,1.0544,0.0
2024-01-17,108.6265,Choppy/Sideways,112.2678,102.0996,1,1.0,0.0162,0.0162,1.0796,1.0715,0.0
2024-01-18,108.6314,Choppy/Sideways,112.1918,102.1569,1,1.0,0.0,0.0,1.0796,1.0715,0.0
2024-01-19,107.1535,Choppy/Sideways,112.097,102.2208,1,1.0,-0.0136,-0.0136,1.065,1.0569,0.0
2024-01-22,107.8316,Choppy/Sideways,111.9868,102.2835,1,1.0,0.0063,0.0063,1.0717,1.0636,0.0
2024-01-23,108.1191,Choppy/Sideways,111.8795,102.3468,1,1.0,0.0027,0.0027,1.0745,1.0664,0.0
2024-01-24,107.2132,Choppy/Sideways,111.7804,102.407,1,1.0,-0.0084,-0.0084,1.0655,1.0575,0.0
2024-01-25,107.3066,Choppy/Sideways,111.7001,102.4669,1,1.0,0.0009,0.0009,1.0665,1.0584,0.0
2024-01-26,106.7249,Choppy/Sideways,111.5898,102.5343,1,1.0,-0.0054,-0.0054,1.0607,1.0527,0.0
2024-01-29,106.8827,Choppy/Sideways,111.5,102.6033,1,1.0,0.0015,0.0015,1.0623,1.0543,0.0
2024-01-30,107.8576,Choppy/Sideways,111.4231,102.6751,1,1.0,0.0091,0.0091,1.0719,1.0639,0.0
2024-01-31,110.244,Choppy/Sideways,111.3915,102.7507,1,1.0,0.0221,0.0221,1.0957,1.0874,0.0
2024-02-01,108.3585,Choppy/Sideways,111.3374,102.8194,1,1.0,-0.0171,-0.0171,1.0769,1.0688,0.0
2024-02-02,111.5988,Choppy/Sideways,111.2924,102.9084,1,1.0,0.0299,0.0299,1.1091,1.1008,0.0
2024-02-05,108.6097,Choppy/Sideways,111.1699,102.9848,1,1.0,-0.0268,-0.0268,1.0794,1.0713,0.0
2024-02-06,108.3711,Choppy/Sideways,111.0935,103.0549,1,1.0,-0.0022,-0.0022,1.0771,1.0689,0.0
2024-02-07,109.2478,Choppy/Sideways,111.0287,103.1274,1,1.0,0.0081,0.0081,1.0858,1.0776,0.0
2024-02-08,109.6635,Choppy/Sideways,110.9879,103.2045,1,1.0,0.0038,0.0038,1.0899,1.0817,0.0
2024-02-09,108.7108,Choppy/Sideways,110.9051,103.2739,1,1.0,-0.0087,-0.0087,1.0804,1.0723,0.0
2024-02-12,108.3873,Choppy/Sideways,110.8348,103.3409,1,1.0,-0.003,-0.003,1.0772,1.0691,0.0
2024-02-13,107.6389,Choppy/Sideways,110.7513,103.3987,1,1.0,-0.0069,-0.0069,1.0698,1.0617,0.0
2024-02-14,106.7531,Choppy/Sideways,110.6361,103.4556,1,1.0,-0.0082,-0.0082,1.061,1.053,0.0
2024-02-15,108.0071,Choppy/Sideways,110.5225,103.5202,1,1.0,0.0117,0.0117,1.0734,1.0653,0.0
2024-02-16,108.5324,Choppy/Sideways,110.449,103.5894,1,1.0,0.0049,0.0049,1.0787,1.0705,0.0
2024-02-19,107.4848,Choppy/Sideways,110.3618,103.6608,1,1.0,-0.0097,-0.0097,1.0682,1.0602,0.0
2024-02-20,108.8228,Choppy/Sideways,110.3122,103.7372,1,1.0,0.0124,0.0124,1.0815,1.0734,0.0
2024-02-21,109.2767,Choppy/Sideways,110.287,103.8141,1,1.0,0.0042,0.0042,1.0861,1.0779,0.0
2024-02-22,110.5041,Choppy/Sideways,110.2404,103.8969,1,1.0,0.0112,0.0112,1.0983,1.09,0.0
2024-02-23,111.4619,Choppy/Sideways,110.2014,103.9856,1,1.0,0.0087,0.0087,1.1078,1.0994,0.0
2024-02-26,110.1781,Choppy/Sideways,110.1677,104.075,1,1.0,-0.0115,-0.0115,1.095,1.0868,0.0
2024-02-27,109.3155,Choppy/Sideways,110.0921,104.162,1,1.0,-0.0078,-0.0078,1.0864,1.0782,0.0
2024-02-28,110.4429,Choppy/Sideways,109.9718,104.2563,1,1.0,0.0103,0.0103,1.0976,1.0894,0.0
2024-02-29,111.3704,Choppy/Sideways,109.8367,104.359,1,1.0,0.0084,0.0084,1.1069,1.0985,0.0
2024-03-01,111.3275,Choppy/Sideways,109.7502,104.4622,1,1.0,-0.0004,-0.0004,1.1064,1.0981,0.0
2024-03-04,111.4979,Choppy/Sideways,109.6828,104.5638,1,1.0,0.0015,0.0015,1.1081,1.0998,0.0
2024-03-05,113.4789,Choppy/Sideways,109.6146,104.6653,1,1.0,0.0178,0.0178,1.1278,1.1193,0.0
2024-03-06,112.5415,Choppy/Sideways,109.5506,104.7609,1,1.0,-0.0083,-0.0083,1.1185,1.1101,0.0
2024-03-07,113.3872,Choppy/Sideways,109.4896,104.8592,1,1.0,0.0075,0.0075,1.1269,1.1184,0.0
2024-03-08,113.059,Choppy/Sideways,109.397,104.9559,1,1.0,-0.0029,-0.0029,1.1236,1.1152,0.0
2024-03-11,112.7077,Choppy/Sideways,109.3277,105.0607,1,1.0,-0.0031,-0.0031,1.1202,1.1117,0.0
2024-03-12,114.4261,Choppy/Sideways,109.2948,105.174,1,1.0,0.0152,0.0152,1.1372,1.1287,0.0
2024-03-13,115.7314,Choppy/Sideways,109.3903,105.2933,1,1.0,0.0114,0.0114,1.1502,1.1415,0.0
2024-03-14,117.0323,Choppy/Sideways,109.5433,105.4058,1,1.0,0.0112,0.0112,1.1631,1.1544,0.0
2024-03-15,119.1575,Choppy/Sideways,109.7466,105.5298,1,1.0,0.0182,0.0182,1.1843,1.1753,0.0
2024-03-18,119.1808,Choppy/Sideways,109.988,105.6519,1,1.0,0.0002,0.0002,1.1845,1.1756,0.0
2024-03-19,120.3009,Choppy/Sideways,110.203,105.7797,1,1.0,0.0094,0.0094,1.1956,1.1866,0.0
2024-03-20,119.7733,Choppy/Sideways,110.4506,105.9107,1,1.0,-0.0044,-0.0044,1.1904,1.1814,0.0
2024-03-21,120.301,Choppy/Sideways,110.722,106.0381,1,1.0,0.0044,0.0044,1.1956,1.1866,0.0
2024-03-22,120.0727,Choppy/Sideways,110.9852,106.16,1,1.0,-0.0019,-0.0019,1.1933,1.1844,0.0
2024-03-25,120.2227,Choppy/Sideways,111.2085,106.278,1,1.0,0.0012,0.0012,1.1948,1.1858,0.0
2024-03-26,121.2067,Choppy/Sideways,111.4946,106.4057,1,1.0,0.0082,0.0082,1.2046,1.1955,0.0
2024-03-27,119.8286,Choppy/Sideways,111.7187,106.5186,1,1.0,-0.0114,-0.0114,1.1909,1.1819,0.0
2024-03-28,123.3424,Choppy/Sideways,112.0129,106.6565,1,1.0,0.0293,0.0293,1.2258,1.2166,0.0
2024-03-29,121.623,Choppy/Sideways,112.3023,106.7823,1,1.0,-0.0139,-0.0139,1.2088,1.1996,0.0
2024-04-01,119.582,Choppy/Sideways,112.5373,106.8855,1,1.0,-0.0168,-0.0168,1.1885,1.1795,0.0
2024-04-02,121.5051,Choppy/Sideways,112.805,107.0036,1,1.0,0.0161,0.0161,1.2076,1.1985,0.0
2024-04-03,122.8338,Choppy/Sideways,113.1174,107.1312,1,1.0,0.0109,0.0109,1.2208,1.2116,0.0
2024-04-04,123.8889,Choppy/Sideways,113.4491,107.2633,1,1.0,0.0086,0.0086,1.2313,1.222,0.0
2024-04-05,124.9605,Choppy/Sideways,113.8138,107.4032,1,1.0,0.0086,0.0086,1.2419,1.2326,0.0
2024-04-08,124.9273,Choppy/Sideways,114.1747,107.5512,1,1.0,-0.0003,-0.0003,1.2416,1.2322,0.0
2024-04-09,123.3716,Choppy/Sideways,114.485,107.6908,1,1.0,-0.0125,-0.0125,1.2261,1.2169,0.0
2024-04-10,123.4894,Choppy/Sideways,114.7499,107.8364,1,1.0,0.001,0.001,1.2273,1.2181,0.0
2024-04-11,122.3242,Choppy/Sideways,115.0292,107.9734,1,1.0,-0.0094,-0.0094,1.2157,1.2066,0.0
2024-04-12,123.9766,Choppy/Sideways,115.2767,108.1234,1,1.0,0.0135,0.0135,1.2321,1.2229,0.0
2024-04-15,123.7123,Choppy/Sideways,115.5788,108.2634,1,1.0,-0.0021,-0.0021,1.2295,1.2203,0.0
2024-04-16,122.2933,Choppy/Sideways,115.8572,108.4004,1,1.0,-0.0115,-0.0115,1.2154,1.2063,0.0
2024-04-17,121.7381,Choppy/Sideways,116.107,108.536,1,1.0,-0.0045,-0.0045,1.2099,1.2008,0.0
2024-04-18,122.425,Choppy/Sideways,116.3623,108.6704,1,1.0,0.0056,0.0056,1.2167,1.2076,0.0
2024-04-19,121.4606,Choppy/Sideways,116.6173,108.8064,1,1.0,-0.0079,-0.0079,1.2071,1.198,0.0
2024-04-22,120.0729,Choppy/Sideways,116.851,108.934,1,1.0,-0.0114,-0.0114,1.1934,1.1844,0.0
2024-04-23,120.4676,Choppy/Sideways,117.1076,109.0562,1,1.0,0.0033,0.0033,1.1973,1.1882,0.0
2024-04-24,120.8656,Choppy/Sideways,117.3898,109.1888,1,1.0,0.0033,0.0033,1.2012,1.1922,0.0
2024-04-25,120.0079,Choppy/Sideways,117.6298,109.316,1,1.0,-0.0071,-0.0071,1.1927,1.1837,0.0
2024-04-26,119.2156,Choppy/Sideways,117.8435,109.4375,1,1.0,-0.0066,-0.0066,1.1848,1.1759,0.0
2024-04-29,119.5881,Choppy/Sideways,118.0856,109.5563,1,1.0,0.0031,0.0031,1.1885,1.1796,0.0
2024-04-30,117.2008,Choppy/Sideways,118.2531,109.6697,1,1.0,-0.02,-0.02,1.1648,1.156,0.0
2024-05-01,114.9259,Choppy/Sideways,118.3661,109.7785,1,1.0,-0.0194,-0.0194,1.1422,1.1336,0.0
2024-05-02,113.7763,Choppy/Sideways,118.4315,109.8785,1,1.0,-0.01,-0.01,1.1308,1.1222,0.0
2024-05-03,113.4294,Choppy/Sideways,118.4709,109.9749,1,1.0,-0.003,-0.003,1.1273,1.1188,0.0
2024-05-06,113.9082,Choppy/Sideways,118.5455,110.0722,1,1.0,0.0042,0.0042,1.1321,1.1235,0.0
2024-05-07,116.2501,Choppy/Sideways,118.6842,110.179,1,1.0,0.0206,0.0206,1.1554,1.1466,0.0
2024-05-08,117.6288,Choppy/Sideways,118.8279,110.2962,1,1.0,0.0119,0.0119,1.1691,1.1602,0.0
2024-05-09,117.3571,Choppy/Sideways,118.9476,110.4105,1,1.0,-0.0023,-0.0023,1.1664,1.1576,0.0
2024-05-10,117.3149,Choppy/Sideways,119.0674,110.5227,1,1.0,-0.0004,-0.0004,1.1659,1.1572,0.0
2024-05-13,115.6851,Choppy/Sideways,119.1511,110.6304,1,1.0,-0.0139,-0.0139,1.1497,1.1411,0.0
2024-05-14,115.6443,Choppy/Sideways,119.1944,110.7275,1,1.0,-0.0004,-0.0004,1.1493,1.1407,0.0
2024-05-15,115.1716,Choppy/Sideways,119.247,110.8195,1,1.0,-0.0041,-0.0041,1.1446,1.136,0.0
2024-05-16,115.6767,Choppy/Sideways,119.2928,110.9202,1,1.0,0.0044,0.0044,1.1497,1.141,0.0
2024-05-17,114.3471,Choppy/Sideways,119.3186,111.0104,1,1.0,-0.0115,-0.0115,1.1364,1.1279,0.0
2024-05-20,115.1621,Choppy/Sideways,119.3677,111.1098,1,1.0,0.0071,0.0071,1.1445,1.1359,0.0
2024-05-21,117.6232,Choppy/Sideways,119.4316,111.2169,1,1.0,0.0214,0.0214,1.169,1.1602,0.0
2024-05-22,117.4347,Choppy/Sideways,119.4657,111.3164,1,1.0,-0.0016,-0.0016,1.1671,1.1583,0.0
2024-05-23,118.079,Choppy/Sideways,119.4866,111.4235,1,1.0,0.0055,0.0055,1.1735,1.1647,0.0
2024-05-24,119.2023,Choppy/Sideways,119.4875,111.5306,1,1.0,0.0095,0.0095,1.1847,1.1758,0.0
2024-05-27,118.53,Choppy/Sideways,119.4745,111.6317,1,1.0,-0.0056,-0.0056,1.178,1.1691,0.0
2024-05-28,118.8872,Choppy/Sideways,119.4462,111.7298,1,1.0,0.003,0.003,1.1816,1.1727,0.0
2024-05-29,118.8966,Choppy/Sideways,119.4287,111.8169,1,1.0,0.0001,0.0001,1.1817,1.1728,0.0
2024-05-30,119.0462,Choppy/Sideways,119.4036,111.9059,1,1.0,0.0013,0.0013,1.1831,1.1742,0.0
2024-05-31,117.7664,Choppy/Sideways,119.3575,111.9925,1,1.0,-0.0108,-0.0108,1.1704,1.1616,0.0
2024-06-03,117.7951,Choppy/Sideways,119.3089,112.084,1,1.0,0.0002,0.0002,1.1707,1.1619,0.0
2024-06-04,118.5995,Choppy/Sideways,119.2568,112.1839,1,1.0,0.0068,0.0068,1.1787,1.1698,0.0
2024-06-05,120.9971,Choppy/Sideways,119.2801,112.296,1,1.0,0.0202,0.0202,1.2025,1.1935,0.0
2024-06-06,122.6047,Choppy/Sideways,119.2654,112.4138,1,1.0,0.0133,0.0133,1.2185,1.2093,0.0
2024-06-07,126.3062,Choppy/Sideways,119.3591,112.5484,1,1.0,0.0302,0.0302,1.2553,1.2458,0.0
2024-06-10,124.9581,Choppy/Sideways,119.4666,112.6713,1,1.0,-0.0107,-0.0107,1.2419,1.2325,0.0
2024-06-11,126.4658,Choppy/Sideways,119.5658,112.8014,1,1.0,0.0121,0.0121,1.2569,1.2474,0.0
2024-06-12,126.7754,Choppy/Sideways,119.6446,112.9244,1,1.0,0.0024,0.0024,1.26,1.2505,0.0
2024-06-13,130.6692,Choppy/Sideways,119.7802,113.0682,1,1.0,0.0307,0.0307,1.2987,1.2889,0.0
2024-06-14,129.2012,Choppy/Sideways,119.865,113.1884,1,1.0,-0.0112,-0.0112,1.2841,1.2744,0.0
2024-06-17,127.6941,Choppy/Sideways,119.9204,113.297,1,1.0,-0.0117,-0.0117,1.2691,1.2595,0.0
2024-06-18,126.6256,Choppy/Sideways,119.9855,113.4051,1,1.0,-0.0084,-0.0084,1.2585,1.249,0.0
2024-06-19,122.9409,Choppy/Sideways,119.9745,113.5008,1,1.0,-0.0291,-0.0291,1.2219,1.2126,0.0
2024-06-20,122.0367,Choppy/Sideways,119.9687,113.5889,1,1.0,-0.0074,-0.0074,1.2129,1.2037,0.0
2024-06-21,120.7479,Choppy/Sideways,119.9042,113.6717,1,1.0,-0.0106,-0.0106,1.2001,1.191,0.0
2024-06-24,120.9882,Choppy/Sideways,119.8497,113.751,1,1.0,0.002,0.002,1.2024,1.1934,0.0
2024-06-25,121.5509,Choppy/Sideways,119.8348,113.8301,1,1.0,0.0047,0.0047,1.208,1.1989,0.0
2024-06-26,124.7409,Choppy/Sideways,119.8949,113.9253,1,1.0,0.0262,0.0262,1.2397,1.2304,0.0
2024-06-27,126.3827,Choppy/Sideways,119.9741,114.0335,1,1.0,0.0132,0.0132,1.2561,1.2466,0.0
2024-06-28,125.3642,Choppy/Sideways,120.0521,114.1453,1,1.0,-0.0081,-0.0081,1.2459,1.2365,0.0
2024-07-01,123.8011,Choppy/Sideways,120.1267,114.2515,1,1.0,-0.0125,-0.0125,1.2304,1.2211,0.0
2024-07-02,124.636,Choppy/Sideways,120.2101,114.3567,1,1.0,0.0067,0.0067,1.2387,1.2294,0.0
2024-07-03,122.3646,Choppy/Sideways,120.24,114.4489,1,1.0,-0.0182,-0.0182,1.2161,1.207,0.0
2024-07-04,125.4981,Choppy/Sideways,120.3498,114.5639,1,1.0,0.0256,0.0256,1.2473,1.2379,0.0
2024-07-05,127.554,Choppy/Sideways,120.5166,114.6878,1,1.0,0.0164,0.0164,1.2677,1.2581,0.0
2024-07-08,126.7152,Choppy/Sideways,120.6591,114.805,1,1.0,-0.0066,-0.0066,1.2594,1.2499,0.0
2024-07-09,123.7303,Choppy/Sideways,120.7897,114.9122,1,1.0,-0.0236,-0.0236,1.2297,1.2204,0.0
2024-07-10,126.0616,Choppy/Sideways,121.0124,115.0299,1,1.0,0.0188,0.0188,1.2529,1.2434,0.0
2024-07-11,125.8496,Choppy/Sideways,121.2539,115.1459,1,1.0,-0.0017,-0.0017,1.2508,1.2413,0.0
2024-07-12,128.0148,Choppy/Sideways,121.5456,115.279,1,1.0,0.0172,0.0172,1.2723,1.2627,0.0
2024-07-15,125.2051,Choppy/Sideways,121.7716,115.3958,1,1.0,-0.0219,-0.0219,1.2444,1.235,0.0
2024-07-16,124.1575,Choppy/Sideways,121.9297,115.5038,1,1.0,-0.0084,-0.0084,1.2339,1.2246,0.0
2024-07-17,124.1546,Choppy/Sideways,122.0602,115.6052,1,1.0,-0.0,-0.0,1.2339,1.2246,0.0
2024-07-18,124.2235,Choppy/Sideways,122.1975,115.7005,1,1.0,0.0006,0.0006,1.2346,1.2253,0.0
2024-07-19,123.4392,Choppy/Sideways,122.32,115.7996,1,1.0,-0.0063,-0.0063,1.2268,1.2176,0.0
2024-07-22,124.4974,Choppy/Sideways,122.4963,115.9093,1,1.0,0.0086,0.0086,1.2373,1.228,0.0
2024-07-23,122.6571,Choppy/Sideways,122.6365,116.0065,1,1.0,-0.0148,-0.0148,1.219,1.2098,0.0
2024-07-24,122.4036,Choppy/Sideways,122.7812,116.0991,1,1.0,-0.0021,-0.0021,1.2165,1.2073,0.0
2024-07-25,122.596,Choppy/Sideways,122.9196,116.1894,1,1.0,0.0016,0.0016,1.2184,1.2092,0.0
2024-07-26,123.4614,Choppy/Sideways,123.1018,116.2604,1,1.0,0.0071,0.0071,1.227,1.2178,0.0
2024-07-29,124.673,Choppy/Sideways,123.2921,116.3336,1,1.0,0.0098,0.0098,1.2391,1.2297,0.0
2024-07-30,122.7331,Choppy/Sideways,123.3943,116.3896,1,1.0,-0.0156,-0.0156,1.2198,1.2106,0.0
2024-07-31,120.1397,Choppy/Sideways,123.4484,116.4264,1,1.0,-0.0211,-0.0211,1.194,1.185,0.0
2024-08-01,122.2742,Choppy/Sideways,123.5323,116.4693,1,1.0,0.0178,0.0178,1.2152,1.2061,0.0
2024-08-02,122.8268,Choppy/Sideways,123.6048,116.5167,1,1.0,0.0045,0.0045,1.2207,1.2115,0.0
2024-08-05,121.5477,Choppy/Sideways,123.6651,116.5525,1,1.0,-0.0104,-0.0104,1.208,1.1989,0.0
2024-08-06,124.1769,Choppy/Sideways,123.7709,116.6062,1,1.0,0.0216,0.0216,1.2341,1.2248,0.0
2024-08-07,124.3642,Choppy/Sideways,123.8803,116.662,1,1.0,0.0015,0.0015,1.236,1.2267,0.0
2024-08-08,126.4013,Choppy/Sideways,124.0274,116.7308,1,1.0,0.0164,0.0164,1.2562,1.2468,0.0
2024-08-09,126.5075,Choppy/Sideways,124.2022,116.7993,1,1.0,0.0008,0.0008,1.2573,1.2478,0.0
2024-08-12,130.1601,Choppy/Sideways,124.4495,116.8708,1,1.0,0.0289,0.0289,1.2936,1.2839,0.0
2024-08-13,133.3524,Choppy/Sideways,124.7445,116.97,1,1.0,0.0245,0.0245,1.3253,1.3153,0.0
2024-08-14,132.8804,Choppy/Sideways,124.9822,117.0622,1,1.0,-0.0035,-0.0035,1.3206,1.3107,0.0
2024-08-15,134.6687,Choppy/Sideways,125.2235,117.1734,1,1.0,0.0135,0.0135,1.3384,1.3283,0.0
2024-08-16,135.8656,Choppy/Sideways,125.4147,117.2933,1,1.0,0.0089,0.0089,1.3503,1.3401,0.0
2024-08-19,138.4539,Choppy/Sideways,125.6846,117.4188,1,1.0,0.0191,0.0191,1.376,1.3657,0.0
2024-08-20,136.6016,Choppy/Sideways,125.8873,117.5344,1,1.0,-0.0134,-0.0134,1.3576,1.3474,0.0
2024-08-21,137.8933,Choppy/Sideways,126.1097,117.663,1,1.0,0.0095,0.0095,1.3705,1.3601,0.0
2024-08-22,139.9175,Choppy/Sideways,126.2946,117.806,1,1.0,0.0147,0.0147,1.3906,1.3801,0.0
2024-08-23,136.5353,Choppy/Sideways,126.4413,117.9275,1,1.0,-0.0242,-0.0242,1.357,1.3467,0.0
2024-08-26,134.3017,Choppy/Sideways,126.5735,118.0421,1,1.0,-0.0164,-0.0164,1.3348,1.3247,0.0
2024-08-27,130.5468,Choppy/Sideways,126.6519,118.1363,1,1.0,-0.028,-0.028,1.2974,1.2877,0.0
2024-08-28,130.0478,Choppy/Sideways,126.794,118.2275,1,1.0,-0.0038,-0.0038,1.2925,1.2827,0.0
2024-08-29,131.3348,Choppy/Sideways,126.98,118.3288,1,1.0,0.0099,0.0099,1.3053,1.2954,0.0
2024-08-30,134.0851,Choppy/Sideways,127.2467,118.43,1,1.0,0.0209,0.0209,1.3326,1.3226,0.0
2024-09-02,134.21,Choppy/Sideways,127.5112,118.5274,1,1.0,0.0009,0.0009,1.3339,1.3238,0.0
2024-09-03,137.2604,Choppy/Sideways,127.8254,118.6527,1,1.0,0.0227,0.0227,1.3642,1.3539,0.0
2024-09-04,134.6471,Choppy/Sideways,128.0235,118.7635,1,1.0,-0.019,-0.019,1.3382,1.3281,0.0
2024-09-05,131.4931,Choppy/Sideways,128.1257,118.8625,1,1.0,-0.0234,-0.0234,1.3069,1.297,0.0
2024-09-06,131.3793,Choppy/Sideways,128.246,118.9551,1,1.0,-0.0009,-0.0009,1.3057,1.2959,0.0
2024-09-09,132.0678,Choppy/Sideways,128.4113,119.056,1,1.0,0.0052,0.0052,1.3126,1.3027,0.0
2024-09-10,131.9953,Choppy/Sideways,128.5585,119.1569,1,1.0,-0.0005,-0.0005,1.3118,1.302,0.0
2024-09-11,128.2547,Choppy/Sideways,128.6763,119.2356,1,1.0,-0.0283,-0.0283,1.2747,1.2651,0.0
2024-09-12,128.0841,Choppy/Sideways,128.728,119.3076,1,1.0,-0.0013,-0.0013,1.273,1.2634,0.0
2024-09-13,125.7773,Choppy/Sideways,128.6925,119.3754,1,1.0,-0.018,-0.018,1.25,1.2406,0.0
2024-09-16,126.9379,Choppy/Sideways,128.697,119.4509,1,1.0,0.0092,0.0092,1.2616,1.2521,0.0
2024-09-17,127.5722,Choppy/Sideways,128.7738,119.5322,1,1.0,0.005,0.005,1.2679,1.2583,0.0
2024-09-18,125.9092,Choppy/Sideways,128.7707,119.6091,1,1.0,-0.013,-0.013,1.2514,1.2419,0.0
2024-09-19,125.0037,Choppy/Sideways,128.7538,119.6699,1,1.0,-0.0072,-0.0072,1.2424,1.233,0.0
2024-09-20,123.1703,Choppy/Sideways,128.6569,119.7187,1,1.0,-0.0147,-0.0147,1.2241,1.2149,0.0
2024-09-23,123.0515,Choppy/Sideways,128.6139,119.7746,1,1.0,-0.001,-0.001,1.223,1.2137,0.0
2024-09-24,124.6792,Choppy/Sideways,128.6243,119.8326,1,1.0,0.0132,0.0132,1.2391,1.2298,0.0
2024-09-25,122.9757,Choppy/Sideways,128.6007,119.8652,1,1.0,-0.0137,-0.0137,1.2222,1.213,0.0
2024-09-26,123.8259,Choppy/Sideways,128.5928,119.8937,1,1.0,0.0069,0.0069,1.2307,1.2214,0.0
2024-09-27,122.9075,Choppy/Sideways,128.5821,119.9299,1,1.0,-0.0074,-0.0074,1.2215,1.2123,0.0
2024-09-30,121.5527,Choppy/Sideways,128.5232,119.9634,1,1.0,-0.011,-0.011,1.2081,1.199,0.0
2024-10-01,121.3608,Choppy/Sideways,128.4973,119.9857,1,1.0,-0.0016,-0.0016,1.2062,1.1971,0.0
2024-10-02,119.6206,Choppy/Sideways,128.4417,120.0051,1,1.0,-0.0143,-0.0143,1.1889,1.1799,0.0
2024-10-03,118.6949,Choppy/Sideways,128.3636,120.0164,1,1.0,-0.0077,-0.0077,1.1797,1.1708,0.0
2024-10-04,116.7295,Choppy/Sideways,128.229,120.0116,1,1.0,-0.0166,-0.0166,1.1601,1.1514,0.0
2024-10-07,119.94,Choppy/Sideways,128.1343,120.0304,1,1.0,0.0275,0.0275,1.192,1.183,0.0
2024-10-08,119.9871,Choppy/Sideways,128.0794,120.05,1,1.0,0.0004,0.0004,1.1925,1.1835,0.0
2024-10-09,118.8178,Choppy/Sideways,128.053,120.0893,1,1.0,-0.0097,-0.0097,1.1809,1.172,0.0
2024-10-10,119.1592,Choppy/Sideways,127.9907,120.1382,1,1.0,0.0029,0.0029,1.1843,1.1753,0.0
2024-10-11,118.9624,Choppy/Sideways,127.9134,120.1881,1,1.0,-0.0017,-0.0017,1.1823,1.1734,0.0
2024-10-14,118.5873,Choppy/Sideways,127.8542,120.2454,1,1.0,-0.0032,-0.0032,1.1786,1.1697,0.0
2024-10-15,119.5895,Choppy/Sideways,127.7624,120.2956,1,1.0,0.0085,0.0085,1.1885,1.1796,0.0
2024-10-16,120.8399,Choppy/Sideways,127.692,120.3629,1,1.0,0.0105,0.0105,1.201,1.1919,0.0
2024-10-17,119.9433,Choppy/Sideways,127.5628,120.4289,1,1.0,-0.0074,-0.0074,1.1921,1.1831,0.0
2024-10-18,118.9785,Choppy/Sideways,127.4122,120.4893,1,1.0,-0.008,-0.008,1.1825,1.1736,0.0
2024-10-21,118.5144,Choppy/Sideways,127.1793,120.5366,1,1.0,-0.0039,-0.0039,1.1779,1.169,0.0
2024-10-22,114.7823,Choppy/Sideways,126.8079,120.576,1,1.0,-0.0315,-0.0315,1.1408,1.1322,0.0
2024-10-23,112.3864,Choppy/Sideways,126.398,120.5948,1,1.0,-0.0209,-0.0209,1.117,1.1085,0.0
2024-10-24,114.5246,Choppy/Sideways,125.9951,120.6242,1,1.0,0.019,0.019,1.1382,1.1296,0.0
2024-10-25,117.1542,Choppy/Sideways,125.6209,120.6742,1,1.0,0.023,0.023,1.1643,1.1556,0.0
2024-10-28,116.7393,Choppy/Sideways,125.1866,120.7188,1,1.0,-0.0035,-0.0035,1.1602,1.1515,0.0
2024-10-29,117.6645,Choppy/Sideways,124.8079,120.7665,1,1.0,0.0079,0.0079,1.1694,1.1606,0.0
2024-10-30,118.1618,Choppy/Sideways,124.4132,120.8212,1,1.0,0.0042,0.0042,1.1744,1.1655,0.0
2024-10-31,123.301,Choppy/Sideways,124.0809,120.9012,1,1.0,0.0435,0.0435,1.2254,1.2162,0.0
2024-11-01,125.217,Choppy/Sideways,123.8545,120.9937,1,1.0,0.0155,0.0155,1.2445,1.2351,0.0
2024-11-04,124.9832,Choppy/Sideways,123.6682,121.0842,1,1.0,-0.0019,-0.0019,1.2422,1.2328,0.0
2024-11-05,123.3272,Choppy/Sideways,123.5238,121.1615,1,1.0,-0.0133,-0.0133,1.2257,1.2165,0.0
2024-11-06,120.6003,Choppy/Sideways,123.3348,121.2133,1,1.0,-0.0221,-0.0221,1.1986,1.1896,0.0
2024-11-07,120.9292,Choppy/Sideways,123.1267,121.2762,1,1.0,0.0027,0.0027,1.2019,1.1928,0.0
2024-11-08,119.6567,Choppy/Sideways,122.8382,121.3165,1,1.0,-0.0105,-0.0105,1.1892,1.1803,0.0
2024-11-11,117.3101,Choppy/Sideways,122.5002,121.36,1,1.0,-0.0196,-0.0196,1.1659,1.1571,0.0
2024-11-12,116.2524,Choppy/Sideways,122.08,121.3994,1,1.0,-0.009,-0.009,1.1554,1.1467,0.0
2024-11-13,114.5119,Choppy/Sideways,121.6773,121.4257,1,1.0,-0.015,-0.015,1.1381,1.1295,0.0
2024-11-14,117.2097,Choppy/Sideways,121.3916,121.4634,0,1.0,0.0236,0.0236,1.1649,1.1561,0.0
2024-11-15,118.6392,Choppy/Sideways,121.1368,121.5131,0,0.0,0.0122,0.0,1.1791,1.1561,-1.0
2024-11-18,118.6147,Choppy/Sideways,120.8678,121.5642,0,0.0,-0.0002,-0.0,1.1789,1.1561,0.0
2024-11-19,121.061,Choppy/Sideways,120.6491,121.6313,0,0.0,0.0206,0.0,1.2032,1.1561,0.0
2024-11-20,121.1792,Choppy/Sideways,120.5076,121.7034,0,0.0,0.001,0.0,1.2043,1.1561,0.0
2024-11-21,119.7299,Choppy/Sideways,120.3405,121.762,0,0.0,-0.012,-0.0,1.1899,1.1561,0.0
2024-11-22,122.2723,Choppy/Sideways,120.2704,121.8307,0,0.0,0.0212,0.0,1.2152,1.1561,0.0
2024-11-25,123.1771,Choppy/Sideways,120.1952,121.9092,0,0.0,0.0074,0.0,1.2242,1.1561,0.0
2024-11-26,121.4075,Choppy/Sideways,120.0719,121.9721,0,0.0,-0.0144,-0.0,1.2066,1.1561,0.0
2024-11-27,121.076,Choppy/Sideways,119.9752,122.0311,0,0.0,-0.0027,-0.0,1.2033,1.1561,0.0
2024-11-28,119.6042,Choppy/Sideways,119.8672,122.0766,0,0.0,-0.0122,-0.0,1.1887,1.1561,0.0
2024-11-29,117.3226,Choppy/Sideways,119.7503,122.1059,0,0.0,-0.0191,-0.0,1.166,1.1561,0.0
2024-12-02,118.8268,Choppy/Sideways,119.6658,122.1492,0,0.0,0.0128,0.0,1.181,1.1561,0.0
2024-12-03,122.0015,Choppy/Sideways,119.6122,122.2126,0,0.0,0.0267,0.0,1.2125,1.1561,0.0
2024-12-04,119.6481,Choppy/Sideways,119.5457,122.2586,0,0.0,-0.0193,-0.0,1.1891,1.1561,0.0
2024-12-05,120.5737,Choppy/Sideways,119.4806,122.3046,0,0.0,0.0077,0.0,1.1983,1.1561,0.0
2024-12-06,119.8984,Strong Uptrend,119.4204,122.3475,0,0.0,-0.0056,-0.0,1.1916,1.1561,0.0
2024-12-09,119.4235,Strong Uptrend,119.3779,122.3871,0,0.0,-0.004,-0.0,1.1869,1.1561,0.0
2024-12-10,118.8244,Strong Uptrend,119.3271,122.4139,0,0.0,-0.005,-0.0,1.1809,1.1561,0.0
2024-12-11,117.905,Strong Uptrend,119.2928,122.4407,0,0.0,-0.0077,-0.0,1.1718,1.1561,0.0
2024-12-12,118.0738,Strong Uptrend,119.2804,122.4641,0,0.0,0.0014,0.0,1.1735,1.1561,0.0
2024-12-13,117.1993,Strong Uptrend,119.2898,122.4848,0,0.0,-0.0074,-0.0,1.1648,1.1561,0.0
2024-12-16,117.6299,Strong Uptrend,119.2436,122.5094,0,0.0,0.0037,0.0,1.1691,1.1561,0.0
2024-12-17,117.6811,Strong Uptrend,119.1975,122.5257,0,0.0,0.0004,0.0,1.1696,1.1561,0.0
2024-12-18,117.5085,Strong Uptrend,119.1713,122.5346,0,0.0,-0.0015,-0.0,1.1679,1.1561,0.0
2024-12-19,116.5482,Strong Uptrend,119.1191,122.5322,0,0.0,-0.0082,-0.0,1.1583,1.1561,0.0
2024-12-20,115.9817,Strong Uptrend,119.0594,122.5163,0,0.0,-0.0049,-0.0,1.1527,1.1561,0.0
2024-12-23,116.9782,Strong Uptrend,119.0273,122.5053,0,0.0,0.0086,0.0,1.1626,1.1561,0.0
2024-12-24,117.681,Strong Uptrend,118.9891,122.4922,0,0.0,0.006,0.0,1.1696,1.1561,0.0
2024-12-25,116.637,Strong Uptrend,118.905,122.4765,0,0.0,-0.0089,-0.0,1.1592,1.1561,0.0
2024-12-26,116.8637,Strong Uptrend,118.8434,122.4593,0,0.0,0.0019,0.0,1.1615,1.1561,0.0
2024-12-27,117.863,Strong Uptrend,118.8211,122.4483,0,0.0,0.0086,0.0,1.1714,1.1561,0.0
2024-12-30,116.0056,Strong Uptrend,118.771,122.4272,0,0.0,-0.0158,-0.0,1.1529,1.1561,0.0
2024-12-31,116.7525,Strong Uptrend,118.8104,122.4049,0,0.0,0.0064,0.0,1.1604,1.1561,0.0
2025-01-01,116.0846,Strong Uptrend,118.8843,122.3862,0,0.0,-0.0057,-0.0,1.1537,1.1561,0.0
2025-01-02,116.864,Strong Uptrend,118.9311,122.3538,0,0.0,0.0067,0.0,1.1615,1.1561,0.0
2025-01-03,116.0777,Strong Uptrend,118.9096,122.3261,0,0.0,-0.0067,-0.0,1.1536,1.1561,0.0
2025-01-06,114.0925,Strong Uptrend,118.8566,122.2986,0,0.0,-0.0171,-0.0,1.1339,1.1561,0.0
2025-01-07,112.3419,Strong Uptrend,118.7502,122.2528,0,0.0,-0.0153,-0.0,1.1165,1.1561,0.0
2025-01-08,112.5022,Strong Uptrend,118.637,122.2011,0,0.0,0.0014,0.0,1.1181,1.1561,0.0
2025-01-09,112.9033,Strong Uptrend,118.429,122.1462,0,0.0,0.0036,0.0,1.1221,1.1561,0.0
2025-01-10,111.9842,Strong Uptrend,118.1644,122.0813,0,0.0,-0.0081,-0.0,1.113,1.1561,0.0
2025-01-13,112.8135,Strong Uptrend,117.921,122.0208,0,0.0,0.0074,0.0,1.1212,1.1561,0.0
2025-01-14,111.0444,Strong Uptrend,117.6753,121.9591,0,0.0,-0.0157,-0.0,1.1036,1.1561,0.0
2025-01-15,111.075,Strong Uptrend,117.4848,121.897,0,0.0,0.0003,0.0,1.1039,1.1561,0.0
2025-01-16,109.8308,Strong Uptrend,117.2629,121.8346,0,0.0,-0.0112,-0.0,1.0916,1.1561,0.0
2025-01-17,109.2143,Strong Uptrend,117.054,121.7608,0,0.0,-0.0056,-0.0,1.0854,1.1561,0.0
2025-01-20,109.3694,Strong Uptrend,116.8952,121.6891,0,0.0,0.0014,0.0,1.087,1.1561,0.0
2025-01-21,108.5272,Strong Uptrend,116.7407,121.6202,0,0.0,-0.0077,-0.0,1.0786,1.1561,0.0
2025-01-22,108.2091,Strong Uptrend,116.6146,121.5526,0,0.0,-0.0029,-0.0,1.0754,1.1561,0.0
2025-01-23,109.4152,Strong Uptrend,116.4588,121.4875,0,0.0,0.0111,0.0,1.0874,1.1561,0.0
2025-01-24,108.8833,Strong Uptrend,116.2636,121.4246,0,0.0,-0.0049,-0.0,1.0821,1.1561,0.0
2025-01-27,109.9077,Strong Uptrend,116.0895,121.3738,0,0.0,0.0094,0.0,1.0923,1.1561,0.0
2025-01-28,108.7656,Strong Uptrend,115.8436,121.3153,0,0.0,-0.0104,-0.0,1.081,1.1561,0.0
2025-01-29,109.451,Strong Uptrend,115.609,121.2582,0,0.0,0.0063,0.0,1.0878,1.1561,0.0
2025-01-30,111.1574,Strong Uptrend,115.4376,121.214,0,0.0,0.0156,0.0,1.1047,1.1561,0.0
2025-01-31,108.5246,Strong Uptrend,115.1626,121.1605,0,0.0,-0.0237,-0.0,1.0786,1.1561,0.0
2025-02-03,107.7578,Strong Uptrend,114.8542,121.1014,0,0.0,-0.0071,-0.0,1.071,1.1561,0.0
2025-02-04,108.4885,Strong Uptrend,114.5959,121.0578,0,0.0,0.0068,0.0,1.0782,1.1561,0.0
2025-02-05,108.3686,Strong Uptrend,114.3417,121.025,0,0.0,-0.0011,-0.0,1.077,1.1561,0.0
2025-02-06,108.8772,Strong Uptrend,114.1272,121.0005,0,0.0,0.0047,0.0,1.0821,1.1561,0.0
2025-02-07,108.3183,Strong Uptrend,113.9471,120.975,0,0.0,-0.0051,-0.0,1.0765,1.1561,0.0
2025-02-10,108.515,Strong Uptrend,113.7408,120.948,0,0.0,0.0018,0.0,1.0785,1.1561,0.0
2025-02-11,108.4469,Strong Uptrend,113.4698,120.909,0,0.0,-0.0006,-0.0,1.0778,1.1561,0.0
2025-02-12,109.8342,Strong Uptrend,113.2735,120.87,0,0.0,0.0128,0.0,1.0916,1.1561,0.0
2025-02-13,110.2199,Strong Uptrend,113.0664,120.8343,0,0.0,0.0035,0.0,1.0954,1.1561,0.0
2025-02-14,110.6998,Strong Uptrend,112.8824,120.8013,0,0.0,0.0044,0.0,1.1002,1.1561,0.0
2025-02-17,110.345,Strong Uptrend,112.7009,120.7746,0,0.0,-0.0032,-0.0,1.0967,1.1561,0.0
2025-02-18,109.9074,Strong Uptrend,112.5225,120.7459,0,0.0,-0.004,-0.0,1.0923,1.1561,0.0
2025-02-19,109.5323,Strong Uptrend,112.3551,120.7177,0,0.0,-0.0034,-0.0,1.0886,1.1561,0.0
2025-02-20,110.0722,Strong Uptrend,112.195,120.6897,0,0.0,0.0049,0.0,1.094,1.1561,0.0
2025-02-21,109.7094,Strong Uptrend,112.0452,120.6665,0,0.0,-0.0033,-0.0,1.0904,1.1561,0.0
2025-02-24,110.1339,Strong Uptrend,111.8953,120.6413,0,0.0,0.0039,0.0,1.0946,1.1561,0.0
2025-02-25,112.5679,Strong Uptrend,111.7931,120.6161,0,0.0,0.0221,0.0,1.1188,1.1561,0.0
2025-02-26,113.6675,Strong Uptrend,111.7162,120.5972,0,0.0,0.0098,0.0,1.1297,1.1561,0.0
2025-02-27,113.4013,Strong Uptrend,111.6533,120.5738,0,0.0,-0.0023,-0.0,1.127,1.1561,0.0
2025-02-28,114.8907,Strong Uptrend,111.6315,120.5523,0,0.0,0.0131,0.0,1.1418,1.1561,0.0
2025-03-03,114.5269,Strong Uptrend,111.5825,120.5323,0,0.0,-0.0032,-0.0,1.1382,1.1561,0.0
2025-03-04,112.3039,Strong Uptrend,111.4749,120.4993,0,0.0,-0.0194,-0.0,1.1161,1.1561,0.0
2025-03-05,111.2733,Strong Uptrend,111.3676,120.4612,0,0.0,-0.0092,-0.0,1.1059,1.1561,0.0
2025-03-06,109.2976,Strong Uptrend,111.2163,120.4125,0,0.0,-0.0178,-0.0,1.0863,1.1561,0.0
2025-03-07,109.0136,Strong Uptrend,111.0393,120.3687,0,0.0,-0.0026,-0.0,1.0834,1.1561,0.0
2025-03-10,109.1365,Strong Uptrend,110.9019,120.3254,0,0.0,0.0011,0.0,1.0847,1.1561,0.0
2025-03-11,111.1008,Strong Uptrend,110.7889,120.2879,0,0.0,0.018,0.0,1.1042,1.1561,0.0
2025-03-12,111.5725,Strong Uptrend,110.6987,120.2408,0,0.0,0.0042,0.0,1.1089,1.1561,0.0
2025-03-13,111.4312,Strong Uptrend,110.59,120.1849,0,0.0,-0.0013,-0.0,1.1075,1.1561,0.0
2025-03-14,112.4724,Strong Uptrend,110.5179,120.1158,0,0.0,0.0093,0.0,1.1178,1.1561,0.0
2025-03-17,110.0972,Strong Uptrend,110.438,120.0415,0,0.0,-0.0211,-0.0,1.0942,1.1561,0.0
2025-03-18,110.4629,Strong Uptrend,110.4004,119.9614,0,0.0,0.0033,0.0,1.0978,1.1561,0.0
2025-03-19,111.4293,Strong Uptrend,110.379,119.8847,0,0.0,0.0087,0.0,1.1074,1.1561,0.0
2025-03-20,109.8844,Strong Uptrend,110.3186,119.7808,0,0.0,-0.0139,-0.0,1.0921,1.1561,0.0
2025-03-21,111.2631,Strong Uptrend,110.3042,119.6911,0,0.0,0.0125,0.0,1.1058,1.1561,0.0
2025-03-24,111.7485,Strong Uptrend,110.2829,119.6114,0,0.0,0.0044,0.0,1.1106,1.1561,0.0
2025-03-25,111.3865,Strong Uptrend,110.2897,119.5352,0,0.0,-0.0032,-0.0,1.107,1.1561,0.0
2025-03-26,112.2048,Strong Uptrend,110.3123,119.4815,0,0.0,0.0073,0.0,1.1152,1.1561,0.0
2025-03-27,114.9105,Strong Uptrend,110.4139,119.4459,0,0.0,0.0241,0.0,1.142,1.1561,0.0
2025-03-28,115.2297,Strong Uptrend,110.5342,119.4183,0,0.0,0.0028,0.0,1.1452,1.1561,0.0
2025-03-31,115.6271,Strong Uptrend,110.6594,119.3915,0,0.0,0.0034,0.0,1.1492,1.1561,0.0
2025-04-01,115.2014,Strong Uptrend,110.7928,119.3597,0,0.0,-0.0037,-0.0,1.1449,1.1561,0.0
2025-04-02,114.3264,Strong Uptrend,110.9152,119.3077,0,0.0,-0.0076,-0.0,1.1362,1.1561,0.0
2025-04-03,115.3958,Strong Uptrend,111.0348,119.2527,0,0.0,0.0094,0.0,1.1469,1.1561,0.0
2025-04-04,114.5121,Strong Uptrend,111.1474,119.1985,0,0.0,-0.0077,-0.0,1.1381,1.1561,0.0
2025-04-07,114.7027,Strong Uptrend,111.2433,119.153,0,0.0,0.0017,0.0,1.14,1.1561,0.0
2025-04-08,114.2593,Strong Uptrend,111.3531,119.1011,0,0.0,-0.0039,-0.0,1.1356,1.1561,0.0
2025-04-09,114.9203,Strong Uptrend,111.4625,119.0639,0,0.0,0.0058,0.0,1.1421,1.1561,0.0
2025-04-10,115.4161,Strong Uptrend,111.5477,119.0135,0,0.0,0.0043,0.0,1.1471,1.1561,0.0
2025-04-11,116.7392,Strong Uptrend,111.712,118.9594,0,0.0,0.0115,0.0,1.1602,1.1561,0.0
2025-04-14,116.25,Strong Uptrend,111.8818,118.9071,0,0.0,-0.0042,-0.0,1.1554,1.1561,0.0
2025-04-15,116.0434,Strong Uptrend,112.0329,118.8686,0,0.0,-0.0018,-0.0,1.1533,1.1561,0.0
2025-04-16,115.0125,Strong Uptrend,112.1658,118.8134,0,0.0,-0.0089,-0.0,1.1431,1.1561,0.0
2025-04-17,114.6064,Strong Uptrend,112.2804,118.7572,0,0.0,-0.0035,-0.0,1.139,1.1561,0.0
2025-04-18,115.1514,Strong Uptrend,112.4171,118.6928,0,0.0,0.0048,0.0,1.1444,1.1561,0.0
2025-04-21,116.1426,Strong Uptrend,112.5696,118.6475,0,0.0,0.0086,0.0,1.1543,1.1561,0.0
2025-04-22,115.1765,Strong Uptrend,112.7042,118.6026,0,0.0,-0.0083,-0.0,1.1447,1.1561,0.0
2025-04-23,116.2998,Strong Uptrend,112.8335,118.5633,0,0.0,0.0098,0.0,1.1559,1.1561,0.0
2025-04-24,118.0108,Strong Uptrend,112.9893,118.5323,0,0.0,0.0147,0.0,1.1729,1.1561,0.0
2025-04-25,118.6152,Strong Uptrend,113.1476,118.5082,0,0.0,0.0051,0.0,1.1789,1.1561,0.0
2025-04-28,120.9942,Strong Uptrend,113.3606,118.4906,0,0.0,0.0201,0.0,1.2025,1.1561,0.0
2025-04-29,120.1672,Strong Uptrend,113.5658,118.4782,0,0.0,-0.0068,-0.0,1.1943,1.1561,0.0
2025-04-30,118.7809,Strong Uptrend,113.7508,118.4601,0,0.0,-0.0115,-0.0,1.1805,1.1561,0.0
2025-05-01,116.7803,Strong Uptrend,113.885,118.431,0,0.0,-0.0168,-0.0,1.1606,1.1561,0.0
2025-05-02,118.6662,Strong Uptrend,114.0641,118.407,0,0.0,0.0161,0.0,1.1794,1.1561,0.0
2025-05-05,119.5639,Strong Uptrend,114.2527,118.3815,0,0.0,0.0076,0.0,1.1883,1.1561,0.0
2025-05-06,119.6095,Strong Uptrend,114.3935,118.3659,0,0.0,0.0004,0.0,1.1887,1.1561,0.0
2025-05-07,120.0604,Strong Uptrend,114.5214,118.3655,0,0.0,0.0038,0.0,1.1932,1.1561,0.0
2025-05-08,118.8179,Strong Uptrend,114.6297,118.3482,0,0.0,-0.0103,-0.0,1.1809,1.1561,0.0
2025-05-09,121.898,Strong Uptrend,114.7699,118.3435,0,0.0,0.0259,0.0,1.2115,1.1561,0.0
2025-05-12,122.1718,Strong Uptrend,114.9228,118.3467,0,0.0,0.0022,0.0,1.2142,1.1561,0.0
2025-05-13,122.4218,Strong Uptrend,115.1251,118.3379,0,0.0,0.002,0.0,1.2167,1.1561,0.0
2025-05-14,123.4367,Strong Uptrend,115.3684,118.3333,0,0.0,0.0083,0.0,1.2268,1.1561,0.0
2025-05-15,124.1534,Strong Uptrend,115.6655,118.322,0,0.0,0.0058,0.0,1.2339,1.1561,0.0
2025-05-16,124.551,Strong Uptrend,115.9762,118.3122,0,0.0,0.0032,0.0,1.2379,1.1561,0.0
2025-05-19,123.679,Strong Uptrend,116.2671,118.2798,0,0.0,-0.007,-0.0,1.2292,1.1561,0.0
2025-05-20,124.3852,Strong Uptrend,116.5328,118.235,0,0.0,0.0057,0.0,1.2362,1.1561,0.0
2025-05-21,126.8865,Strong Uptrend,116.8391,118.205,0,0.0,0.0201,0.0,1.2611,1.1561,0.0
2025-05-22,128.74,Strong Uptrend,117.1852,118.1754,0,0.0,0.0146,0.0,1.2795,1.1561,0.0
2025-05-23,130.9472,Strong Uptrend,117.5547,118.1508,0,0.0,0.0171,0.0,1.3014,1.1561,0.0
2025-05-26,130.3969,Strong Uptrend,117.9607,118.1105,0,0.0,-0.0042,-0.0,1.296,1.1561,0.0
2025-05-27,129.2243,Strong Uptrend,118.336,118.0736,1,0.0,-0.009,-0.0,1.2843,1.1561,0.0
2025-05-28,129.1821,Strong Uptrend,118.691,118.0301,1,1.0,-0.0003,-0.0003,1.2839,1.1557,1.0
2025-05-29,129.3764,Strong Uptrend,119.0809,117.9773,1,1.0,0.0015,0.0015,1.2858,1.1575,0.0
2025-05-30,130.9343,Strong Uptrend,119.4743,117.9493,1,1.0,0.012,0.012,1.3013,1.1714,0.0
2025-06-02,128.8409,Strong Uptrend,119.8161,117.922,1,1.0,-0.016,-0.016,1.2805,1.1527,0.0
2025-06-03,130.9658,Strong Uptrend,120.2077,117.9241,1,1.0,0.0165,0.0165,1.3016,1.1717,0.0
2025-06-04,130.8805,Strong Uptrend,120.5812,117.9283,1,1.0,-0.0007,-0.0007,1.3008,1.1709,0.0
2025-06-05,130.4414,Strong Uptrend,120.8918,117.9238,1,1.0,-0.0034,-0.0034,1.2964,1.167,0.0
2025-06-06,129.2391,Strong Uptrend,121.172,117.8996,1,1.0,-0.0092,-0.0092,1.2844,1.1562,0.0
2025-06-09,127.221,Strong Uptrend,121.4039,117.8647,1,1.0,-0.0156,-0.0156,1.2644,1.1382,0.0
2025-06-10,128.4017,Strong Uptrend,121.6679,117.8204,1,1.0,0.0093,0.0093,1.2761,1.1488,0.0
2025-06-11,128.6177,Strong Uptrend,121.9537,117.7902,1,1.0,0.0017,0.0017,1.2783,1.1507,0.0
2025-06-12,127.0758,Strong Uptrend,122.1873,117.7681,1,1.0,-0.012,-0.012,1.263,1.1369,0.0
2025-06-13,125.546,Strong Uptrend,122.408,117.739,1,1.0,-0.012,-0.012,1.2477,1.1232,0.0
2025-06-16,125.2396,Strong Uptrend,122.6188,117.7048,1,1.0,-0.0024,-0.0024,1.2447,1.1205,0.0
2025-06-17,127.4842,Strong Uptrend,122.8833,117.6823,1,1.0,0.0179,0.0179,1.267,1.1405,0.0
2025-06-18,127.2708,Strong Uptrend,123.1303,117.6773,1,1.0,-0.0017,-0.0017,1.2649,1.1386,0.0
2025-06-19,125.4752,Strong Uptrend,123.3314,117.6643,1,1.0,-0.0141,-0.0141,1.247,1.1226,0.0
2025-06-20,125.2827,Strong Uptrend,123.5023,117.6618,1,1.0,-0.0015,-0.0015,1.2451,1.1208,0.0
2025-06-23,125.0564,Strong Uptrend,123.6784,117.6524,1,1.0,-0.0018,-0.0018,1.2429,1.1188,0.0
2025-06-24,121.8175,Strong Uptrend,123.7939,117.6236,1,1.0,-0.0259,-0.0259,1.2107,1.0898,0.0
2025-06-25,121.8655,Strong Uptrend,123.931,117.6034,1,1.0,0.0004,0.0004,1.2112,1.0903,0.0
2025-06-26,121.6967,Strong Uptrend,124.0728,117.5869,1,1.0,-0.0014,-0.0014,1.2095,1.0888,0.0
2025-06-27,122.6691,Strong Uptrend,124.2231,117.5844,1,1.0,0.008,0.008,1.2192,1.0975,0.0
2025-06-30,125.0942,Strong Uptrend,124.4022,117.5946,1,1.0,0.0198,0.0198,1.2433,1.1192,0.0
2025-07-01,126.6419,Strong Uptrend,124.6315,117.6044,1,1.0,0.0124,0.0124,1.2586,1.133,0.0
2025-07-02,126.4181,Strong Uptrend,124.8339,117.6216,1,1.0,-0.0018,-0.0018,1.2564,1.131,0.0
2025-07-03,125.1337,Strong Uptrend,124.9763,117.6282,1,1.0,-0.0102,-0.0102,1.2436,1.1195,0.0
2025-07-04,128.5427,Strong Uptrend,125.1749,117.6563,1,1.0,0.0272,0.0272,1.2775,1.15,0.0
2025-07-07,128.7406,Strong Uptrend,125.3298,117.6923,1,1.0,0.0015,0.0015,1.2795,1.1518,0.0
2025-07-08,128.8799,Strong Uptrend,125.504,117.7299,1,1.0,0.0011,0.0011,1.2809,1.153,0.0
2025-07-09,128.9699,Strong Uptrend,125.7078,117.7766,1,1.0,0.0007,0.0007,1.2818,1.1538,0.0
2025-07-10,129.3493,Strong Uptrend,125.9592,117.8299,1,1.0,0.0029,0.0029,1.2855,1.1572,0.0
2025-07-11,129.2829,Strong Uptrend,126.1715,117.8927,1,1.0,-0.0005,-0.0005,1.2849,1.1566,0.0
2025-07-14,128.6586,Strong Uptrend,126.3534,117.9363,1,1.0,-0.0048,-0.0048,1.2787,1.1511,0.0
2025-07-15,128.0719,Strong Uptrend,126.5227,117.9767,1,1.0,-0.0046,-0.0046,1.2729,1.1458,0.0
2025-07-16,128.1502,Strong Uptrend,126.6845,118.0233,1,1.0,0.0006,0.0006,1.2736,1.1465,0.0
2025-07-17,127.5702,Strong Uptrend,126.8595,118.0654,1,1.0,-0.0045,-0.0045,1.2679,1.1413,0.0
2025-07-18,126.7762,Strong Uptrend,126.9571,118.1045,1,1.0,-0.0062,-0.0062,1.26,1.1342,0.0
2025-07-21,127.0318,Strong Uptrend,127.0543,118.1467,1,1.0,0.002,0.002,1.2625,1.1365,0.0
2025-07-22,126.8251,Strong Uptrend,127.1424,118.1829,1,1.0,-0.0016,-0.0016,1.2605,1.1346,0.0
2025-07-23,128.8835,Strong Uptrend,127.2513,118.2231,1,1.0,0.0162,0.0162,1.2809,1.1531,0.0
2025-07-24,125.6036,Strong Uptrend,127.2803,118.2514,1,1.0,-0.0254,-0.0254,1.2483,1.1237,0.0
2025-07-25,127.1126,Strong Uptrend,127.3315,118.2921,1,1.0,0.012,0.012,1.2633,1.1372,0.0
2025-07-28,128.8404,Strong Uptrend,127.4348,118.3437,1,1.0,0.0136,0.0136,1.2805,1.1527,0.0
2025-07-29,126.2946,Strong Uptrend,127.4729,118.4012,1,1.0,-0.0198,-0.0198,1.2552,1.1299,0.0
2025-07-30,125.9777,Strong Uptrend,127.4548,118.4692,1,1.0,-0.0025,-0.0025,1.252,1.1271,0.0
2025-07-31,125.6251,Strong Uptrend,127.3925,118.5247,1,1.0,-0.0028,-0.0028,1.2485,1.1239,0.0
2025-08-01,123.9722,Strong Uptrend,127.253,118.5588,1,1.0,-0.0132,-0.0132,1.2321,1.1091,0.0
2025-08-04,123.1199,Strong Uptrend,127.1074,118.5907,1,1.0,-0.0069,-0.0069,1.2236,1.1015,0.0
2025-08-05,121.8641,Strong Uptrend,126.9602,118.6117,1,1.0,-0.0102,-0.0102,1.2112,1.0903,0.0
2025-08-06,124.1523,Strong Uptrend,126.8596,118.6417,1,1.0,0.0188,0.0188,1.2339,1.1107,0.0
2025-08-07,125.4467,Strong Uptrend,126.781,118.6524,1,1.0,0.0104,0.0104,1.2468,1.1223,0.0
2025-08-08,127.1845,Strong Uptrend,126.706,118.6622,1,1.0,0.0139,0.0139,1.264,1.1379,0.0
2025-08-11,128.2336,Strong Uptrend,126.6939,118.6785,1,1.0,0.0082,0.0082,1.2745,1.1472,0.0
2025-08-12,126.902,Strong Uptrend,126.6126,118.6963,1,1.0,-0.0104,-0.0104,1.2612,1.1353,0.0
2025-08-13,126.3517,Strong Uptrend,126.522,118.7251,1,1.0,-0.0043,-0.0043,1.2558,1.1304,0.0
2025-08-14,127.0961,Strong Uptrend,126.4551,118.7559,1,1.0,0.0059,0.0059,1.2632,1.1371,0.0
2025-08-15,125.6584,Strong Uptrend,126.3835,118.7859,1,1.0,-0.0113,-0.0113,1.2489,1.1242,0.0
2025-08-18,126.6838,Strong Uptrend,126.3728,118.8328,1,1.0,0.0082,0.0082,1.2591,1.1334,0.0
2025-08-19,126.4963,Strong Uptrend,126.3347,118.884,1,1.0,-0.0015,-0.0015,1.2572,1.1317,0.0
2025-08-20,126.138,Strong Uptrend,126.2851,118.9422,1,1.0,-0.0028,-0.0028,1.2536,1.1285,0.0
2025-08-21,127.1648,Strong Uptrend,126.2869,118.9919,1,1.0,0.0081,0.0081,1.2638,1.1377,0.0
2025-08-22,127.8558,Strong Uptrend,126.3331,119.038,1,1.0,0.0054,0.0054,1.2707,1.1439,0.0
2025-08-25,127.5114,Strong Uptrend,126.3785,119.0825,1,1.0,-0.0027,-0.0027,1.2673,1.1408,0.0
2025-08-26,129.1316,Strong Uptrend,126.4114,119.1229,1,1.0,0.0127,0.0127,1.2834,1.1553,0.0
2025-08-27,127.8525,Strong Uptrend,126.4231,119.1562,1,1.0,-0.0099,-0.0099,1.2707,1.1438,0.0
2025-08-28,128.7698,Strong Uptrend,126.489,119.2014,1,1.0,0.0072,0.0072,1.2798,1.152,0.0
2025-08-29,129.6639,Strong Uptrend,126.5766,119.2384,1,1.0,0.0069,0.0069,1.2887,1.16,0.0
2025-09-01,129.3817,Strong Uptrend,126.6631,119.2694,1,1.0,-0.0022,-0.0022,1.2859,1.1575,0.0
2025-09-02,129.93,Strong Uptrend,126.8253,119.312,1,1.0,0.0042,0.0042,1.2913,1.1624,0.0
2025-09-03,128.4227,Strong Uptrend,126.9565,119.3488,1,1.0,-0.0116,-0.0116,1.2763,1.1489,0.0
2025-09-04,129.7464,Strong Uptrend,127.1175,119.3995,1,1.0,0.0103,0.0103,1.2895,1.1608,0.0
2025-09-05,129.6267,Strong Uptrend,127.2566,119.461,1,1.0,-0.0009,-0.0009,1.2883,1.1597,0.0
2025-09-08,129.067,Strong Uptrend,127.3361,119.5122,1,1.0,-0.0043,-0.0043,1.2827,1.1547,0.0
2025-09-09,130.5617,Strong Uptrend,127.4145,119.555,1,1.0,0.0116,0.0116,1.2976,1.1681,0.0
2025-09-10,129.7602,Strong Uptrend,127.4813,119.6055,1,1.0,-0.0061,-0.0061,1.2896,1.1609,0.0
2025-09-11,128.0516,Strong Uptrend,127.5397,119.6429,1,1.0,-0.0132,-0.0132,1.2726,1.1456,0.0
2025-09-12,126.177,Strong Uptrend,127.4924,119.6743,1,1.0,-0.0146,-0.0146,1.254,1.1289,0.0
2025-09-15,127.0696,Strong Uptrend,127.459,119.7126,1,1.0,0.0071,0.0071,1.2629,1.1368,0.0
2025-09-16,125.5583,Strong Uptrend,127.3925,119.7462,1,1.0,-0.0119,-0.0119,1.2479,1.1233,0.0
2025-09-17,127.9191,Strong Uptrend,127.3715,119.7963,1,1.0,0.0188,0.0188,1.2713,1.1444,0.0
2025-09-18,125.3808,Strong Uptrend,127.2921,119.8328,1,1.0,-0.0198,-0.0198,1.2461,1.1217,0.0
2025-09-19,127.6632,Strong Uptrend,127.2597,119.8852,1,1.0,0.0182,0.0182,1.2688,1.1421,0.0
2025-09-22,128.0555,Strong Uptrend,127.2477,119.9373,1,1.0,0.0031,0.0031,1.2727,1.1457,0.0
2025-09-23,128.0512,Strong Uptrend,127.2473,119.9891,1,1.0,-0.0,-0.0,1.2726,1.1456,0.0
2025-09-24,127.4698,Strong Uptrend,127.2337,120.0389,1,1.0,-0.0045,-0.0045,1.2669,1.1404,0.0
2025-09-25,128.1041,Strong Uptrend,127.2443,120.0967,1,1.0,0.005,0.005,1.2732,1.1461,0.0
2025-09-26,128.1761,Strong Uptrend,127.2723,120.1577,1,1.0,0.0006,0.0006,1.2739,1.1467,0.0
2025-09-29,129.7315,Strong Uptrend,127.3263,120.2215,1,1.0,0.0121,0.0121,1.2893,1.1607,0.0
2025-09-30,130.0033,Strong Uptrend,127.3899,120.2831,1,1.0,0.0021,0.0021,1.292,1.1631,0.0
2025-10-01,130.323,Strong Uptrend,127.4187,120.3515,1,1.0,0.0025,0.0025,1.2952,1.1659,0.0
2025-10-02,129.9685,Strong Uptrend,127.506,120.417,1,1.0,-0.0027,-0.0027,1.2917,1.1628,0.0
2025-10-03,130.0163,Strong Uptrend,127.5641,120.4778,1,1.0,0.0004,0.0004,1.2922,1.1632,0.0
2025-10-06,130.5431,Strong Uptrend,127.5981,120.5505,1,1.0,0.0041,0.0041,1.2974,1.1679,0.0
2025-10-07,128.433,Strong Uptrend,127.6409,120.6089,1,1.0,-0.0162,-0.0162,1.2764,1.149,0.0
2025-10-08,126.8189,Strong Uptrend,127.6577,120.6626,1,1.0,-0.0126,-0.0126,1.2604,1.1346,0.0
2025-10-09,127.8929,Strong Uptrend,127.7031,120.7177,1,1.0,0.0085,0.0085,1.2711,1.1442,0.0
2025-10-10,128.234,Strong Uptrend,127.7883,120.7785,1,1.0,0.0027,0.0027,1.2745,1.1473,0.0
2025-10-13,128.1169,Strong Uptrend,127.8882,120.8486,1,1.0,-0.0009,-0.0009,1.2733,1.1462,0.0
2025-10-14,128.2614,Strong Uptrend,128.0162,120.9282,1,1.0,0.0011,0.0011,1.2747,1.1475,0.0
2025-10-15,128.8327,Strong Uptrend,128.1098,121.0098,1,1.0,0.0045,0.0045,1.2804,1.1526,0.0
2025-10-16,128.2544,Strong Uptrend,128.1659,121.0866,1,1.0,-0.0045,-0.0045,1.2747,1.1474,0.0
2025-10-17,127.3721,Strong Uptrend,128.1697,121.1635,1,1.0,-0.0069,-0.0069,1.2659,1.1395,0.0
2025-10-20,127.7439,Strong Uptrend,128.1599,121.2382,1,1.0,0.0029,0.0029,1.2696,1.1429,0.0
2025-10-21,126.6096,Strong Uptrend,128.1541,121.316,1,1.0,-0.0089,-0.0089,1.2583,1.1327,0.0
2025-10-22,127.2513,Strong Uptrend,128.172,121.3969,1,1.0,0.0051,0.0051,1.2647,1.1385,0.0
2025-10-23,125.2041,Strong Uptrend,128.1342,121.4738,1,1.0,-0.0161,-0.0161,1.2443,1.1201,0.0
2025-10-24,126.6287,Strong Uptrend,128.1536,121.5608,1,1.0,0.0114,0.0114,1.2585,1.1329,0.0
2025-10-27,127.3531,Strong Uptrend,128.167,121.6508,1,1.0,0.0057,0.0057,1.2657,1.1394,0.0
2025-10-28,127.8024,Strong Uptrend,128.1931,121.7471,1,1.0,0.0035,0.0035,1.2702,1.1434,0.0
2025-10-29,129.1961,Strong Uptrend,128.2543,121.8521,1,1.0,0.0109,0.0109,1.284,1.1559,0.0
2025-10-30,131.5069,Strong Uptrend,128.3411,121.9625,1,1.0,0.0179,0.0179,1.307,1.1765,0.0
2025-10-31,132.9834,Strong Uptrend,128.4437,122.083,1,1.0,0.0112,0.0112,1.3217,1.1897,0.0
2025-11-03,130.6617,Strong Uptrend,128.5067,122.1868,1,1.0,-0.0175,-0.0175,1.2986,1.169,0.0
2025-11-04,129.1088,Strong Uptrend,128.5062,122.2885,1,1.0,-0.0119,-0.0119,1.2832,1.1551,0.0
2025-11-05,128.4191,Strong Uptrend,128.5176,122.3834,1,1.0,-0.0053,-0.0053,1.2763,1.1489,0.0
2025-11-06,128.5739,Strong Uptrend,128.5136,122.4704,1,1.0,0.0012,0.0012,1.2778,1.1503,0.0
2025-11-07,129.3682,Strong Uptrend,128.5077,122.5747,1,1.0,0.0062,0.0062,1.2857,1.1574,0.0
2025-11-10,128.5462,Strong Uptrend,128.491,122.6786,1,1.0,-0.0064,-0.0064,1.2776,1.15,0.0
2025-11-11,128.9097,Strong Uptrend,128.4706,122.7807,1,1.0,0.0028,0.0028,1.2812,1.1533,0.0
2025-11-12,128.0525,Strong Uptrend,128.4632,122.8791,1,1.0,-0.0067,-0.0067,1.2727,1.1456,0.0
2025-11-13,127.3855,Strong Uptrend,128.416,122.9717,1,1.0,-0.0052,-0.0052,1.266,1.1397,0.0
2025-11-14,125.7105,Strong Uptrend,128.3377,123.0586,1,1.0,-0.0131,-0.0131,1.2494,1.1247,0.0
2025-11-17,124.6634,Strong Uptrend,128.2496,123.1394,1,1.0,-0.0083,-0.0083,1.239,1.1153,0.0
2025-11-18,123.0924,Strong Uptrend,128.1002,123.2126,1,1.0,-0.0126,-0.0126,1.2234,1.1013,0.0
2025-11-19,122.0023,Strong Uptrend,127.945,123.2734,1,1.0,-0.0089,-0.0089,1.2125,1.0915,0.0
2025-11-20,123.421,Strong Uptrend,127.8524,123.3394,1,1.0,0.0116,0.0116,1.2266,1.1042,0.0
2025-11-21,122.3607,Strong Uptrend,127.7761,123.3977,1,1.0,-0.0086,-0.0086,1.2161,1.0947,0.0
2025-11-24,125.769,Strong Uptrend,127.7501,123.4749,1,1.0,0.0279,0.0279,1.25,1.1252,0.0
