Date,Return,TrueState,TrueStateName
2020-01-02,-0.012389848917071957,0,Calm
2020-01-03,-0.00021427145816605157,0,Calm
2020-01-06,0.002679621423364926,0,Calm
2020-01-07,-0.0024486910633606794,0,Calm
2020-01-08,0.0005816810974218635,0,Calm
2020-01-09,0.0033329214386303885,0,Calm
2020-01-10,0.013851563034544963,0,Calm
2020-01-13,-0.00891207363183674,0,Calm
2020-01-14,0.013931428231383802,0,Calm
2020-01-15,-0.015427514059884285,0,Calm
2020-01-16,0.0026653481028553233,0,Calm
2020-01-17,0.006218815199548049,0,Calm
2020-01-20,-0.010456821868774302,0,Calm
2020-01-21,-0.007347637091774691,0,Calm
2020-01-22,0.0029764669931824626,0,Calm
2020-01-23,-0.0009006157778778694,0,Calm
2020-01-24,0.0023535117377955434,0,Calm
2020-01-27,0.004160979717328973,0,Calm
2020-01-28,0.003800497703404263,0,Calm
2020-01-29,0.008740101414729414,0,Calm
2020-01-30,-0.01024468833365376,0,Calm
2020-01-31,0.006961806663302108,0,Calm
2020-02-03,-0.0045411102079576365,0,Calm
2020-02-04,-0.005825532297167,0,Calm
2020-02-05,0.005627421062574828,0,Calm
2020-02-06,-0.0049112131949867145,0,Calm
2020-02-07,-0.00911535174293619,0,Calm
2020-02-10,-0.003574491525617401,0,Calm
2020-02-11,0.0021771056714309242,0,Calm
2020-02-12,0.006414048456160851,0,Calm
2020-02-13,0.0028050779665748965,0,Calm
2020-02-14,0.001734385901764298,0,Calm
2020-02-17,-9.87176278735586e-05,0,Calm
2020-02-18,0.010987348901770952,0,Calm
2020-02-19,0.020015746165114794,0,Calm
2020-02-20,0.00851149977004599,0,Calm
2020-02-21,-0.00486316670191821,0,Calm
2020-02-24,0.010515652368480562,0,Calm
2020-02-25,0.007531224404981805,0,Calm
2020-02-26,-0.011027692292059311,0,Calm
2020-02-27,0.009646122558073978,0,Calm
2020-02-28,-0.0002822720994011196,0,Calm
2020-03-02,0.005249890749254757,0,Calm
2020-03-03,-0.012664198436207743,0,Calm
2020-03-04,0.0038486845727341602,0,Calm
2020-03-05,-0.01358912432813481,0,Calm
2020-03-06,0.0016138148263904364,0,Calm
2020-03-09,0.00477906313514572,0,Calm
2020-03-10,-0.00599644438901957,0,Calm
2020-03-11,0.00861136222504961,0,Calm
2020-03-12,-0.0040328022256903495,0,Calm
2020-03-13,0.0006443628013497315,0,Calm
2020-03-16,0.0072913623483271215,0,Calm
2020-03-17,0.008240116419280083,0,Calm
2020-03-18,0.002007674669529493,0,Calm
2020-03-19,-0.0032909471854105396,0,Calm
2020-03-20,-0.009186932657034134,0,Calm
2020-03-23,-0.0035751657631952066,0,Calm
2020-03-24,-0.011137500598445395,1,Turbulent
2020-03-25,0.05938864048701242,1,Turbulent
2020-03-26,-0.0070179622815437406,1,Turbulent
2020-03-27,-0.02389980157865343,1,Turbulent
2020-03-30,-0.01623640327109526,1,Turbulent
2020-03-31,0.0005451199818252532,1,Turbulent
2020-04-01,0.0031949448479671448,0,Calm
2020-04-02,0.00913379827371919,0,Calm
2020-04-03,0.007828869609897262,0,Calm
2020-04-06,-0.01396453942890828,0,Calm
2020-04-07,0.01572637487791785,0,Calm
2020-04-08,-0.002291012467160625,0,Calm
2020-04-09,-0.005453885010917005,0,Calm
2020-04-10,-0.0008890570175097942,0,Calm
2020-04-13,0.005579232215397265,0,Calm
2020-04-14,-0.003368315092035075,0,Calm
2020-04-15,0.00043421437497507095,0,Calm
2020-04-16,0.006158379993567644,0,Calm
2020-04-17,-0.00868930832427461,0,Calm
2020-04-20,-0.006226815329723676,0,Calm
2020-04-21,-0.0007577527707873928,0,Calm
2020-04-22,0.0011564995756255868,0,Calm
2020-04-23,-0.004365461922777625,0,Calm
2020-04-24,-0.004356675952870742,0,Calm
2020-04-27,-0.006722589305238353,0,Calm
2020-04-28,0.004943780880103687,0,Calm
2020-04-29,-0.0007082750794351517,0,Calm
2020-04-30,-0.0026879108117481942,0,Calm
2020-05-01,0.008899961483191051,0,Calm
2020-05-04,0.037440688500296714,1,Turbulent
2020-05-05,-0.0010258830928279335,1,Turbulent
2020-05-06,-0.03225568800907327,1,Turbulent
2020-05-07,0.0039597419651295354,1,Turbulent
2020-05-08,-0.027289950313817115,1,Turbulent
2020-05-11,-0.040120279590772856,1,Turbulent
2020-05-12,0.009982489415422905,1,Turbulent
2020-05-13,-0.024322773888125215,1,Turbulent
2020-05-14,-0.07891019898605511,1,Turbulent
2020-05-15,-0.03453454372567032,1,Turbulent
2020-05-18,-0.035393022216068847,1,Turbulent
2020-05-19,0.04743827978204383,1,Turbulent
2020-05-20,-0.028196187579979676,1,Turbulent
2020-05-21,-0.005610477399662232,0,Calm
2020-05-22,0.0004322446945187713,0,Calm
2020-05-25,-0.0009291255005739503,0,Calm
2020-05-26,0.005948063802452654,0,Calm
2020-05-27,0.0044492628744285155,0,Calm
2020-05-28,-0.012330882740155754,0,Calm
2020-05-29,0.014463457301780976,0,Calm
2020-06-01,-0.014187093279716996,0,Calm
2020-06-02,0.009583805069885286,0,Calm
2020-06-03,-0.011289238683893367,0,Calm
2020-06-04,-0.009167907720831576,0,Calm
2020-06-05,0.00011877407909612108,0,Calm
2020-06-08,-0.0025731077601507247,0,Calm
2020-06-09,0.005161253461643701,0,Calm
2020-06-10,0.0012631734496981843,0,Calm
2020-06-11,0.008753221248022615,0,Calm
2020-06-12,0.003307619152705613,0,Calm
2020-06-15,0.0016638716831590778,0,Calm
2020-06-16,0.0007462209836140915,0,Calm
2020-06-17,-0.00248508983580937,0,Calm
2020-06-18,-0.002074907525352266,0,Calm
2020-06-19,-0.0012119463363705779,0,Calm
2020-06-22,-0.008351249718417997,0,Calm
2020-06-23,0.0029028077455741336,0,Calm
2020-06-24,0.011183640728192354,0,Calm
2020-06-25,0.0044681849733276225,0,Calm
2020-06-26,-0.00896618141178511,0,Calm
2020-06-29,-0.002386752479163675,0,Calm
2020-06-30,0.006985410713821685,0,Calm
2020-07-01,0.006644633451579051,0,Calm
2020-07-02,-0.007252918499748852,0,Calm
2020-07-03,0.010543816019261895,0,Calm
2020-07-06,0.007188549001951581,0,Calm
2020-07-07,0.00032971078593186634,0,Calm
2020-07-08,-0.012934375185650599,0,Calm
2020-07-09,-0.006764087325203866,0,Calm
2020-07-10,-0.015012747730115062,0,Calm
2020-07-13,-2.022785047504916e-05,0,Calm
2020-07-14,-0.003714337094532806,0,Calm
2020-07-15,0.00907023807496334,0,Calm
2020-07-16,0.008972401237583708,0,Calm
2020-07-17,-0.009440908488956202,0,Calm
2020-07-20,0.02678348796160749,0,Calm
2020-07-21,-0.007528333790590905,0,Calm
2020-07-22,0.005061007264864872,0,Calm
2020-07-23,-0.011125995321797996,0,Calm
2020-07-24,0.0007015324164389925,0,Calm
2020-07-27,0.0011252562217557828,0,Calm
2020-07-28,0.002204778731167126,0,Calm
2020-07-29,0.0011713507881112965,0,Calm
2020-07-30,0.005158770005564241,0,Calm
2020-07-31,-0.002315432800771284,0,Calm
2020-08-03,-2.6551874221440882e-05,0,Calm
2020-08-04,0.0041249367161953435,0,Calm
2020-08-05,-0.001309256980349159,0,Calm
2020-08-06,-0.004867614425623328,0,Calm
2020-08-07,-0.0011375937659659032,0,Calm
2020-08-10,0.001262817595960146,0,Calm
2020-08-11,0.005864611258126033,0,Calm
2020-08-12,0.003135253690100415,0,Calm
2020-08-13,-0.0002612081098520005,0,Calm
2020-08-14,0.000555879757840686,0,Calm
2020-08-17,-0.0003601273650868372,0,Calm
2020-08-18,-0.009879213541498373,0,Calm
2020-08-19,0.017344614863694995,0,Calm
2020-08-20,0.010588685376723011,0,Calm
2020-08-21,0.005518276668154061,0,Calm
2020-08-24,0.002599049327896706,0,Calm
2020-08-25,-0.005623582889976132,0,Calm
2020-08-26,-0.0005458565019059982,0,Calm
2020-08-27,0.03559459383409829,1,Turbulent
2020-08-28,-0.0004026011066047422,1,Turbulent
2020-08-31,-0.029040225140145155,1,Turbulent
2020-09-01,-0.014086470189775342,1,Turbulent
2020-09-02,0.014183099457291702,1,Turbulent
2020-09-03,0.012374755958373437,1,Turbulent
2020-09-04,0.0011687092292470957,1,Turbulent
2020-09-07,-0.03484622269983318,1,Turbulent
2020-09-08,-0.00015040023446292615,1,Turbulent
2020-09-09,-0.027128942256769203,1,Turbulent
2020-09-10,0.008520042933892333,1,Turbulent
2020-09-11,0.008627118328726778,1,Turbulent
2020-09-14,-0.00327364434777777,1,Turbulent
2020-09-15,-0.02611476635666994,1,Turbulent
2020-09-16,0.012543517971224511,1,Turbulent
2020-09-17,-0.04086119767060053,1,Turbulent
2020-09-18,-0.0323145234100191,1,Turbulent
2020-09-21,0.027352995411208798,1,Turbulent
2020-09-22,-0.004952552019468802,1,Turbulent
2020-09-23,0.05421469929985015,1,Turbulent
2020-09-24,0.0030226249366198128,1,Turbulent
2020-09-25,0.022822695947117805,1,Turbulent
2020-09-28,0.01587967709107513,1,Turbulent
2020-09-29,-0.048265317749919316,1,Turbulent
2020-09-30,-0.06405447857198461,1,Turbulent
2020-10-01,-0.0010561072603618622,1,Turbulent
2020-10-02,0.03138796605636668,1,Turbulent
2020-10-05,-0.023101843424933877,1,Turbulent
2020-10-06,-0.02998511509705158,1,Turbulent
2020-10-07,0.02859041952887195,1,Turbulent
2020-10-08,-0.027901340208055042,1,Turbulent
2020-10-09,-0.004671954762239787,1,Turbulent
2020-10-12,0.02818329811679512,1,Turbulent
2020-10-13,0.00777578352144104,1,Turbulent
2020-10-14,-0.01741213446256756,1,Turbulent
2020-10-15,-0.023039422039549735,1,Turbulent
2020-10-16,-0.010417775631643235,1,Turbulent
2020-10-19,-0.0339124820727365,1,Turbulent
2020-10-20,-0.03296527049889716,1,Turbulent
2020-10-21,-0.01462475308523158,1,Turbulent
2020-10-22,0.04215636553075555,1,Turbulent
2020-10-23,-0.007794578296891185,1,Turbulent
2020-10-26,0.02213970005934312,1,Turbulent
2020-10-27,0.045662011806364505,1,Turbulent
2020-10-28,-0.006025182098822862,0,Calm
2020-10-29,0.0009867234088721958,0,Calm
2020-10-30,0.0006211967426380593,0,Calm
2020-11-02,0.003717482929765977,0,Calm
2020-11-03,0.0010314799456895471,0,Calm
2020-11-04,0.004630924715109554,0,Calm
2020-11-05,0.0015244564296647539,0,Calm
2020-11-06,0.02094505539465555,0,Calm
2020-11-09,0.012754475227238871,0,Calm
2020-11-10,0.017388804271752226,0,Calm
2020-11-11,0.006009011647094081,0,Calm
2020-11-12,-0.010245774872689298,0,Calm
2020-11-13,0.0020367419284945333,0,Calm
2020-11-16,0.0009277717017467681,0,Calm
2020-11-17,-0.00933270646846969,0,Calm
2020-11-18,0.004484163811748149,0,Calm
2020-11-19,-0.011512619519381033,0,Calm
2020-11-20,0.0025530946284056627,0,Calm
2020-11-23,-0.004098093988741998,0,Calm
2020-11-24,-0.004854738340316093,0,Calm
2020-11-25,0.00031844501771854445,0,Calm
2020-11-26,0.0037275438749121274,0,Calm
2020-11-27,0.0026998142982153704,0,Calm
2020-11-30,0.0034031685367843898,0,Calm
2020-12-01,-0.0011004835837813733,0,Calm
2020-12-02,-0.0042477126711024235,0,Calm
2020-12-03,0.0032696235719436822,0,Calm
2020-12-04,0.010258214892999029,0,Calm
2020-12-07,0.00011582449989706178,0,Calm
2020-12-08,0.004525619104888363,0,Calm
2020-12-09,0.003248667078781632,0,Calm
2020-12-10,0.012781087959158291,0,Calm
2020-12-11,-0.016033865315364704,0,Calm
2020-12-14,-0.0054728520650777854,0,Calm
2020-12-15,0.006334497793278063,0,Calm
2020-12-16,0.0002983086586364962,0,Calm
2020-12-17,0.003091545534970336,0,Calm
2020-12-18,0.012218798232483783,0,Calm
2020-12-21,-0.0015544258621190835,0,Calm
2020-12-22,0.00033668271813215887,0,Calm
2020-12-23,0.005408244336715717,0,Calm
2020-12-24,0.0026391578617128435,0,Calm
2020-12-25,-0.016674146613496164,0,Calm
2020-12-28,-0.008213440255950784,0,Calm
2020-12-29,0.009040972300902278,0,Calm
2020-12-30,0.012587758030098645,0,Calm
2020-12-31,0.00474674342430244,0,Calm
2021-01-01,0.00996466452938064,0,Calm
2021-01-04,0.004566826398072061,0,Calm
2021-01-05,-0.002614775302260561,0,Calm
2021-01-06,-0.014482856789643804,0,Calm
2021-01-07,-0.014167529619171325,0,Calm
2021-01-08,0.006013172074835213,0,Calm
2021-01-11,0.00027079594226836896,0,Calm
2021-01-12,-0.003315715379657829,0,Calm
2021-01-13,-0.013512414838999025,0,Calm
2021-01-14,-0.008772057120492519,0,Calm
2021-01-15,0.003414095494291537,0,Calm
2021-01-18,-0.0034616326629485486,0,Calm
2021-01-19,0.008407481782632481,0,Calm
2021-01-20,-0.0004588143779634292,0,Calm
2021-01-21,0.01069171032791524,0,Calm
2021-01-22,0.00573995495095024,0,Calm
2021-01-25,0.006183497104288086,0,Calm
2021-01-26,-0.0030446385183993045,0,Calm
2021-01-27,-0.004168971171581469,0,Calm
2021-01-28,-0.0069886549207284765,0,Calm
2021-01-29,-0.0018354687664450357,0,Calm
2021-02-01,0.0023614680175579835,0,Calm
2021-02-02,0.007835337983245764,0,Calm
2021-02-03,0.0011115658265534699,0,Calm
2021-02-04,-0.010323148276617714,0,Calm
2021-02-05,-0.006946688165768208,0,Calm
2021-02-08,-0.005366007220491949,0,Calm
2021-02-09,0.0063258741873210645,0,Calm
2021-02-10,0.015285664842979295,0,Calm
2021-02-11,0.0011922746886661405,0,Calm
2021-02-12,0.015069653147328792,0,Calm
2021-02-15,0.0002919216683397146,0,Calm
2021-02-16,-0.009855013134795563,0,Calm
2021-02-17,-0.0017613647864548987,0,Calm
2021-02-18,0.004339263822415903,0,Calm
2021-02-19,-0.0011535975180205272,0,Calm
2021-02-22,-0.010252624787967133,0,Calm
2021-02-23,-0.004021407932272835,0,Calm
2021-02-24,4.3036463068194344e-05,0,Calm
2021-02-25,-0.007268733905385046,0,Calm
2021-02-26,0.00794995836077156,0,Calm
2021-03-01,-0.04221531130955404,1,Turbulent
2021-03-02,0.0208768890697677,1,Turbulent
2021-03-03,-0.033826600387035353,1,Turbulent
2021-03-04,-0.007634247187113172,1,Turbulent
2021-03-05,0.007476424913070487,1,Turbulent
2021-03-08,-0.0422720408823134,1,Turbulent
2021-03-09,-0.027407274510534842,1,Turbulent
2021-03-10,0.013419099721704481,1,Turbulent
2021-03-11,-0.0068259953527181555,1,Turbulent
2021-03-12,-0.009374055132916781,1,Turbulent
2021-03-15,0.0396071349109679,1,Turbulent
2021-03-16,0.008865504561329174,0,Calm
2021-03-17,0.0034751160046628034,0,Calm
2021-03-18,-0.01439933050942961,0,Calm
2021-03-19,-0.003990574239338388,0,Calm
2021-03-22,-0.003483359513431903,0,Calm
2021-03-23,-0.0033187891451309758,0,Calm
2021-03-24,0.0018531509190063172,0,Calm
2021-03-25,-0.008492245171981909,0,Calm
2021-03-26,-0.001787430307918955,0,Calm
2021-03-29,0.0018535192270905053,0,Calm
2021-03-30,-0.002624595537992121,0,Calm
2021-03-31,0.009377811133191229,0,Calm
2021-04-01,0.008505496429193111,0,Calm
2021-04-02,-0.0007360246656863042,0,Calm
2021-04-05,-0.01883018491766748,0,Calm
2021-04-06,0.0054563518866559664,0,Calm
2021-04-07,-0.0003928751120629929,0,Calm
2021-04-08,0.002429203088926485,0,Calm
2021-04-09,0.007153830677768037,0,Calm
2021-04-12,-0.0012033507561338545,0,Calm
2021-04-13,0.004052879801603347,0,Calm
2021-04-14,-0.008069053512173848,0,Calm
2021-04-15,0.00032095977499856115,0,Calm
2021-04-16,-0.004224321539526787,0,Calm
2021-04-19,0.005341945617793654,0,Calm
2021-04-20,0.00753762021937433,0,Calm
2021-04-21,-0.0037468623814333564,0,Calm
2021-04-22,-0.0065826778015617956,0,Calm
2021-04-23,-0.007823927379867075,0,Calm
2021-04-26,-0.005844060592010753,0,Calm
2021-04-27,0.005939405735368302,0,Calm
2021-04-28,0.00558858012554467,0,Calm
2021-04-29,0.0016756608598302,0,Calm
2021-04-30,0.009650353703531539,0,Calm
2021-05-03,0.005011295988194502,0,Calm
2021-05-04,0.002144891879869491,0,Calm
2021-05-05,0.013904205643403155,0,Calm
2021-05-06,-0.008718659914700645,0,Calm
2021-05-07,0.0013586994909930135,0,Calm
2021-05-10,-0.006393954025991059,0,Calm
2021-05-11,0.004620623600243333,0,Calm
2021-05-12,-0.0016537058828317085,0,Calm
2021-05-13,-0.012657576314313948,0,Calm
2021-05-14,0.012380695249176345,0,Calm
2021-05-17,0.0001847380024021682,0,Calm
2021-05-18,-0.00396240315976488,0,Calm
2021-05-19,-0.01332954830442258,0,Calm
2021-05-20,0.018381990708122492,0,Calm
2021-05-21,0.0043566422353317775,0,Calm
2021-05-24,-0.0048542400379609045,0,Calm
2021-05-25,0.0023981043907096685,0,Calm
2021-05-26,-0.008638135354972218,0,Calm
2021-05-27,-0.00016162430794493992,0,Calm
2021-05-28,0.0016764549390566588,0,Calm
2021-05-31,-0.004673924050292133,0,Calm
2021-06-01,-0.004101608226328476,0,Calm
2021-06-02,0.01269784478403271,0,Calm
2021-06-03,0.002806035813516687,0,Calm
2021-06-04,-0.002499744637084298,0,Calm
2021-06-07,-0.021867001782640276,0,Calm
2021-06-08,-0.0033899145997635825,0,Calm
2021-06-09,-0.016647339299992573,0,Calm
2021-06-10,0.0031458524576547207,0,Calm
2021-06-11,0.013218161811827927,0,Calm
2021-06-14,0.013119185372743883,0,Calm
2021-06-15,0.010200108101762449,0,Calm
2021-06-16,0.003227891389652386,0,Calm
2021-06-17,-0.011813508286376152,0,Calm
2021-06-18,-0.00043084608198106584,0,Calm
2021-06-21,0.0029254376885801876,0,Calm
2021-06-22,-0.005775565683026282,0,Calm
2021-06-23,0.0022539116217356677,0,Calm
2021-06-24,-0.017276363403394026,0,Calm
2021-06-25,0.0003454746127963875,0,Calm
2021-06-28,-0.007552852694990293,0,Calm
2021-06-29,0.010531993965967528,0,Calm
2021-06-30,0.015749604943228877,0,Calm
2021-07-01,0.004758598583800697,0,Calm
2021-07-02,-0.0002384264090911723,0,Calm
2021-07-05,-0.008742190911207901,0,Calm
2021-07-06,-0.03294232975812329,1,Turbulent
2021-07-07,0.05173045503599295,1,Turbulent
2021-07-08,0.024654639539365215,1,Turbulent
2021-07-09,-0.03493665037622854,1,Turbulent
2021-07-12,-0.01617778701888207,1,Turbulent
2021-07-13,-0.043426405588902074,1,Turbulent
2021-07-14,0.013182369398290743,1,Turbulent
2021-07-15,0.02166452495675332,1,Turbulent
2021-07-16,-0.007015766270632025,1,Turbulent
2021-07-19,0.02687465680279146,1,Turbulent
2021-07-20,0.029335517679435225,1,Turbulent
2021-07-21,-0.0018273497592391507,1,Turbulent
2021-07-22,-0.0004921807388024339,1,Turbulent
2021-07-23,0.02656350969306978,1,Turbulent
2021-07-26,0.0045848910912161716,1,Turbulent
2021-07-27,0.023453669942572624,1,Turbulent
2021-07-28,-0.003056461341702074,1,Turbulent
2021-07-29,-0.024217362827465956,1,Turbulent
2021-07-30,-0.006870747272443803,1,Turbulent
2021-08-02,-0.003233540890754618,1,Turbulent
2021-08-03,0.02945495643816497,1,Turbulent
2021-08-04,0.05616623137739915,1,Turbulent
2021-08-05,0.012433983522187858,1,Turbulent
2021-08-06,0.042102586331654944,1,Turbulent
2021-08-09,0.03458929288529635,1,Turbulent
2021-08-10,0.036399633505594414,1,Turbulent
2021-08-11,0.05753887946237693,1,Turbulent
2021-08-12,-0.04909730134320826,1,Turbulent
2021-08-13,0.004721200705882133,1,Turbulent
2021-08-16,-0.018615995502061177,1,Turbulent
2021-08-17,0.017393938429160715,1,Turbulent
2021-08-18,-0.00983821372655895,1,Turbulent
2021-08-19,0.01169485081128406,1,Turbulent
2021-08-20,-0.03205947223783144,1,Turbulent
2021-08-23,0.002610879977983702,1,Turbulent
2021-08-24,-0.007802726788435376,1,Turbulent
2021-08-25,0.015232905982357443,1,Turbulent
2021-08-26,-0.002657826523898051,1,Turbulent
2021-08-27,-0.029159898698036764,1,Turbulent
2021-08-30,0.0018877088587337834,0,Calm
2021-08-31,0.00972921078197003,0,Calm
2021-09-01,-0.010843366644267228,0,Calm
2021-09-02,-0.009307072414068755,0,Calm
2021-09-03,-0.007606616198652872,0,Calm
2021-09-06,0.0037501275399390056,0,Calm
2021-09-07,0.007846116565257577,0,Calm
2021-09-08,0.005026676119581443,0,Calm
2021-09-09,0.010470421445308024,0,Calm
2021-09-10,-0.003546039059637185,0,Calm
2021-09-13,-0.010817045640212616,0,Calm
2021-09-14,0.004218648107546488,0,Calm
2021-09-15,0.004035506909438977,0,Calm
2021-09-16,0.001242355464630429,0,Calm
2021-09-17,-0.005442663397791917,0,Calm
2021-09-20,0.0003862524281294023,0,Calm
2021-09-21,0.0051806392527403485,0,Calm
2021-09-22,-0.00777098188631248,0,Calm
2021-09-23,-0.00954100311135587,0,Calm
2021-09-24,-0.010887188269435388,0,Calm
2021-09-27,-0.015322459351747052,0,Calm
2021-09-28,0.0064575845997822574,0,Calm
2021-09-29,-0.004683105061970059,0,Calm
2021-09-30,0.0017434273299039168,0,Calm
2021-10-01,0.0028143628745519213,0,Calm
2021-10-04,-0.015084911540742613,0,Calm
2021-10-05,0.009567210571073409,0,Calm
2021-10-06,-0.004718556158456988,0,Calm
2021-10-07,-0.004423600969773604,0,Calm
2021-10-08,0.017869450140226506,0,Calm
2021-10-11,0.0007186546596438669,0,Calm
2021-10-12,0.00854607253779191,0,Calm
2021-10-13,0.0031388414067725083,0,Calm
2021-10-14,-0.004818577590228105,0,Calm
2021-10-15,0.012471550002340202,0,Calm
2021-10-18,0.016838443668336804,0,Calm
2021-10-19,0.007549983764708295,0,Calm
2021-10-20,0.00237100727570226,0,Calm
2021-10-21,-0.0067367170892627445,0,Calm
2021-10-22,0.0005925794434588906,0,Calm
2021-10-25,0.000604054097659129,0,Calm
2021-10-26,0.005396130535511085,0,Calm
2021-10-27,0.008855514597053736,0,Calm
2021-10-28,0.010271756217882146,0,Calm
2021-10-29,0.001390028097172168,0,Calm
2021-11-01,0.012477635590373178,0,Calm
2021-11-02,0.0004542293643542381,0,Calm
2021-11-03,-0.005451924724702169,0,Calm
2021-11-04,0.017150623515559685,0,Calm
2021-11-05,0.007357277908853604,0,Calm
2021-11-08,0.0036846100802666007,0,Calm
2021-11-09,0.006105187547726522,0,Calm
2021-11-10,-0.00026221389644141683,0,Calm
2021-11-11,0.0070345057974558565,0,Calm
2021-11-12,0.008036123122849959,0,Calm
2021-11-15,-0.0028330857393428126,0,Calm
2021-11-16,0.006714643535767517,0,Calm
2021-11-17,0.002795107380021558,0,Calm
2021-11-18,0.005826925341712485,0,Calm
2021-11-19,0.008434241569677939,0,Calm
2021-11-22,0.008959183189811613,0,Calm
2021-11-23,0.009653693948011348,0,Calm
2021-11-24,-0.010718542802060027,0,Calm
2021-11-25,0.005663715765830848,0,Calm
2021-11-26,-0.004083308586558404,0,Calm
2021-11-29,0.0020769732855813725,0,Calm
2021-11-30,-0.006970490646020624,0,Calm
2021-12-01,0.006743160302866372,0,Calm
2021-12-02,0.005432267861762638,0,Calm
2021-12-03,0.009447320609546018,0,Calm
2021-12-06,0.005423863394306412,0,Calm
2021-12-07,0.004064095950957649,0,Calm
2021-12-08,-0.020893787451484597,0,Calm
2021-12-09,0.002725530811360637,0,Calm
2021-12-10,0.009543575907875837,0,Calm
2021-12-13,0.011492110041830459,0,Calm
2021-12-14,0.014474178915167904,0,Calm
2021-12-15,0.013731828895351095,0,Calm
2021-12-16,-0.0030676231314177376,0,Calm
2021-12-17,0.0006200163089818072,0,Calm
2021-12-20,-0.009760025952742836,0,Calm
2021-12-21,3.263244614497209e-05,0,Calm
2021-12-22,-0.006377461693702715,0,Calm
2021-12-23,-0.00934513823342089,0,Calm
2021-12-24,0.007255155071124795,0,Calm
2021-12-27,0.008276885189954977,0,Calm
2021-12-28,0.007587286004513886,0,Calm
2021-12-29,-0.006860494046757055,0,Calm
2021-12-30,-0.012347483346475088,0,Calm
2021-12-31,-0.003542329235867254,0,Calm
2022-01-03,0.0041304128707733,0,Calm
2022-01-04,0.005505612458148755,0,Calm
2022-01-05,0.0035268573556244847,0,Calm
2022-01-06,0.0003119437495344011,0,Calm
2022-01-07,-0.0020036530521662043,0,Calm
2022-01-10,-1.0178507381585107e-05,0,Calm
2022-01-11,0.00394643304534599,0,Calm
2022-01-12,0.004094754984622063,0,Calm
2022-01-13,0.016970483626596013,0,Calm
2022-01-14,-0.00040711579111376054,0,Calm
2022-01-17,-0.010666674997382414,0,Calm
2022-01-18,0.005202636837600605,0,Calm
2022-01-19,-0.018198001630495227,0,Calm
2022-01-20,-0.008174592126881892,0,Calm
2022-01-21,0.00342940779771948,0,Calm
2022-01-24,0.0012455708361456873,0,Calm
2022-01-25,-0.007937067460251204,0,Calm
2022-01-26,0.0006161255498135802,0,Calm
2022-01-27,0.002114828782379016,0,Calm
2022-01-28,0.0021149681935510806,0,Calm
2022-01-31,-0.00214755831536116,0,Calm
2022-02-01,-0.029536859585000644,1,Turbulent
2022-02-02,-0.04451454656490122,1,Turbulent
2022-02-03,0.041959921184556735,1,Turbulent
2022-02-04,-0.0023706405845889964,1,Turbulent
2022-02-07,-0.03094984744717835,1,Turbulent
2022-02-08,0.022451445323014393,1,Turbulent
2022-02-09,-0.01263851632323824,1,Turbulent
2022-02-10,-0.015742786223394496,1,Turbulent
2022-02-11,-0.011555102081629534,1,Turbulent
2022-02-14,0.030139388239180217,1,Turbulent
2022-02-15,0.005508082159158025,1,Turbulent
2022-02-16,0.023995176618016218,1,Turbulent
2022-02-17,-0.007637856441349645,1,Turbulent
2022-02-18,0.024761288197110005,1,Turbulent
2022-02-21,0.0038089348929290145,1,Turbulent
2022-02-22,0.0008054392772107672,1,Turbulent
2022-02-23,-0.006694890340645264,1,Turbulent
2022-02-24,0.009959363750587338,1,Turbulent
2022-02-25,-0.00016230713487092236,0,Calm
2022-02-28,-0.0002705338786729537,0,Calm
2022-03-01,0.011123062397803413,0,Calm
2022-03-02,0.010207031525991665,0,Calm
2022-03-03,0.0002396745561365853,0,Calm
2022-03-04,0.0008051716006635327,0,Calm
2022-03-07,-0.00224821047116967,0,Calm
2022-03-08,-0.006187049219877807,0,Calm
2022-03-09,0.0011095522323949522,0,Calm
2022-03-10,-0.004849636647482741,0,Calm
2022-03-11,3.9038777863108155e-05,0,Calm
2022-03-14,-0.006854717826067282,0,Calm
2022-03-15,-0.00028947212675144586,0,Calm
2022-03-16,-0.0005393018890264932,0,Calm
2022-03-17,-0.0018634428752427683,0,Calm
2022-03-18,0.0038546131435100773,0,Calm
2022-03-21,0.002026542783114466,0,Calm
2022-03-22,0.0035785716616088693,0,Calm
2022-03-23,-0.0002549240672220333,0,Calm
2022-03-24,-0.013350615643261812,0,Calm
2022-03-25,0.005672475440236858,0,Calm
2022-03-28,-0.004481047691239942,0,Calm
2022-03-29,0.006518183188499373,0,Calm
2022-03-30,0.0004326170581256643,0,Calm
2022-03-31,-0.012241754568033503,0,Calm
2022-04-01,-0.007609438150927425,0,Calm
2022-04-04,0.0012836275202168742,0,Calm
2022-04-05,-0.004344737958299814,0,Calm
2022-04-06,0.0147709108012331,0,Calm
2022-04-07,-0.009397572800785563,0,Calm
2022-04-08,0.00324647729957402,0,Calm
2022-04-11,0.004415547667499335,0,Calm
2022-04-12,-0.010481672722478071,0,Calm
2022-04-13,-0.002008950046879801,0,Calm
2022-04-14,0.01009213151376039,0,Calm
2022-04-15,-0.013520215895214642,0,Calm
2022-04-18,0.0073957978540586,0,Calm
2022-04-19,0.00482482377542386,0,Calm
2022-04-20,0.010745784526278954,0,Calm
2022-04-21,-0.007890793074339911,0,Calm
2022-04-22,0.008364705539956229,0,Calm
2022-04-25,-0.0022483419931107478,0,Calm
2022-04-26,0.009230038925915523,0,Calm
2022-04-27,-0.0022227396067831225,0,Calm
2022-04-28,-0.0020799485948259076,0,Calm
2022-04-29,-0.011667553892655218,0,Calm
2022-05-02,-0.0031793419561276,0,Calm
2022-05-03,0.01337578630235514,0,Calm
2022-05-04,-0.009802740756941793,0,Calm
2022-05-05,-0.0067021604640654445,0,Calm
2022-05-06,0.003195499527555878,0,Calm
2022-05-09,0.004383242197156681,0,Calm
2022-05-10,0.011677783714501004,0,Calm
2022-05-11,-0.0034950300272492936,0,Calm
2022-05-12,0.012413949370034776,0,Calm
2022-05-13,-0.0021840868830691825,0,Calm
2022-05-16,0.00788383027743109,0,Calm
2022-05-17,0.009689478777431816,0,Calm
2022-05-18,-0.0017835274611356432,0,Calm
2022-05-19,0.005752818958509704,0,Calm
2022-05-20,0.011480399989694781,0,Calm
2022-05-23,0.008342540855018218,1,Turbulent
2022-05-24,-0.008501030451008699,1,Turbulent
2022-05-25,-0.04395328036175463,1,Turbulent
2022-05-26,-0.024156942087977987,1,Turbulent
2022-05-27,0.023233127575993832,1,Turbulent
2022-05-30,0.010675824497517462,1,Turbulent
2022-05-31,0.02001239224744325,1,Turbulent
2022-06-01,0.01413706738037978,1,Turbulent
2022-06-02,0.0023919308800259237,0,Calm
2022-06-03,-0.0009017931927767789,0,Calm
2022-06-06,-0.010210980711539802,0,Calm
2022-06-07,0.0027234593377750203,0,Calm
2022-06-08,0.015325641393650904,0,Calm
2022-06-09,0.007446215304888447,0,Calm
2022-06-10,0.0032725757793445947,0,Calm
2022-06-13,-0.0022487225046149773,0,Calm
2022-06-14,-0.016250546873748058,0,Calm
2022-06-15,0.005869806694838289,0,Calm
2022-06-16,0.0027036517344683647,0,Calm
2022-06-17,0.01759998588243278,0,Calm
2022-06-20,0.0014514655851657135,0,Calm
2022-06-21,-0.007928857843120396,0,Calm
2022-06-22,9.018936392757163e-05,0,Calm
2022-06-23,-0.012252969600608694,0,Calm
2022-06-24,-0.003337338930362325,0,Calm
2022-06-27,-0.006006488204628723,0,Calm
2022-06-28,0.004529198807418445,0,Calm
2022-06-29,0.0158491642513172,0,Calm
2022-06-30,-0.0015538764261513551,0,Calm
2022-07-01,0.0024472115058541844,0,Calm
2022-07-04,-0.006107339804769079,0,Calm
2022-07-05,-0.007069359463935474,0,Calm
2022-07-06,0.003491588191630933,0,Calm
2022-07-07,-0.001586517661790869,0,Calm
2022-07-08,-0.014589359916535004,0,Calm
2022-07-11,-0.000988080583914612,0,Calm
2022-07-12,0.016999700324257773,0,Calm
2022-07-13,-0.00032924827565602825,0,Calm
2022-07-14,-0.005619345802413042,0,Calm
2022-07-15,-0.005484069714487727,0,Calm
2022-07-18,0.00044004452566437927,0,Calm
2022-07-19,-0.006183780030988178,0,Calm
2022-07-20,0.0053211182537357725,0,Calm
2022-07-21,-0.011555988186068391,0,Calm
2022-07-22,3.98068515656178e-05,0,Calm
2022-07-25,-0.003731942467391132,0,Calm
2022-07-26,0.0033753916600028394,0,Calm
2022-07-27,0.0038499009679763495,0,Calm
2022-07-28,0.002721932419747023,0,Calm
2022-07-29,0.009707937894660111,0,Calm
2022-08-01,-0.0006520259830082507,0,Calm
2022-08-02,-0.0076683671058082,0,Calm
2022-08-03,-0.024141512156981345,1,Turbulent
2022-08-04,-0.020519984561260914,1,Turbulent
2022-08-05,0.05248948432992409,1,Turbulent
2022-08-08,-0.030273210028310005,1,Turbulent
2022-08-09,0.008896457431781253,1,Turbulent
2022-08-10,0.011659365939346123,1,Turbulent
2022-08-11,0.04823860746086075,1,Turbulent
2022-08-12,0.0084557813073844,0,Calm
2022-08-15,-0.004080644272959303,0,Calm
2022-08-16,-0.0007423804326634704,0,Calm
2022-08-17,0.0035991386168211293,0,Calm
2022-08-18,-0.005511094564246485,0,Calm
2022-08-19,0.0037680557977721038,0,Calm
2022-08-22,-0.014592972235619887,0,Calm
2022-08-23,0.0009655915678717686,0,Calm
2022-08-24,-0.0031132779737428557,0,Calm
2022-08-25,0.00035301303873318577,0,Calm
2022-08-26,-0.01919990765585921,0,Calm
2022-08-29,-0.007147138006924618,0,Calm
2022-08-30,0.012270320726951413,0,Calm
2022-08-31,-0.0002665858843176363,0,Calm
2022-09-01,0.0022072024118911177,0,Calm
2022-09-02,0.00800160927157203,0,Calm
2022-09-05,-0.010171941576991684,0,Calm
2022-09-06,0.010151567119516829,0,Calm
2022-09-07,-0.007294918240451417,1,Turbulent
2022-09-08,-0.009135159445332695,1,Turbulent
2022-09-09,-0.03206614272766164,1,Turbulent
2022-09-12,-0.02623478681708087,1,Turbulent
2022-09-13,-0.037794243718645,1,Turbulent
2022-09-14,-0.003956080307281017,1,Turbulent
2022-09-15,-0.0022135597513000737,1,Turbulent
2022-09-16,-0.006350714636679175,1,Turbulent
2022-09-19,0.006558433967395995,1,Turbulent
2022-09-20,-0.0388745020249429,1,Turbulent
2022-09-21,0.014624662138986274,1,Turbulent
2022-09-22,0.0042782961956532575,1,Turbulent
2022-09-23,-0.01623467647616482,1,Turbulent
2022-09-26,0.026938692507602998,1,Turbulent
2022-09-27,0.0025479165357979836,1,Turbulent
2022-09-28,0.0250300677968766,1,Turbulent
2022-09-29,-0.0016841804355779743,1,Turbulent
2022-09-30,0.010825018774626338,1,Turbulent
2022-10-03,0.0010066591832866227,0,Calm
2022-10-04,-0.0024687026221752646,0,Calm
2022-10-05,-0.010398505939920677,0,Calm
2022-10-06,0.0035843247201411657,0,Calm
2022-10-07,0.012509454185853211,0,Calm
2022-10-10,-0.008791287185073472,0,Calm
2022-10-11,-0.003448620075245332,0,Calm
2022-10-12,0.0013999685561315,0,Calm
2022-10-13,0.023386788816242315,0,Calm
2022-10-14,0.0019868275049675565,0,Calm
2022-10-17,0.009199219324208542,0,Calm
2022-10-18,0.009707756618409003,0,Calm
2022-10-19,0.012017012167803872,0,Calm
2022-10-20,0.004488116507306416,0,Calm
2022-10-21,-0.005646677437123166,0,Calm
2022-10-24,-0.005656593267604663,0,Calm
2022-10-25,-0.004792846867407607,0,Calm
2022-10-26,0.0009321182071719764,0,Calm
2022-10-27,0.015099863371488406,0,Calm
2022-10-28,0.006664569122804918,0,Calm
2022-10-31,0.008824620276113353,0,Calm
2022-11-01,0.003403279435319879,0,Calm
2022-11-02,-0.004911395705044415,0,Calm
2022-11-03,-0.01169347830063968,1,Turbulent
2022-11-04,0.02154003634777394,1,Turbulent
2022-11-07,-0.011315406873142815,0,Calm
2022-11-08,-0.005703433187689882,0,Calm
2022-11-09,0.00474327362499968,0,Calm
2022-11-10,0.0004073526639124117,0,Calm
2022-11-11,0.011047343307589956,0,Calm
2022-11-14,-0.0004380363670247366,0,Calm
2022-11-15,0.009933086264532561,0,Calm
2022-11-16,0.004728740107883621,0,Calm
2022-11-17,0.0009682003412027198,0,Calm
2022-11-18,0.01048168137229932,0,Calm
2022-11-21,-0.005946458394253739,0,Calm
2022-11-22,0.011146330121234699,0,Calm
2022-11-23,0.0038201700949277123,0,Calm
2022-11-24,-0.0019240131800630765,0,Calm
2022-11-25,-0.004050436902218705,0,Calm
2022-11-28,-0.0011447731752818788,0,Calm
2022-11-29,0.0032223317875415577,0,Calm
2022-11-30,0.0018650951962709147,0,Calm
2022-12-01,0.007913433545147267,0,Calm
2022-12-02,0.0062669691919261155,0,Calm
2022-12-05,-0.002933392186476768,0,Calm
2022-12-06,-0.017977809072459824,0,Calm
2022-12-07,-0.003759966310706221,0,Calm
2022-12-08,-0.003588074753348945,0,Calm
2022-12-09,-0.0027285366524704385,0,Calm
2022-12-12,-0.007803754371557435,0,Calm
2022-12-13,-0.0031278534939744515,0,Calm
2022-12-14,0.011669421671429247,0,Calm
2022-12-15,0.008534887800006675,0,Calm
2022-12-16,0.006143772820092066,0,Calm
2022-12-19,0.006428956224644486,0,Calm
2022-12-20,-0.006609647417009748,0,Calm
2022-12-21,0.005268998941916316,0,Calm
2022-12-22,0.005633173924268692,0,Calm
2022-12-23,0.001648843219965876,0,Calm
2022-12-26,-0.005784794216187359,0,Calm
2022-12-27,0.011195223922301127,0,Calm
2022-12-28,0.003449149314971441,0,Calm
2022-12-29,0.007611718954119748,0,Calm
2022-12-30,-0.010134405008803265,0,Calm
2023-01-02,-0.02321409242025103,0,Calm
2023-01-03,-0.007345295854138251,0,Calm
2023-01-04,0.005724146756606405,0,Calm
2023-01-05,-0.005095114498573595,0,Calm
2023-01-06,0.00432244007250336,0,Calm
2023-01-09,0.018131070703901776,0,Calm
2023-01-10,-0.006783387318627268,0,Calm
2023-01-11,0.016458734854250263,0,Calm
2023-01-12,0.004292320498909276,0,Calm
2023-01-13,0.00826153705892525,0,Calm
2023-01-16,0.0034969251939417204,0,Calm
2023-01-17,0.00030855800588177793,0,Calm
2023-01-18,-0.004637789595633166,0,Calm
2023-01-19,0.002167267079450977,0,Calm
2023-01-20,-0.006714279729578961,0,Calm
2023-01-23,0.012426877287487686,0,Calm
2023-01-24,0.0005498269336037611,0,Calm
2023-01-25,0.0015826391508027638,0,Calm
2023-01-26,0.0029931730576657684,0,Calm
2023-01-27,0.0016480837571706164,0,Calm
2023-01-30,0.019967945596650355,0,Calm
2023-01-31,0.011719489033987002,0,Calm
2023-02-01,0.0002700977466618117,0,Calm
2023-02-02,0.005584191916178847,0,Calm
2023-02-03,-0.0041352261790596895,0,Calm
2023-02-06,0.0021398342815867363,0,Calm
2023-02-07,0.004763677974533929,0,Calm
2023-02-08,0.0024260829716584746,0,Calm
2023-02-09,-0.003501670157813475,0,Calm
2023-02-10,0.008282970745880617,0,Calm
2023-02-13,0.0008818540648050321,0,Calm
2023-02-14,0.01142427224619959,0,Calm
2023-02-15,-0.005033894571268566,0,Calm
2023-02-16,0.0054889468811213545,0,Calm
2023-02-17,0.009393130470009293,0,Calm
2023-02-20,0.0053724978209906205,0,Calm
2023-02-21,-0.022474084660971824,1,Turbulent
2023-02-22,0.04496063272065992,1,Turbulent
2023-02-23,0.016174129386565272,1,Turbulent
2023-02-24,-0.008447776466664501,1,Turbulent
2023-02-27,0.007210117575558196,1,Turbulent
2023-02-28,-0.035996799349958614,1,Turbulent
2023-03-01,0.017269405427581475,1,Turbulent
2023-03-02,-0.0069785229921338785,1,Turbulent
2023-03-03,-0.010350728909066381,1,Turbulent
2023-03-06,-0.029094634131859955,1,Turbulent
2023-03-07,0.04928228413869469,1,Turbulent
2023-03-08,-0.003927504251776952,1,Turbulent
2023-03-09,0.04563661317662346,1,Turbulent
2023-03-10,-0.035027212991174,1,Turbulent
2023-03-13,0.01470473807510441,1,Turbulent
2023-03-14,-0.0018453698145642445,1,Turbulent
2023-03-15,0.010497813571089622,1,Turbulent
2023-03-16,0.001742277209905877,0,Calm
2023-03-17,0.004507947521796997,0,Calm
2023-03-20,-0.0001695148743670324,0,Calm
2023-03-21,-0.0010658754872741086,0,Calm
2023-03-22,0.00019627446555129752,0,Calm
2023-03-23,-0.012535210383554249,0,Calm
2023-03-24,-0.0029201599315316564,0,Calm
2023-03-27,0.006267503754023723,0,Calm
2023-03-28,0.0013024314765506325,0,Calm
2023-03-29,0.005994972405495501,0,Calm
2023-03-30,-0.008925127731949742,0,Calm
2023-03-31,-0.008380425781930732,0,Calm
2023-04-03,-0.004374643805951296,0,Calm
2023-04-04,-0.008633363423397877,0,Calm
2023-04-05,0.006115306980014223,0,Calm
2023-04-06,0.008270371615609543,0,Calm
2023-04-07,5.4746496339354756e-05,0,Calm
2023-04-10,-0.0025487759268843163,0,Calm
2023-04-11,-0.01243586449914699,0,Calm
2023-04-12,-0.0014573225740943017,0,Calm
2023-04-13,0.008113655285208372,0,Calm
2023-04-14,0.004713337841304052,0,Calm
2023-04-17,0.01720596395991895,0,Calm
2023-04-18,-0.007277645446132203,0,Calm
2023-04-19,-0.008734644242750845,0,Calm
2023-04-20,-0.005573229120502282,0,Calm
2023-04-21,0.025529349204035094,0,Calm
2023-04-24,-0.0003264222022835723,0,Calm
2023-04-25,0.013903190189458138,0,Calm
2023-04-26,-0.0058848683413491145,0,Calm
2023-04-27,-0.014589690784284976,0,Calm
2023-04-28,-0.008561129076585424,1,Turbulent
2023-05-01,0.007456084094627258,1,Turbulent
2023-05-02,-0.038658505657390256,1,Turbulent
2023-05-03,-0.0073891947741744545,1,Turbulent
2023-05-04,0.00524079428161924,1,Turbulent
2023-05-05,0.00857337915764882,1,Turbulent
2023-05-08,-0.026600099766768533,1,Turbulent
2023-05-09,-0.026435900977637695,1,Turbulent
2023-05-10,-0.023316328541746402,1,Turbulent
2023-05-11,-0.0004601651133967008,1,Turbulent
2023-05-12,0.008921767263648586,1,Turbulent
2023-05-15,-0.012893350833060101,1,Turbulent
2023-05-16,-0.0412671779083858,1,Turbulent
2023-05-17,0.03478732898182298,1,Turbulent
2023-05-18,0.019071493444439383,1,Turbulent
2023-05-19,0.01989656990102073,1,Turbulent
2023-05-22,0.030937436281775484,1,Turbulent
2023-05-23,0.030618311024148852,1,Turbulent
2023-05-24,-0.001751371456632626,0,Calm
2023-05-25,0.0003644487714743595,0,Calm
2023-05-26,0.008663097074137337,0,Calm
2023-05-29,0.0005461217208119322,0,Calm
2023-05-30,0.01247737636725784,0,Calm
2023-05-31,0.005952242309124382,0,Calm
2023-06-01,0.007342633617924532,0,Calm
2023-06-02,-0.004323880123761527,0,Calm
2023-06-05,0.0009450180906760148,0,Calm
2023-06-06,-0.01522718433069305,0,Calm
2023-06-07,-0.00225495950251057,0,Calm
2023-06-08,0.013911479975747239,0,Calm
2023-06-09,-0.0009734848236268762,0,Calm
2023-06-12,0.011136836114854188,0,Calm
2023-06-13,-0.004394864454263187,0,Calm
2023-06-14,-0.011841734734522014,0,Calm
2023-06-15,0.006478133464498383,0,Calm
2023-06-16,-0.0034476928778417737,0,Calm
2023-06-19,0.0009790397829012646,0,Calm
2023-06-20,-0.0026217041828388117,0,Calm
2023-06-21,-0.005296621186652652,0,Calm
2023-06-22,0.004655668565844525,0,Calm
2023-06-23,-0.0016167581715669506,0,Calm
2023-06-26,0.0029872199410911765,0,Calm
2023-06-27,0.007968270037507727,0,Calm
2023-06-28,0.0012510188946825594,0,Calm
2023-06-29,-0.00800239820609042,0,Calm
2023-06-30,0.012349515359156186,0,Calm
2023-07-03,-0.005473060098738442,0,Calm
2023-07-04,0.003343631285828588,0,Calm
2023-07-05,0.0067185029828015835,0,Calm
2023-07-06,0.009639277313739533,0,Calm
2023-07-07,0.02714032033855018,0,Calm
2023-07-10,0.0029400925036371147,0,Calm
2023-07-11,0.0002739165503133831,0,Calm
2023-07-12,0.0039886637230822425,0,Calm
2023-07-13,0.009957041716458686,0,Calm
2023-07-14,0.0020174113327936193,0,Calm
2023-07-17,0.0021482481612513406,0,Calm
2023-07-18,0.018960942537915495,0,Calm
2023-07-19,-0.004468990648425492,0,Calm
2023-07-20,-0.004410420365316485,0,Calm
2023-07-21,0.014700227957410501,0,Calm
2023-07-24,0.002687516704578918,0,Calm
2023-07-25,-0.011439961437970714,0,Calm
2023-07-26,0.0035246315493767263,0,Calm
2023-07-27,0.010178698517014261,0,Calm
2023-07-28,-0.014047514264517218,0,Calm
2023-07-31,-0.0035044635459843387,0,Calm
2023-08-01,-0.007172907336658716,0,Calm
2023-08-02,-0.008170770435805693,0,Calm
2023-08-03,0.00900275583355286,0,Calm
2023-08-04,-0.0022715445320179387,0,Calm
2023-08-07,0.00806756410315029,0,Calm
2023-08-08,0.0016794299576784635,0,Calm
2023-08-09,0.0050672221396054545,0,Calm
2023-08-10,-0.008055936305683907,0,Calm
2023-08-11,-0.0006907749816002039,0,Calm
2023-08-14,-0.006037267275742057,0,Calm
2023-08-15,-0.006009041717654923,0,Calm
2023-08-16,-0.0010182177101648068,0,Calm
2023-08-17,-0.005734814641851662,0,Calm
2023-08-18,0.019171668778811882,0,Calm
2023-08-21,0.003364565055445265,0,Calm
2023-08-22,-0.001629761297773737,0,Calm
2023-08-23,0.00672861857999561,0,Calm
2023-08-24,-0.009339829194752956,0,Calm
2023-08-25,0.013299195998283265,0,Calm
2023-08-28,0.0033173317625839185,0,Calm
2023-08-29,-0.0036500307078482196,0,Calm
2023-08-30,0.01097386446559682,0,Calm
2023-08-31,-0.01726117297361346,0,Calm
2023-09-01,-0.004653511127795886,0,Calm
2023-09-04,-0.013289833762001883,0,Calm
2023-09-05,-0.0029097244397646013,1,Turbulent
2023-09-06,-0.032776798346554795,1,Turbulent
2023-09-07,-0.0028375949138360343,1,Turbulent
2023-09-08,0.02567248211693775,1,Turbulent
2023-09-11,-0.011171015365211773,1,Turbulent
2023-09-12,-0.01423148625956374,1,Turbulent
2023-09-13,-0.00842141950526484,1,Turbulent
2023-09-14,-0.007060602822202998,1,Turbulent
2023-09-15,0.027246240919071563,1,Turbulent
2023-09-18,0.0012571849456608241,1,Turbulent
2023-09-19,-0.011528243825317027,1,Turbulent
2023-09-20,-0.0250886889433784,1,Turbulent
2023-09-21,0.012138526253032644,1,Turbulent
2023-09-22,0.03234943375479659,1,Turbulent
2023-09-25,-0.02422672987854447,1,Turbulent
2023-09-26,0.033937964758241006,1,Turbulent
2023-09-27,-0.03963768182276703,1,Turbulent
2023-09-28,0.008834821597151439,1,Turbulent
2023-09-29,-9.217488549651074e-05,1,Turbulent
2023-10-02,0.026165678340219902,1,Turbulent
2023-10-03,0.010188771330453941,1,Turbulent
2023-10-04,0.012351716303971812,1,Turbulent
2023-10-05,0.013540917791930403,1,Turbulent
2023-10-06,0.01720917809690777,1,Turbulent
2023-10-09,-0.029005612294426303,1,Turbulent
2023-10-10,0.00204114190904374,1,Turbulent
2023-10-11,0.003003041509787378,1,Turbulent
2023-10-12,-0.027645289547486657,1,Turbulent
2023-10-13,-0.0025414587662693578,1,Turbulent
2023-10-16,0.008900759659600882,1,Turbulent
2023-10-17,0.00989548676714963,1,Turbulent
2023-10-18,-0.0010336559230272296,1,Turbulent
2023-10-19,0.0021957718538356107,1,Turbulent
2023-10-20,0.04464383156593859,1,Turbulent
2023-10-23,0.023587176015679636,1,Turbulent
2023-10-24,-0.024229626568892042,1,Turbulent
2023-10-25,-0.018221157264443535,1,Turbulent
2023-10-26,0.002158407990013993,1,Turbulent
2023-10-27,-0.02182334170323418,1,Turbulent
2023-10-30,0.00712260782318097,1,Turbulent
2023-10-31,-0.0037908711620199135,1,Turbulent
2023-11-01,0.033229898558682996,1,Turbulent
2023-11-02,-0.028436939487086567,1,Turbulent
2023-11-03,-0.05590767316187011,1,Turbulent
2023-11-06,-0.013117683742629595,1,Turbulent
2023-11-07,-0.053811535960642615,1,Turbulent
2023-11-08,0.016166228493962587,1,Turbulent
2023-11-09,0.03611325867239077,1,Turbulent
2023-11-10,0.04837595768323258,1,Turbulent
2023-11-13,-0.04568889971968085,1,Turbulent
2023-11-14,-0.00966104168485513,1,Turbulent
2023-11-15,0.013034973391353854,1,Turbulent
2023-11-16,-0.018573207525178544,1,Turbulent
2023-11-17,0.015163216941700856,1,Turbulent
2023-11-20,0.027003495698653075,1,Turbulent
2023-11-21,0.03595500153054581,1,Turbulent
2023-11-22,0.02918652877868972,1,Turbulent
2023-11-23,0.0014893310964362054,1,Turbulent
2023-11-24,-0.010520602098266121,1,Turbulent
2023-11-27,0.012399454422764786,1,Turbulent
2023-11-28,0.008547228781098273,1,Turbulent
2023-11-29,0.008639475819508361,1,Turbulent
2023-11-30,-0.03782587493744875,1,Turbulent
2023-12-01,0.030123487587891275,1,Turbulent
2023-12-04,0.008963988722617073,1,Turbulent
2023-12-05,0.005203387312828275,1,Turbulent
2023-12-06,-0.04189957535277553,1,Turbulent
2023-12-07,0.03955322582365055,1,Turbulent
2023-12-08,-0.005416063636630029,1,Turbulent
2023-12-11,-0.02891690104706418,1,Turbulent
2023-12-12,0.024385742788766186,1,Turbulent
2023-12-13,-0.017942030989082525,1,Turbulent
2023-12-14,0.00672318356911645,0,Calm
2023-12-15,0.016338400157373156,0,Calm
2023-12-18,0.013751519170428815,0,Calm
2023-12-19,0.008840099113166062,0,Calm
2023-12-20,-0.007198394255031739,0,Calm
2023-12-21,0.009175331607421509,0,Calm
2023-12-22,0.002753275523795227,0,Calm
2023-12-25,-0.010498789205466763,0,Calm
2023-12-26,0.003234759920633807,0,Calm
2023-12-27,-0.007641910143300382,0,Calm
2023-12-28,0.01686811084093494,0,Calm
2023-12-29,-0.005344473749340796,0,Calm
2024-01-01,0.0037474484613779966,0,Calm
2024-01-02,0.011939030371214415,0,Calm
2024-01-03,0.002204009384350811,0,Calm
2024-01-04,-0.0076247972738098455,0,Calm
2024-01-05,0.004946371815475969,0,Calm
2024-01-08,-0.0019279156618914003,0,Calm
2024-01-09,0.0076077190231816205,0,Calm
2024-01-10,0.006763254549693631,0,Calm
2024-01-11,-0.005161673122680992,1,Turbulent
2024-01-12,-0.036763604119440955,1,Turbulent
2024-01-15,0.03936091328232394,1,Turbulent
2024-01-16,-0.02719977243892765,1,Turbulent
2024-01-17,0.021872831722297887,1,Turbulent
2024-01-18,-0.019998274486354946,1,Turbulent
2024-01-19,-0.00205011633835919,1,Turbulent
2024-01-22,-0.009962734159184975,1,Turbulent
2024-01-23,-0.03401492183771581,1,Turbulent
2024-01-24,-0.002302893405165659,1,Turbulent
2024-01-25,-0.0004093560194428031,1,Turbulent
2024-01-26,0.02316073922479545,1,Turbulent
2024-01-29,0.0017326796314188096,1,Turbulent
2024-01-30,-0.015315308952126377,1,Turbulent
2024-01-31,-0.026350284255924616,1,Turbulent
2024-02-01,0.009953037906589558,1,Turbulent
2024-02-02,0.013546296198466472,1,Turbulent
2024-02-05,-0.0485411109572476,1,Turbulent
2024-02-06,-0.015335708059442541,1,Turbulent
2024-02-07,0.011809774838931957,1,Turbulent
2024-02-08,-0.003635834046080436,1,Turbulent
2024-02-09,-0.027350324242277263,1,Turbulent
2024-02-12,0.00391429387762825,0,Calm
2024-02-13,0.015008708550775388,0,Calm
2024-02-14,0.0026945795780414857,0,Calm
2024-02-15,0.005230569692188724,0,Calm
2024-02-16,-0.0013446035970970252,0,Calm
2024-02-19,0.00890385623748054,0,Calm
2024-02-20,-0.001427606761120062,0,Calm
2024-02-21,0.0011582062434126398,0,Calm
2024-02-22,-0.009358353245233257,0,Calm
2024-02-23,0.012897110092805088,0,Calm
2024-02-26,-0.004007981694683159,0,Calm
2024-02-27,-0.008411191255059205,0,Calm
2024-02-28,0.0033244407039952923,0,Calm
2024-02-29,0.006265292823610361,0,Calm
2024-03-01,-0.0015468624216925437,0,Calm
2024-03-04,-0.0029943538845875204,0,Calm
2024-03-05,-0.0013990350229243836,0,Calm
2024-03-06,-0.006131418814920775,0,Calm
2024-03-07,0.0029531072970260205,0,Calm
2024-03-08,-0.0042504221843908405,0,Calm
2024-03-11,-0.0027533208239577146,0,Calm
2024-03-12,0.007234888362403397,0,Calm
2024-03-13,0.019114657620853983,0,Calm
2024-03-14,-0.0025501015360511843,0,Calm
2024-03-15,0.007806937905774669,0,Calm
2024-03-18,-0.0008848112375443401,0,Calm
2024-03-19,-0.00922919548677818,0,Calm
2024-03-20,0.009245635371626381,0,Calm
2024-03-21,0.006254656321567637,0,Calm
2024-03-22,-0.0065140751577692285,0,Calm
2024-03-25,0.001304855492456207,0,Calm
2024-03-26,-0.006055843523092803,0,Calm
2024-03-27,0.00942831207921331,0,Calm
2024-03-28,-0.007064683726941628,0,Calm
2024-03-29,-0.008873606141935603,0,Calm
2024-04-01,-0.00516304152961162,0,Calm
2024-04-02,0.01204740963614574,0,Calm
2024-04-03,0.006588078058743705,0,Calm
2024-04-04,0.006661721365558406,0,Calm
2024-04-05,0.009098997394971633,0,Calm
2024-04-08,-0.0007247227446939094,0,Calm
2024-04-09,-0.005133913414576268,0,Calm
2024-04-10,-0.010448560835018819,0,Calm
2024-04-11,-0.013923540812400874,0,Calm
2024-04-12,-0.0014417590303126243,0,Calm
2024-04-15,0.0013579073190172265,0,Calm
2024-04-16,0.001638772829366243,0,Calm
2024-04-17,0.0055416243805457436,0,Calm
2024-04-18,-0.011728730639575859,0,Calm
2024-04-19,-0.0045199542535841845,0,Calm
2024-04-22,0.005140770315681996,0,Calm
2024-04-23,-0.00018004324813664953,0,Calm
2024-04-24,0.002994136403544264,0,Calm
2024-04-25,-0.009301348023025399,0,Calm
2024-04-26,0.0006619190337628617,0,Calm
2024-04-29,-0.00531111173751393,0,Calm
2024-04-30,-0.00152457654914692,0,Calm
2024-05-01,-0.0003325072801671689,0,Calm
2024-05-02,-0.0035163056704152363,0,Calm
2024-05-03,-0.0020009674712602797,0,Calm
2024-05-06,-0.004354129447253952,0,Calm
2024-05-07,0.003553654871851413,0,Calm
2024-05-08,0.0015771572708884862,0,Calm
2024-05-09,-0.0006019952652452054,0,Calm
2024-05-10,-0.015930697926314845,0,Calm
2024-05-13,0.0014061029062469362,0,Calm
2024-05-14,-0.004099803357561287,0,Calm
2024-05-15,-0.009507783368755825,0,Calm
2024-05-16,0.001954635161584575,0,Calm
2024-05-17,0.0063352052528411855,0,Calm
2024-05-20,-0.0017688182604284476,0,Calm
2024-05-21,0.0028291800065021228,0,Calm
2024-05-22,0.0004683962300918767,0,Calm
2024-05-23,0.01762931535735721,0,Calm
2024-05-24,0.009583396435851476,0,Calm
2024-05-27,-0.009713013668373044,0,Calm
2024-05-28,-0.007380327550889576,0,Calm
2024-05-29,-0.0025284035671749696,0,Calm
2024-05-30,-0.0038253623460152483,0,Calm
2024-05-31,0.009249132756368914,0,Calm
2024-06-03,0.0007110815246244475,0,Calm
2024-06-04,0.001871639346157692,0,Calm
2024-06-05,0.0066109375086808465,0,Calm
2024-06-06,0.009792676076402499,0,Calm
2024-06-07,-0.003183423770148287,0,Calm
2024-06-10,0.013366681414418225,0,Calm
2024-06-11,-0.010071325642560518,0,Calm
2024-06-12,0.00575370975090496,0,Calm
2024-06-13,0.015080031867935339,0,Calm
2024-06-14,-0.014268138050880752,0,Calm
2024-06-17,0.01340066617936679,0,Calm
2024-06-18,0.007070595950879136,0,Calm
2024-06-19,-0.006332584439403725,0,Calm
2024-06-20,0.005504933324681277,0,Calm
2024-06-21,0.004847484787811324,0,Calm
2024-06-24,-0.0024865282041463743,0,Calm
2024-06-25,-0.005660833657376396,0,Calm
2024-06-26,0.0044253175295364735,0,Calm
2024-06-27,0.002928324102491454,0,Calm
2024-06-28,0.0015710139088242925,0,Calm
2024-07-01,-0.0009624580046402436,0,Calm
2024-07-02,-0.0026068598675109867,0,Calm
2024-07-03,0.009688358966184484,0,Calm
2024-07-04,-0.011803171687688059,0,Calm
2024-07-05,0.021372813738794582,0,Calm
2024-07-08,0.0019193800216992653,0,Calm
2024-07-09,0.0008952906925015101,0,Calm
2024-07-10,0.001865496277397094,0,Calm
2024-07-11,-0.008248183131280038,0,Calm
2024-07-12,-0.00244207858218317,0,Calm
2024-07-15,-0.003869097623182903,0,Calm
2024-07-16,0.0034054628400296827,0,Calm
2024-07-17,-0.007176600826977093,0,Calm
2024-07-18,0.00737788308033083,0,Calm
2024-07-19,0.00740755086983115,0,Calm
2024-07-22,-0.021831757241268696,0,Calm
2024-07-23,0.009885724502060496,0,Calm
2024-07-24,-0.0056065407473038864,0,Calm
2024-07-25,0.011746286338717885,0,Calm
2024-07-26,0.00835749188848799,0,Calm
2024-07-29,-0.0019777099576547496,0,Calm
2024-07-30,-0.003525443850884295,0,Calm
2024-07-31,0.013012027597322456,0,Calm
2024-08-01,0.003288036637223116,0,Calm
2024-08-02,0.0016490810093119528,0,Calm
2024-08-05,-0.0007107099643477857,0,Calm
2024-08-06,0.011582751815519316,0,Calm
2024-08-07,-0.004954596778060249,0,Calm
2024-08-08,0.006021609742306736,0,Calm
2024-08-09,0.0022830863745926253,0,Calm
2024-08-12,-0.009477363145946376,0,Calm
2024-08-13,-0.009433311721473681,0,Calm
2024-08-14,0.000428483361142623,0,Calm
2024-08-15,-0.004269655386163753,0,Calm
2024-08-16,0.0006442514887977898,0,Calm
2024-08-19,-0.0034992709699038322,0,Calm
2024-08-20,-0.0002289742586023049,0,Calm
2024-08-21,0.012910612798365582,0,Calm
2024-08-22,-0.009772505496760014,0,Calm
2024-08-23,0.007589429407755478,0,Calm
2024-08-26,0.0046865575805500916,0,Calm
2024-08-27,0.013456545319740781,0,Calm
2024-08-28,0.008302906983432987,0,Calm
2024-08-29,0.0031578547527499595,0,Calm
2024-08-30,-0.01514965335928237,0,Calm
2024-09-02,-0.012635199590072081,0,Calm
2024-09-03,-0.0077150961351463675,0,Calm
2024-09-04,0.0011427553793553844,0,Calm
2024-09-05,0.01011864451165206,0,Calm
2024-09-06,0.00712355728277497,0,Calm
2024-09-09,-0.0060758921851592545,0,Calm
2024-09-10,0.005499745765090417,0,Calm
2024-09-11,-0.002455518275038699,0,Calm
2024-09-12,0.007335901373650883,0,Calm
2024-09-13,0.014384606128301277,0,Calm
2024-09-16,-0.00777997749930426,0,Calm
2024-09-17,-0.008887900710508026,0,Calm
2024-09-18,-0.004699893195579003,0,Calm
2024-09-19,-0.0008469819920405519,0,Calm
2024-09-20,0.005188089708875408,0,Calm
2024-09-23,-0.007540322197943757,0,Calm
2024-09-24,0.0054503267109688985,0,Calm
2024-09-25,-0.004497727917720284,0,Calm
2024-09-26,0.007068349139461517,0,Calm
2024-09-27,0.0028770214698191614,0,Calm
2024-09-30,-0.005770595437878961,0,Calm
2024-10-01,-0.0008699214611181939,0,Calm
2024-10-02,0.03250827658670582,1,Turbulent
2024-10-03,-0.01692303529595922,1,Turbulent
2024-10-04,-0.05941542468494489,1,Turbulent
2024-10-07,0.003764178704350688,1,Turbulent
2024-10-08,-0.002943771424478871,1,Turbulent
2024-10-09,0.009513864394996293,0,Calm
2024-10-10,0.009316960668212089,0,Calm
2024-10-11,0.006404919692862649,0,Calm
2024-10-14,0.009601830773815597,0,Calm
2024-10-15,-9.259358153427687e-05,0,Calm
2024-10-16,0.007153642149190181,0,Calm
2024-10-17,-0.0050728018399185185,1,Turbulent
2024-10-18,-0.006307366173701257,1,Turbulent
2024-10-21,0.05232618668043348,1,Turbulent
2024-10-22,-0.02883187112757988,1,Turbulent
2024-10-23,0.01578923053252096,1,Turbulent
2024-10-24,-0.008259462942679444,1,Turbulent
2024-10-25,0.018919230681875513,1,Turbulent
2024-10-28,-0.020816121448866215,1,Turbulent
2024-10-29,-0.018128785924901147,1,Turbulent
2024-10-30,0.005836272074624496,1,Turbulent
2024-10-31,0.003065725984414487,0,Calm
2024-11-01,0.003210679289978262,0,Calm
2024-11-04,0.0004110310914078718,0,Calm
2024-11-05,-0.009907596874420692,0,Calm
2024-11-06,-0.005385940319873831,0,Calm
2024-11-07,0.009674474548573474,0,Calm
2024-11-08,0.003996593101916107,0,Calm
2024-11-11,0.000251349777963404,0,Calm
2024-11-12,-0.003522475450472206,0,Calm
2024-11-13,0.010049013461648361,0,Calm
2024-11-14,0.005944357701409098,0,Calm
2024-11-15,0.008904818991632693,0,Calm
2024-11-18,-0.0004339982204545474,0,Calm
2024-11-19,0.0069099641505528464,0,Calm
2024-11-20,-0.0021855876087169446,0,Calm
2024-11-21,-0.004745454093804686,0,Calm
2024-11-22,0.0016673806982349746,0,Calm
2024-11-25,-0.0011969032045502054,0,Calm
2024-11-26,0.0010582070251153042,0,Calm
2024-11-27,-0.004227497340551582,0,Calm
2024-11-28,-0.0018187616912989455,0,Calm
2024-11-29,0.0019398203090287653,0,Calm
2024-12-02,-0.0003486685057624274,0,Calm
2024-12-03,-0.017478679854153148,0,Calm
2024-12-04,-0.002864209350200248,0,Calm
2024-12-05,-0.0013182362373399229,0,Calm
2024-12-06,0.01074856796091533,0,Calm
2024-12-09,0.008842864970234867,0,Calm
2024-12-10,-0.0020447996268869793,0,Calm
2024-12-11,0.004508104207336022,0,Calm
2024-12-12,0.027317645529086804,1,Turbulent
2024-12-13,0.050977108613533495,1,Turbulent
2024-12-16,-0.009102763756014855,1,Turbulent
2024-12-17,0.0021457131217917117,1,Turbulent
2024-12-18,-0.027018736733048873,1,Turbulent
2024-12-19,-0.014296992656006483,1,Turbulent
2024-12-20,0.027594931681510084,1,Turbulent
2024-12-23,0.011115009924566162,1,Turbulent
2024-12-24,-0.01489612923413116,1,Turbulent
2024-12-25,0.028416054347215832,1,Turbulent
2024-12-26,-0.007792766219768762,0,Calm
2024-12-27,0.0018981207503517426,0,Calm
2024-12-30,0.005585481656471184,0,Calm
2024-12-31,-0.00947128655715245,0,Calm
2025-01-01,0.0015159148738996583,0,Calm
2025-01-02,-0.0010214949356378302,0,Calm
2025-01-03,0.0084700497599825,0,Calm
2025-01-06,0.030854357643159684,1,Turbulent
2025-01-07,-0.022237562654968335,1,Turbulent
2025-01-08,0.016780510867845648,1,Turbulent
2025-01-09,-0.00943543796795427,1,Turbulent
2025-01-10,-0.017612335938714,1,Turbulent
2025-01-13,-0.005465096196755913,1,Turbulent
2025-01-14,0.0003451375088805483,1,Turbulent
2025-01-15,0.006422613393242891,1,Turbulent
2025-01-16,0.019942558166255425,1,Turbulent
2025-01-17,0.013315375979976306,0,Calm
2025-01-20,0.0014368489867681504,0,Calm
2025-01-21,0.0028207568616245887,0,Calm
2025-01-22,-0.016475032853307398,0,Calm
2025-01-23,0.001359758877036492,0,Calm
2025-01-24,0.004448115466453085,0,Calm
2025-01-27,-0.004030725597473178,0,Calm
2025-01-28,-0.011515614477028539,0,Calm
2025-01-29,-0.019507772741604437,1,Turbulent
2025-01-30,-0.0052119483475192,1,Turbulent
2025-01-31,0.013191193622120248,1,Turbulent
2025-02-03,0.03644052553968572,1,Turbulent
2025-02-04,-0.010820885665140022,1,Turbulent
2025-02-05,-0.01722502043253516,1,Turbulent
2025-02-06,-0.02308189500793815,1,Turbulent
2025-02-07,0.0031076199791270328,1,Turbulent
2025-02-10,-0.03114068551854511,1,Turbulent
2025-02-11,-0.007670606227437812,1,Turbulent
2025-02-12,0.011595009966034298,1,Turbulent
2025-02-13,0.050329163477578945,1,Turbulent
2025-02-14,-0.01760020999516533,1,Turbulent
2025-02-17,0.006545298783987996,1,Turbulent
2025-02-18,0.0021871073645016825,0,Calm
2025-02-19,0.013500294448608457,0,Calm
2025-02-20,0.01157103587410606,0,Calm
2025-02-21,0.006371303902325986,0,Calm
2025-02-24,0.00832156816455741,0,Calm
2025-02-25,0.010424053825688876,0,Calm
2025-02-26,-0.001029308929259593,0,Calm
2025-02-27,0.00352476889054172,0,Calm
2025-02-28,-0.004360381044245488,0,Calm
2025-03-03,0.006210407547835585,0,Calm
2025-03-04,0.006901500791821946,0,Calm
2025-03-05,-0.002360007206430037,0,Calm
2025-03-06,0.007730064565224756,0,Calm
2025-03-07,3.808467207012229e-05,0,Calm
2025-03-10,-0.0007205276556340017,0,Calm
2025-03-11,-0.003171444427922924,0,Calm
2025-03-12,-0.00799861478342599,0,Calm
2025-03-13,0.006526177130953354,0,Calm
2025-03-14,-0.0065449242413397985,0,Calm
2025-03-17,0.002266275132623745,0,Calm
2025-03-18,-0.005523500704159538,0,Calm
2025-03-19,0.011469426330123303,0,Calm
2025-03-20,0.00748533251265434,0,Calm
2025-03-21,0.0033290619805682706,0,Calm
2025-03-24,0.003763751067275051,0,Calm
2025-03-25,0.003500750630976744,0,Calm
2025-03-26,-0.008609744573968587,0,Calm
2025-03-27,0.007975772006827487,0,Calm
2025-03-28,-0.0030076012332684978,0,Calm
2025-03-31,0.00010717595344292492,0,Calm
2025-04-01,0.005109425831180099,0,Calm
2025-04-02,0.009881419214507636,0,Calm
2025-04-03,0.0041150669426381365,0,Calm
2025-04-04,0.0010751609488741946,0,Calm
2025-04-07,0.012379845453566784,0,Calm
2025-04-08,0.008360209008926896,0,Calm
2025-04-09,-0.0056087980094342085,0,Calm
2025-04-10,0.011743277193298887,0,Calm
2025-04-11,0.0029680076002567978,0,Calm
2025-04-14,0.0030310324597976526,0,Calm
2025-04-15,-0.006503182296938465,0,Calm
2025-04-16,0.0028629293168717733,0,Calm
2025-04-17,0.0167987494447283,0,Calm
2025-04-18,0.010761520843314769,0,Calm
2025-04-21,-0.004605553800822145,0,Calm
2025-04-22,-0.008566913629103851,0,Calm
2025-04-23,0.0024332707155908908,0,Calm
2025-04-24,-0.0014473617582653388,0,Calm
2025-04-25,-0.008614127811014689,0,Calm
2025-04-28,-0.0009023531402217252,0,Calm
2025-04-29,-0.0018706106490792777,0,Calm
2025-04-30,0.004685702019631943,0,Calm
2025-05-01,0.0009449690718980332,0,Calm
2025-05-02,0.0018953766706504968,0,Calm
2025-05-05,-0.0037386420691099733,0,Calm
2025-05-06,0.00907289545510665,0,Calm
2025-05-07,0.009106095637507007,0,Calm
2025-05-08,-0.00412413770040297,0,Calm
2025-05-09,0.0010868992159019032,0,Calm
2025-05-12,0.004265939125539399,0,Calm
2025-05-13,-0.01087617969940617,0,Calm
2025-05-14,0.004130258180215688,0,Calm
2025-05-15,0.0064015190497532385,0,Calm
2025-05-16,0.00043810478099956133,0,Calm
2025-05-19,-0.0023676140711672783,0,Calm
2025-05-20,-0.0010542706297433178,0,Calm
2025-05-21,-0.0038281430799941025,0,Calm
2025-05-22,0.007120255767558769,0,Calm
2025-05-23,0.018547367463265935,1,Turbulent
2025-05-26,-0.002503166881085944,1,Turbulent
2025-05-27,0.0010005470627232156,1,Turbulent
2025-05-28,0.013363597844163622,1,Turbulent
2025-05-29,0.0321469199371232,1,Turbulent
2025-05-30,0.012484205413696312,1,Turbulent
2025-06-02,-0.020268079489597492,1,Turbulent
2025-06-03,-0.01197739237896505,0,Calm
2025-06-04,0.0016703383629326839,0,Calm
2025-06-05,-0.006346149210275285,0,Calm
2025-06-06,-0.0010284582496858058,0,Calm
2025-06-09,-0.007265865216726116,0,Calm
2025-06-10,-0.004309712941644372,0,Calm
2025-06-11,-0.0037009094518947704,0,Calm
2025-06-12,0.0012366543917984745,0,Calm
2025-06-13,0.010792965316372187,0,Calm
2025-06-16,-0.0001389859674671757,0,Calm
2025-06-17,0.0065469356032885305,0,Calm
2025-06-18,0.008357239375681825,0,Calm
2025-06-19,0.001064751455845401,0,Calm
2025-06-20,-0.006509121677183862,0,Calm
2025-06-23,-0.005015738927823218,0,Calm
2025-06-24,0.008495426519170759,0,Calm
2025-06-25,0.023717954053219522,1,Turbulent
2025-06-26,0.05903948096003725,1,Turbulent
2025-06-27,0.017773019283497934,1,Turbulent
2025-06-30,0.00703812049965767,1,Turbulent
2025-07-01,-0.005718322781835527,1,Turbulent
2025-07-02,0.01414036008785266,1,Turbulent
2025-07-03,-6.961349146588909e-05,0,Calm
2025-07-04,0.004455640801094771,0,Calm
2025-07-07,0.007744769538432182,0,Calm
2025-07-08,0.005447153872797289,0,Calm
2025-07-09,-0.011831527515906248,0,Calm
2025-07-10,0.012047769551628864,0,Calm
2025-07-11,0.0003007137806699937,0,Calm
2025-07-14,0.006184125568601598,0,Calm
2025-07-15,0.006034995547905574,0,Calm
2025-07-16,0.00015937424695748825,0,Calm
2025-07-17,0.013599333517294386,0,Calm
2025-07-18,0.009475285183590948,0,Calm
2025-07-21,-0.0014944983745790712,0,Calm
2025-07-22,-0.001416670194499669,0,Calm
2025-07-23,-0.012593112039505729,0,Calm
2025-07-24,-0.0035656325184207386,0,Calm
2025-07-25,0.0014528651997662346,0,Calm
2025-07-28,-0.005898585728224765,0,Calm
2025-07-29,0.007578212023226137,0,Calm
2025-07-30,-0.004640681787516124,0,Calm
2025-07-31,-0.01545689093290397,0,Calm
2025-08-01,0.0010846739910650327,0,Calm
2025-08-04,0.010304352844693264,0,Calm
2025-08-05,0.0044568653840166995,0,Calm
2025-08-06,0.006102503550245652,0,Calm
2025-08-07,-0.005796221555885491,0,Calm
2025-08-08,0.005369965811096566,0,Calm
2025-08-11,0.0025291209029943734,0,Calm
2025-08-12,0.013345988279646306,0,Calm
2025-08-13,0.010522200013467028,0,Calm
2025-08-14,0.011119443919345622,0,Calm
2025-08-15,0.0018874265204510896,0,Calm
2025-08-18,-0.00578874464795351,0,Calm
2025-08-19,0.0015504956447534557,0,Calm
2025-08-20,-0.003364250654885619,0,Calm
2025-08-21,0.007594197481855283,0,Calm
2025-08-22,-0.01690885127146913,0,Calm
2025-08-25,0.014129637230129444,0,Calm
2025-08-26,-0.0017904205677512289,0,Calm
2025-08-27,0.00677851296940357,0,Calm
2025-08-28,0.003709059436710284,0,Calm
2025-08-29,-0.004694004579237147,0,Calm
2025-09-01,-0.001729679472329067,0,Calm
2025-09-02,0.00025337047071937943,0,Calm
2025-09-03,0.008421097876333895,0,Calm
2025-09-04,-0.010213587982872691,0,Calm
2025-09-05,0.007639746606580359,0,Calm
2025-09-08,-0.013092205065372517,0,Calm
2025-09-09,-0.011194706278594103,0,Calm
2025-09-10,0.005366152186500542,0,Calm
2025-09-11,-0.0038113385664229945,0,Calm
2025-09-12,0.009297427669207938,0,Calm
2025-09-15,0.020652483652883014,0,Calm
2025-09-16,0.0033738368037112146,0,Calm
2025-09-17,0.000750555157518942,0,Calm
2025-09-18,-0.003592418498506931,0,Calm
2025-09-19,0.009078051052520991,0,Calm
2025-09-22,0.012243965646721922,0,Calm
2025-09-23,0.0063219305214584935,0,Calm
2025-09-24,-0.0010741577721415096,0,Calm
2025-09-25,-0.0016325684087647174,0,Calm
2025-09-26,-0.0015282196671924223,0,Calm
2025-09-29,-0.010174143963068644,0,Calm
2025-09-30,-0.01056641105568239,0,Calm
2025-10-01,0.021587129805085745,0,Calm
