Date,US Equity,Intl Equity,Bonds,High Yield,Commodities
2023-01-02,0.008771834684657288,0.008090659957716845,-0.0036371709475975255,0.004217727951761011,0.011994621460948873
2023-01-03,-0.007439620594978658,-0.00855979893988397,-0.0028964579179532562,-0.009147684176056744,0.009883118176577513
2023-01-04,-0.0008496333838844518,0.0007825798712510299,0.0006776620808644553,0.0006535958382399057,-0.003299434365582908
2023-01-05,-0.00607283675827999,-0.003590995723408609,0.0030552691270387604,-0.0038368570810248894,-0.007850047291595039
2023-01-06,-0.0038015648790438285,0.011093441899328801,0.004938647144012236,0.012555906722108918,0.010431053174576642
2023-01-09,-0.006934700487366094,-0.006969184299334161,0.0039145455850509644,0.0026076206026304427,-0.01039334101424169
2023-01-10,0.011037296027791854,0.012241163099165212,0.0021200578859862686,0.011651946656551527,0.0008913099555303177
2023-01-11,-0.003608426352783952,-0.013145391896003906,0.00020776568503827125,0.0002625700229298913,-0.0026360836359797424
2023-01-12,0.00046601502093537796,0.00552003138816737,0.0016412996485453623,0.003578346288390306,0.0014270420878619296
2023-01-13,0.00020037180436698363,0.0025806648519082283,0.0001500507294682887,-0.00030043923221208165,-0.001398520045051276
2023-01-16,-0.0006588673483818046,0.00046002979886564414,0.0018432143469558114,0.00217119854529409,-0.0022392264163466563
2023-01-17,-0.017672031480495915,-0.011313046505479544,-0.0034091297589684696,-0.007860551061842165,0.010093162536759471
2023-01-18,0.0038660149490065527,-0.004229916358461789,0.003507796707420227,0.0019151418678012933,-0.007689299654036326
2023-01-19,0.00569058654538697,0.007055557288606532,0.005255460289860763,0.004287970538558837,0.002006761884742203
2023-01-20,0.0029261699911539126,0.007868655196321265,-0.000225511967694616,0.005197240331765615,0.0040608895462935085
2023-01-23,-0.009032706275829881,-0.009342000799820971,0.00022473180712151748,-0.0026246301777926484,-0.009870195717134449
2023-01-24,-0.0005059522297245667,0.0028108604432558744,0.0019757929019952485,0.0062964076230066415,-0.0017559731997707198
2023-01-25,-0.004823640989891964,0.003070482881043671,0.0013648030540658132,0.0017380165654613097,-0.003028850461520775
2023-01-26,0.005379443532642678,0.005589722080420535,0.00039332820181878485,0.008203131175592711,-0.005818480624488964
2023-01-27,0.0014193564805576758,-0.00517760098977077,0.0008734842538556597,-0.0020866373560126804,0.008600911732357294
2023-01-30,-0.027956506244451586,-0.001706378373860682,-0.004953726194395922,-0.02524889237447869,-0.00040452550851125235
2023-01-31,0.0017603844478424806,-0.00227531436463102,-0.002818186143738461,-0.009142515347778253,-0.004586973572127188
2023-02-01,0.001907496850894353,-0.004484734472607524,0.0001423406863534989,0.0034869210369193604,-0.008147561201158227
2023-02-02,0.004362840441152562,0.006522037404969664,-0.0014249375311837485,0.0009490990613581051,-0.006245445214928056
2023-02-03,0.004456985100849294,0.01392126836628276,-0.0006944740730005029,-0.0014913329848520037,-0.016140288724249146
2023-02-06,0.027065073732612237,0.04238481258688252,-0.0023287933733896426,0.006132441253145524,0.008541395662517642
2023-02-07,0.007280956341977777,0.001136285807446337,0.0011354157802115816,-0.0029153485203747506,0.0025847560236137456
2023-02-08,-0.0027808445241059073,0.0011847528695761939,0.0012385532537594096,-0.0004083968464089677,-0.0029434809840433603
2023-02-09,-0.016554728335789443,0.0011402265660793982,0.006723518977353906,-0.000380161658298493,-0.019084263926896793
2023-02-10,0.004865624660845468,0.00443619435436229,-0.0015509219445157723,0.0001920829030639082,0.007234935047846395
2023-02-13,0.00010664964500048629,0.0040401885148316575,0.0003170435117082859,0.0018067508500517217,-0.0038218515335661837
2023-02-14,0.007431305943768923,0.007602860027254684,-0.0009337162515963785,0.0017369742629099298,-0.00012673953742239132
2023-02-15,-0.0006780548207767874,0.0012944971808606636,0.002043652465645782,-0.0021986061303714815,-0.001440537085114137
2023-02-16,0.0007239630600108806,-0.0027831891691502955,0.0007828739759683068,0.0001635208308323373,-0.0030282772564867782
2023-02-17,-0.015997243545003235,-0.02343210421565273,0.0004743632336351778,0.003683164467625719,-0.007286800168863742
2023-02-20,-0.025066860682474455,-0.012446242466491725,0.0018140835392779628,0.0031021716035677257,-0.008754501640804989
2023-02-21,0.004837982752853708,0.005554805574697483,-0.0022804786096785714,-0.0017513524393554536,0.0015276711256798376
2023-02-22,-0.01269696930400847,0.0005425382804872976,-0.0013577392180155322,0.0027097217434573348,-0.002114019345519144
2023-02-23,0.015038733056356142,0.02215750901354047,-0.015794285435885434,-0.013182570943568802,0.01931879934232763
2023-02-24,-0.0022038385223031973,0.005850142524447575,0.004257389626175595,0.0013389766543147328,0.0028073748167519105
2023-02-27,0.0030712107789544764,0.0006525246479626404,0.0030430341160119405,0.005236627922993541,0.0017089414768357376
2023-02-28,-0.0029812647915547883,-0.005177388894653363,-0.0010343391071346133,-0.0002061825220490712,-0.0046085333307586554
2023-03-01,0.010965976823327134,0.028226684779809077,-0.005063692421712606,-0.004141803402418166,0.01853427995288372
2023-03-02,0.002904324182079908,-0.002249196949057281,-0.0001945628449545274,6.050095427754084e-05,0.006039886857903932
2023-03-03,-0.004793955333714285,-0.005383276069163408,-4.5608258438073175e-05,-0.00022914438359878552,-0.002210558127654316
2023-03-06,-0.032201495761257505,-0.04858821886832853,0.010284592662431903,-0.0042388134253693345,-0.008503442485538993
2023-03-07,0.0005295637002128584,0.0016177177118234284,0.002494284307485185,0.0026679863776578063,0.004529505287448037
2023-03-08,0.005730851438987522,0.007039359904157232,-0.003978040135726252,-0.004256385416084276,0.010477073359170124
2023-03-09,-0.0024946430731568074,-0.00442996665531587,-0.0007934434785687302,-0.0067716687692565124,-0.01037074203230466
2023-03-10,0.0012789783953909535,-0.0014434123653123288,-0.0019938619562091327,-0.00027907692406107745,0.00356960092524429
2023-03-13,9.855896351981575e-05,-0.003039206444494922,0.001789409433812864,0.0024029146139733504,-0.007525677883447111
2023-03-14,-0.003361595941560707,-0.0068895842994599055,-0.0029279971469322254,-0.0015311382645753456,0.004334403332497756
2023-03-15,-0.01679683199320744,-0.012373921026227641,-4.0887951730106e-06,-0.002973308322139227,0.003556903829836169
2023-03-16,0.004933073653747206,0.00417417077264498,-0.0012802523676705368,0.0014656762039215755,0.011402766504236725
2023-03-17,-0.025324939505974715,-0.03341598443744852,-0.001567057138116197,-0.016475945830105986,-0.01948870799435237
2023-03-20,0.0075344532133270505,0.008549635333562457,-0.0007076298315544091,0.0008324072212470553,-0.005489641442284858
2023-03-21,0.005639576473473425,0.001858700922859366,-0.0035315884644748882,-0.0045363297984926795,-0.0013715630176849847
2023-03-22,0.00747474357232376,0.006211844475867731,-0.0009812205224630733,0.00563925379816247,0.0020422581987777754
2023-03-23,0.012389853289742472,0.013658313781317783,0.0021368404299582596,-0.0004773967487215302,0.004830239730868483
2023-03-24,-0.004252515044514445,-0.010364270470209954,0.0007692155376367029,-0.00183890130756503,-0.002675974152973264
2023-03-27,0.00786037614483369,-0.006931662300329683,-2.9755856746927758e-05,-0.006179187770072768,-0.01994563136855714
2023-03-28,-0.0015253968095872168,-0.005670088886459895,-0.008669213904140494,-0.010187671619881978,-0.0032074818557318186
2023-03-29,0.007830018997142493,0.011022294373189242,-0.0005429425671796037,-0.0043439339633850535,-0.002035066193455913
2023-03-30,0.0015699374158203122,0.0031261014982998355,0.0017417163092634492,0.0020760063949696525,0.002348248533970353
2023-03-31,-0.0040994671557593515,-0.005902846042782117,0.0011356218848378482,0.00227793234353905,-0.009376299675219678
2023-04-03,-0.0069962435301395955,-0.009228258975892295,0.0026905736369648298,0.00011324266707167478,0.028282636005858373
2023-04-04,0.0009012716976695312,-0.002676817148908292,-0.0006124541922898672,-0.002403593811884841,-0.002426576401728225
2023-04-05,0.0020460830807498454,0.008377574522824506,0.0038212773044094994,0.006175946245715117,-0.004786857758558286
2023-04-06,0.0025272128301871816,-0.0007320930339656025,-0.0002991112148045315,0.001071028450985503,-0.0003732836167771397
2023-04-07,0.015762467874025327,0.013975540347252912,-0.0012689390152925274,0.001450288019391887,0.00974914776616814
2023-04-10,-0.00603280498137236,-0.006851902820900474,-0.0014581598976615728,-0.003572609991003995,-0.009087512572293031
2023-04-11,-0.005635551458356411,0.0021125479678979434,-0.0041893386659881664,0.0012853438175236404,-0.010693564726214426
2023-04-12,-0.001897807331778554,-0.007765621990251616,0.0009596199678619166,0.0010333390646984028,-0.0013301563777809672
2023-04-13,0.004292894643914482,0.001685358669644744,0.003229033972685577,0.003966977981274418,-0.003926749237388904
2023-04-14,-0.005067555953020067,-0.006203403514321464,-0.006099119007811987,-0.01409940919143048,0.015418608319933046
2023-04-17,0.005016338168139358,0.011675624911099396,0.010561054230529327,0.015078728552825065,-0.005188092780393443
2023-04-18,0.004421008043145748,0.0013375655981569575,0.00215956324351076,0.004340460492266298,0.007026512733152789
2023-04-19,-0.012751186867553384,-0.029691015372248906,0.0014725866778234802,0.0022021212624333524,-0.004638463785921656
2023-04-20,-0.00604018471403357,-0.009553185539486444,-0.0024942945172291577,1.322870770984944e-05,-0.02469996204670755
2023-04-21,-0.004463019772129669,0.0018781994067341267,0.00018916481081816288,-0.004289222536941183,-0.007808856206808199
2023-04-24,0.002012096056039877,0.003912519053747086,-0.002415311155749255,0.0027513569498179326,0.0032573898568417406
2023-04-25,-0.00014697560375864603,-0.004292856511322618,-0.0015837103054068432,-0.0001519862066841346,0.0011091140734941242
2023-04-26,-0.01621991765451294,-0.020489823109259498,-0.0006659213031343102,-0.009211038298093556,0.008930788796982263
2023-04-27,0.010235583285024568,0.005454537625324688,-0.006238270626813237,-0.003720000913411767,-0.004508768845084173
2023-04-28,-0.002684291113756835,-0.0069800141923409866,0.001112866147261909,-0.00033485119436255827,0.0038159319130269625
2023-05-01,0.0060078773191949136,0.002280760462082786,-3.795245267160103e-05,-0.0018972222040342151,-0.00027777390444469496
2023-05-02,-0.007192718335281722,-0.0040786259363449475,-0.005270671700789431,-0.00581618300201997,-0.0026063857241940052
2023-05-03,0.0032951586563391994,-0.0005971786497839513,5.625999590312396e-05,0.0017033133852230003,-0.0007643312632196982
2023-05-04,0.0005880913259889841,-0.0004928850300944289,-0.0018070187948462987,-0.004327932176889907,-0.016452044909987352
2023-05-05,0.0007946039756956154,0.0004686223580552789,0.0021563848116371146,0.0006546058416257569,0.00560711919164128
2023-05-08,0.006163100449542667,-0.003545361788068476,-0.0005805086646110976,0.0035191690547476786,-0.0005482267981212774
2023-05-09,0.0057855683003121714,0.010262281367764452,-0.002334375682803246,0.0009383815903948789,0.0007877734946160192
2023-05-10,0.008967913238472607,-0.0042360553792012935,-0.0016449750214049728,-0.004378911066163554,-0.0038808687625603803
2023-05-11,0.006845692646800761,0.008435712394220213,-0.0010763951105306135,0.00816011799282194,-0.013796955283187314
2023-05-12,0.005756159746637715,0.005178692879974518,-0.003211591588032675,-0.001173200847451625,0.002855031319848036
2023-05-15,0.0006312139406322039,-0.007348552973280598,-0.0004064418536515148,0.00756141730330115,0.017556377244069846
2023-05-16,-0.005289294681109494,-0.005811880186877803,-0.0010558502999546355,-0.00640196569598699,-0.011742433337920799
2023-05-17,-0.006161522820115371,0.016596448704796412,0.010053650410961297,0.025017933278504066,0.06391842243784439
2023-05-18,-0.0046276674963294006,-0.0056394001630512315,-0.0038733870305018383,-0.006188979597691346,-0.0004519700616149713
2023-05-19,0.0046581291047365385,0.0005869247146443794,-0.0012790643079947472,-0.0010245774834802808,-0.0017424372623393105
2023-05-22,-0.04208194539387665,-0.031033902172556818,-0.003552024330921832,-0.018740841361629436,-0.030130821832082336
2023-05-23,-0.0025776446067255,-0.007250951099901237,-0.0010230815751859504,0.0029418286194749723,-0.002518374788519956
2023-05-24,0.0019842899322298504,0.0013373640403191534,-0.0033177932991654093,-0.008074225373149621,0.0009447407170939154
2023-05-25,-0.006487532633411512,-0.007729280414587783,-0.0021964487811728306,-0.008857845043918556,0.006306044441011981
2023-05-26,0.017933796606088785,0.02182685060469389,-0.0033702242749053205,-0.0002919668839660967,0.005823345794463543
2023-05-29,-0.006999251550315281,-0.007591577638516463,0.0006705894599535121,0.0035856128376735665,-0.010522634542834402
2023-05-30,0.0002622173409021339,-0.004328781179388225,-0.004720963119352482,-0.003366876854606345,-0.012231373297044426
2023-05-31,-0.0015689846950197473,0.00044613159411956713,0.000383481595620354,-0.000662072054495006,0.004205480003119486
2023-06-01,-0.008020506103690999,-0.015013366689543416,0.006814919922597322,0.004142560435814709,-0.015501957783833793
2023-06-02,-0.015320594454716764,-0.018854474864088314,0.004846630010679894,-0.0029560547968788212,-0.003873642290808804
2023-06-05,0.006724384046556649,0.01027723798865272,-0.002287366870317643,0.0022515894009224597,-0.009499848632901303
2023-06-06,0.004053427465224704,-0.0032230332732061393,-0.00222506617041022,-0.0036866044865936213,-0.006916120406711363
2023-06-07,-0.00024916055960845154,-0.0023055251558773884,0.0038442691954097405,0.0024893360867563152,-0.006697466091795677
2023-06-08,0.0009318480878894955,-0.003233557572106652,-0.00024724465787054556,-0.002311056522091322,-0.0015619331639034474
2023-06-09,0.002483988733519935,0.006508997941799959,0.004052205217380442,0.007022237587924751,0.00133577480486703
2023-06-12,-0.0025701936747871707,-0.005967646497914947,0.0024360941144451393,0.0003343205076242432,-0.0032513600210593266
2023-06-13,0.0008339591868209511,0.003021325960679898,0.0028445055788748562,0.004074231706543835,-0.004688598507695283
2023-06-14,0.0029459539390138153,0.0015577166791341495,-0.001288254348928256,0.0018199170502026694,-0.00042508599922699326
2023-06-15,-0.00041057559044465713,0.0028996056181491534,0.0013397766171889883,0.00296573096528113,0.002691164664261524
2023-06-16,-0.0017984975518209058,-0.0030381451535432527,-8.970802081399056e-05,-0.0007065728778669629,0.002351943668949627
2023-06-19,-0.010649457716115363,-0.009396312702170997,-0.006866679212574077,-0.0049017459835690004,0.0033305535415164554
2023-06-20,-0.009715890697733154,-0.014284395241290996,-0.0009708720055406415,-0.01005805456803841,-0.003982931003253875
2023-06-21,0.00884654488658298,-0.0014151485125503504,-0.0006354110327291555,-0.004530773127650493,0.013894149449292402
2023-06-22,-0.014340016001443667,-0.01645316957743457,0.0008373829034065489,-0.0027604008839790754,-0.00993076402018984
2023-06-23,0.0023009534844316806,0.00019478786838421429,0.0012742685703715634,-0.0020086185075265895,-0.004068725124138194
2023-06-26,0.005099831340691895,0.008808122860041257,0.002676678820552174,0.0019752943071558266,0.014728137434812966
2023-06-27,0.002494296307212859,0.0325261190100451,0.005712839959867912,-0.0022532717127989195,0.01628486966185124
2023-06-28,-0.0013894215566939874,0.0009890114726051771,-0.0013708960643271997,-0.0005599419903995269,0.0020904731362561602
2023-06-29,-0.008514694880916645,-0.004388166152519682,-0.0022293982626447476,-0.0071195005954419865,-0.015229401570793168
2023-06-30,0.004132774226339705,0.0021667625498588495,-0.005178699480451845,-0.007774485716127125,0.0007887512128940909
2023-07-03,0.00028536718425289736,0.000571345685514207,-0.001856612936979691,-0.0015202681280635571,3.8630147324126695e-05
2023-07-04,0.007791689784999755,0.006302943255299006,0.005442499405814666,0.005879393603187105,0.007580754527127177
2023-07-05,0.00729281860547252,0.002781817953108182,-0.0006246858064284245,0.003536688313448369,0.00044737238479787734
2023-07-06,-0.0015801938988517746,0.004314824162273893,0.003100467572509329,0.0038059666239875275,-0.00043684565234552514
2023-07-07,0.01181230106670211,0.005610138600043889,0.009054164822128688,0.003706716871957148,-0.015528886321830644
2023-07-10,-0.008256043635331299,-0.008125517638688256,0.002778214623453215,0.0003477589000195346,0.004717677114514223
2023-07-11,0.0033281140383141523,0.004842238806558646,0.0013403812382950992,0.002321898373523715,-0.002424042382057134
2023-07-12,0.007622292741746452,0.011401696325312405,0.004298917576336334,0.007246277525320876,0.011320888676470405
2023-07-13,-0.0034131634710986808,0.0007995494092610422,-0.0030511901350220205,-0.008906365795204065,0.005713534206712943
2023-07-14,-0.001202288018570652,2.078217850800401e-05,0.00035535688516254247,0.0006989360471068,-0.01393011539660977
2023-07-17,-0.002084185376742206,-0.001743238305250515,-0.0012482065838167631,-0.001526687308190938,-0.004260611420931385
2023-07-18,0.00016720927342966327,0.0021165273548957734,-0.0013188060109833877,-0.00870485996287485,0.0021112674114847356
2023-07-19,0.0017392243376379876,0.0005628980631537466,-0.00017770029618170775,-0.0026304840144806647,0.001173977557135329
2023-07-20,0.0011477303498870768,0.0024456806693623186,-2.723214187801514e-05,-0.002463455519480572,-0.004944760687012923
2023-07-21,-0.0011384198721574384,0.0054568317284221495,-0.00040404579287753144,0.0014534632814680966,0.0009918163196873091
2023-07-24,0.0018166220144353704,0.002181102495111826,-0.001363551890183383,-0.0005933005200224532,0.006217585962044764
2023-07-25,-0.004913349143737453,-0.005058278297615649,0.0006502863189292164,-0.00040160699194106926,0.0008359356477605935
2023-07-26,-0.005294837359901179,0.0030255293588004753,0.002221933803049214,0.00379817128483634,0.008749914648167694
2023-07-27,-0.0028993293047958704,0.0010419114787744036,-0.0009198512464058612,-0.0015378494093904681,0.00536015732579777
2023-07-28,0.008524959389509536,0.007998250862794317,-0.0011202502714476859,0.00028393707777195923,0.012949349318540965
2023-07-31,0.0010645169800524025,-0.008008499140543131,0.0023894148979146912,0.004334743450565572,-0.007427365247154953
2023-08-01,-0.011775586678789944,-0.014053419350741034,0.0022868739722928877,-0.0034944007899548823,-0.01957318595656039
2023-08-02,0.004762079246754045,0.01033166093446707,-0.0010243507931667062,0.0009728796631686279,0.0012706835940126712
2023-08-03,-0.0006903018822634207,-0.0035705038649042195,3.739732645305336e-05,0.0020510801192250533,0.0018493906344666535
2023-08-04,-0.015940541823724255,-0.02129631775680997,-0.0014056522019628827,-0.004220568848426992,0.0005089510002059346
2023-08-07,0.006486149941420461,0.008769653114685387,-0.002708235804565787,-0.0018990026991073967,0.004652060141063266
2023-08-08,0.0067401204819348874,0.0007802923660372486,0.0019849604687370227,0.005667937133093048,-0.0021014763398857646
2023-08-09,-0.0030140403907923828,-0.00010876667683771505,-0.0013438574610198102,-0.002214901963949211,0.0052238435632200805
2023-08-10,-0.0014245337812725273,-0.009234650712730694,-0.0003882894386217342,-0.004891425870067417,-0.0069698653654511064
2023-08-11,-0.0030700849291567084,-0.00013335564044651541,0.0034781287231028454,-0.0008849756063284467,-0.008954023615051087
2023-08-14,-0.003251335068218957,0.008699116758778096,0.0037881174064876766,-0.0028444767692273817,-0.001256601219053895
2023-08-15,-0.0024397271014235367,-0.0020107192814567553,0.0004933096102065876,0.0004264530116092793,0.0033536593741140906
2023-08-16,0.02950025800488645,0.019442386869359084,-0.005634024346859721,0.004255088172271163,-0.0019460518770229773
2023-08-17,0.005473704769910175,-0.0012761306900750551,-0.0034642430067582013,-0.005216372985998597,-0.010125494450935685
2023-08-18,-0.0027464505264265054,4.027429458578033e-05,-0.0018352100960518578,-0.00393873342903492,0.00305641627193123
2023-08-21,-0.004064445075326159,-0.0036820688891687665,0.002455653253536866,0.004529324582736386,-0.0007634233737855997
2023-08-22,-0.006875362060358298,-0.022080534896168413,0.00020226040814983807,0.0012259618871791132,0.0031170847978295516
2023-08-23,-0.007343506267161955,-0.0066304085374025695,0.0007728522665262782,-0.001329137479944812,-0.00927215544531171
2023-08-24,-0.0038423762182090756,-0.0076101588615187675,0.0011200836535273026,0.002178443605079086,-0.002767512998789963
2023-08-25,-0.006817788186676581,-0.008636053951202349,0.001283138001539594,-0.0007479045897194306,0.002184861743645863
2023-08-28,-0.00703117206228156,-0.004614980949619848,-0.0007269618825959421,-0.0018805942861923905,0.0035113924109284973
2023-08-29,0.0009234599966766652,0.004254553416349764,0.000325694389646909,0.000839228159422047,-0.0030512589038347074
2023-08-30,0.0026769195808549573,-0.007498681107464272,0.0021215657407128124,-0.0008258935188773706,0.0037548269934012534
2023-08-31,-0.0006212927348322945,-0.004136898571468208,-0.0035769033201746526,-0.005196919851384926,0.019499930956104063
2023-09-01,0.0007469801376234884,0.002122132217633203,0.0024350443268296904,0.005313841267360518,0.0019626818406630084
2023-09-04,-0.005262985977635439,-0.010673816799543129,0.002468568171367488,-0.001110139648725806,0.0024737010070573725
2023-09-05,0.0122585762301597,0.01547730816677563,0.0073723278728373065,0.015177641807747659,0.00033336134072148554
2023-09-06,-0.0010275910405462768,-0.0023000882082242807,-0.0030243663694799854,-0.0015066284292648104,-4.267199450650548e-05
2023-09-07,0.007160501631377131,0.00247422345363317,-0.0020341985473708054,-0.00490379392232824,0.0009769467853301828
2023-09-08,-0.004133238387707072,-0.0023686892076374613,0.00240118619416108,0.002431701476011096,-0.002188738635042267
2023-09-11,0.0007420669580471299,-0.0011200524808143593,-0.0001212450264870337,0.003219286207697768,-0.000897678484995812
2023-09-12,-0.014139301079242847,-0.022805771224036823,0.004224696059218108,-0.000935935574613163,-0.0024930673276326388
2023-09-13,-0.018429303760742102,-0.02382271405654918,-0.009437411280971343,-0.006989141970501766,-0.01945802759209105
2023-09-14,0.0060262448747009836,0.004297269448249598,0.0012290478637758658,0.0019301253743300704,-0.0023659342357102283
2023-09-15,0.0027695721065193603,0.0023789259429150937,-0.0012051369809062428,0.0008915848053770337,0.0036309108397365904
2023-09-18,-0.0029755971549765767,0.0014983026792833106,0.0007048543196167339,-0.0029694545583980885,0.0035448645046388593
2023-09-19,0.0006151862016458057,-0.007944836742119012,-0.00443950784144851,-0.0004893427088754785,0.011286726253157566
2023-09-20,-0.0049195943918948735,-0.005088857126779785,-0.0014023858522131663,-0.00024982579824539157,-0.006022686428224011
2023-09-21,-0.006839526248098069,-0.005772222811405045,0.003092759642028941,0.001737048409785985,0.00330997933161924
2023-09-22,-0.0012323885131960055,-0.0030834823120376395,0.0015319537355211544,0.0001711163266652062,0.00164693171267501
2023-09-25,-0.005815531948738912,-0.003991489052552832,0.0011871416246706304,0.0010002542629103917,-0.0005194486546890851
2023-09-26,-0.00866772594023098,-0.008602011218024758,-0.0013037837363425802,-0.0035110054016655318,-0.001528699025440567
2023-09-27,-0.0019501163492665918,0.005207954052707004,0.004506623571665255,0.003191228160043791,0.0016105390374451729
2023-09-28,-0.01746308749378387,-0.013727609605639398,-0.0009429859607311684,0.00014328190113535702,0.016995648876525136
2023-09-29,-0.0035401180006181514,-0.003978629946146742,-0.001342468669701796,-0.004050721807642062,0.003725779287623242
2023-10-02,-0.0006237828123969128,-0.0024889314038803088,0.00028332299082968774,0.0027865748057250713,0.00588910270912432
2023-10-03,-0.016898418498271648,-0.013413949539457565,-0.000919591133044901,-0.0014774784697193372,-0.00403303526600165
2023-10-04,0.002121039267497161,-0.0004318890034650409,0.0016947943135702103,-0.0020396461465209755,0.0023614539823369196
2023-10-05,-0.008099177279433588,-0.011846460195599607,0.0020565209666005917,-0.005484893145227336,-0.010425519677686478
2023-10-06,-0.0021864662617500814,-0.0030466789484018372,0.0013084112795696246,0.004558682315148857,0.0007782586096039689
2023-10-09,0.011207285533542095,0.0030922009793586565,-0.0008051746909909525,-0.0027869389243415405,-0.020021549143258516
2023-10-10,-0.0021950313547872604,-0.0047242911540541855,0.0017687663911600037,0.0046110509324152026,0.0009279446335470221
2023-10-11,0.005491570092528653,0.004390085323417128,0.00012961210782232976,0.0039609995104965415,-0.006346195484324432
2023-10-12,0.013943927586307745,0.012491740314661421,-0.004052586323609362,-0.00017917171735806325,-0.00099509035008894
2023-10-13,-0.0022281604783872424,-0.004199316777161105,-0.00038345878811735614,-0.0023389685947279733,-0.0032390135091653594
2023-10-16,-0.00477161025241948,-0.014260817662492254,0.0007550967423481261,8.666008510891272e-05,-0.007050326900414733
2023-10-17,-0.004230583261759754,-0.007726938428236656,0.0014378112732975,-0.0010709277914200056,0.002449247034068702
2023-10-18,0.004769609654524802,0.005464254880446912,-0.0014135077349532509,-0.0035473204710290756,-0.016289504418267323
2023-10-19,-0.00246723276571045,-0.02796488484818865,-0.004034490467560717,-0.0072681866968841045,-0.07500326899169302
2023-10-20,0.010891749670115736,0.008442913934282977,0.0004841072338142338,-0.0023954191521409545,0.0017648880071819766
2023-10-23,-0.002194127486013113,-0.005899721965845854,-0.0005995543781775055,0.000401721820201701,0.008606210234921521
2023-10-24,-0.009403326300514415,-0.0068683126995553265,0.006543050046945184,0.008259615759454936,0.002925932026950213
2023-10-25,-0.02859366289876362,-0.016663624804988106,0.00030862131080255294,-0.01330799042345879,0.04076318007190856
2023-10-26,0.0028916849266101513,0.0032322024884111106,0.003122982138373417,0.0007668498246316852,-0.0037836029260319834
2023-10-27,-7.379650571684638e-05,0.004953134415515403,0.0021912655851515964,-0.00500178111840518,-0.0019152016069537688
2023-10-30,0.0034553059868474424,-0.008710476781028856,-0.0017075766827364537,-0.0006713229475863117,0.000972773856730414
2023-10-31,-0.017483750316425718,-0.02565663549362636,0.00033567737574387356,-0.008129603057819762,-0.010446127265120054
2023-11-01,0.00920015794102026,0.020065404592243628,0.008254851319704506,0.007722296791643501,-0.0038254878012937777
2023-11-02,-0.0030817397935956354,0.003126108973160957,-0.0036732377463626936,-0.011659070680426684,-0.006986742715129092
2023-11-03,-0.002783730933631834,-0.006617197732908018,-0.000991048057051176,0.001190841750352129,0.0024611586178015015
2023-11-06,-0.005340719519025178,-0.016234515275565343,0.0004303888515138631,-0.003536955611350676,0.0037503464674600528
2023-11-07,0.004454948871039653,0.001790997436691918,-0.0059725400581499884,-0.004712055803018704,0.0024014078193201776
2023-11-08,-0.007359755887140033,-0.0013048148385615443,-0.0008805705054355962,-0.007010193905682203,-0.015965724706433367
2023-11-09,0.021944208997488696,0.006952474245569903,0.002757485524245346,-0.0050862003216303655,0.018025330508393094
2023-11-10,0.0113398951904377,0.003823137537582104,-0.004110960834617459,3.869420424952499e-05,-0.0029901425027294357
2023-11-13,-0.0007115048541627349,-0.004745557491558186,-0.00025665320691323104,-0.0028780849015642425,0.0015708889921838365
2023-11-14,-0.011835856847892628,-0.015792635669838604,0.0036594248487917527,-0.0010145201314012665,-0.011298696769699836
2023-11-15,-0.0016600959614042998,-0.0032597283734193774,-0.0008776903716289667,0.001560352503914244,0.004250460982001147
2023-11-16,-0.0017767773567500694,-0.007917029329423689,0.009346959579498174,0.011794762307393798,0.003165996321091956
2023-11-17,-9.633061157707056e-05,0.0024289637835409215,0.0015574428652600461,0.004515405385866453,0.006057299637349292
2023-11-20,0.0014731543880060975,0.003627235770081622,-0.00014835993055744626,0.00010797582658515282,0.004705506661149094
2023-11-21,0.0015129608304850224,-0.001890753976976014,0.002523704083588918,0.0044808069098698665,-0.0039082542535481485
2023-11-22,0.0022512990615038268,0.004146623586461546,-0.000547770922920078,0.0024586359396678685,-0.017214061967386486
2023-11-23,-0.0026816775029508415,-0.009320029620581047,-0.004327492644063597,-0.0026780979234907543,0.017783369346122138
2023-11-24,-0.011017511357409906,-0.010758592802881661,0.0033755174107065887,-0.0076942254102372746,-0.0014159481117366364
2023-11-27,0.005554521259462384,-0.0035982879452456677,0.0014250080797128845,0.0043944118638662875,0.0011874248996868527
2023-11-28,0.00839447072528558,0.006198001930407058,0.0002793052172142106,0.0038177725910360045,0.0038988574211853734
2023-11-29,0.014161773274223717,0.005938197650203861,-0.004432092861547936,-0.009322230123499642,0.0057682874763301025
2023-11-30,0.022669646575164393,0.050189591830402204,0.015193929843882957,0.008178375792448893,0.019509559982185298
2023-12-01,0.012797613476217157,0.00711363017548117,0.0019857380630261268,0.0014276887387990678,0.002888785725846529
2023-12-04,0.002957702211261976,0.006109280042500246,0.0006252611065483223,0.0008762958973208854,-0.004729625427870026
2023-12-05,-0.013868322019404217,-0.004804286248029327,0.0014895837549207113,-0.0013955622486182383,0.00549097754746613
2023-12-06,0.009041204191378362,0.02338010838042827,0.0010399860270831646,0.008817316509829073,0.011101875803204202
2023-12-07,0.001047680269196284,-0.002743545097398174,0.0006591877334800372,-0.0018580831221671416,-0.0073302917960421715
2023-12-08,0.005679227766706306,0.0017927257790889915,-0.0028013101047571045,-0.0033915410987107723,-0.002102317689448147
2023-12-11,-0.013129581788139829,-0.006603592236600436,0.002329530983214715,0.0019013914905169143,0.008066135391213248
2023-12-12,-0.006654307887864923,-0.001726445176590819,-0.0009858488783204974,-0.0054915519613094755,-0.013628180310683023
2023-12-13,-0.0012226048523005868,-0.00457752653027695,0.0011280366653928899,0.0014682257803951247,-0.006472447084944446
2023-12-14,-0.0042350634064434855,-0.0030514046626226826,-0.0005827494860299573,-0.001207758148516796,0.00013602121401078327
2023-12-15,0.0060186854460188045,0.005161068303158868,-0.0008628987457860063,-0.0013508350041990397,-0.008119775841381608
2023-12-18,-0.0017804133135092266,-0.0044207044258982265,-0.00011241450802239233,0.0026326522424206422,0.003949861759781398
2023-12-19,-0.003100531491713162,-0.003498829259583727,9.449443921880437e-05,-0.0033976245096267485,-0.005100295343378276
2023-12-20,0.006668662817430018,0.005108706202968801,0.005641134843430004,0.0037920284976446987,0.011127297955371833
2023-12-21,-0.0012967531449905674,-0.006701402633769382,5.7064715297742297e-05,0.0018135845916269929,-6.39065707195161e-05
2023-12-22,-0.002367600522265372,0.0030399075618921683,-0.0059592235698024834,-0.008988575693071021,-0.011764735826635222
2023-12-25,0.005365701161611676,-0.0025598859878403343,0.00037753519613570135,-0.002146868336427676,-0.022691663888601173
2023-12-26,-0.0012022016360484409,-0.016041427635558134,-0.0010842559857315768,0.0017326506485203347,0.02209865215453851
2023-12-27,-0.008551298595935905,-0.007828875362451098,0.0072515556099412935,0.00868716605365865,-0.002178383828074974
2023-12-28,0.007167478568316963,0.013152528049818148,0.002483806051624902,0.002657393056274978,0.008440323892814272
2023-12-29,0.0008806403247378694,0.0005997762095982011,0.0012293818446015622,0.0023095385353583677,0.0011733080220999515
2024-01-01,0.00410736808381922,0.0076869173409360335,-0.002835814721863589,-0.004325675169187532,0.009285148422881008
2024-01-02,0.014615357861834348,0.01609354643482682,-0.005662380880409923,0.0032925266743270743,0.0058377373388256515
2024-01-03,0.013797512355984028,0.014798894626759686,-0.002670648536117113,0.014009593203454908,0.007355316316817519
2024-01-04,0.002908887540280928,-0.0006039106815656791,0.0002592894147122685,0.003412516497374259,0.0019894219224531715
2024-01-05,0.0062203064904529344,0.011001958069165313,0.004387959805915532,0.006539150080181491,-0.0016345282013019715
2024-01-08,0.006541637731962052,0.001951120501235538,-0.001886627589515747,0.0039248538366001,-0.003527242919697842
2024-01-09,-0.0014164811156908708,-0.0003742142615826898,-0.0015379241511618775,-0.0028886870782825567,0.000928037015960184
2024-01-10,-0.014203119560293484,-0.025477517435022728,-0.005092453560646967,-0.003674062630077623,-0.0076795841635565595
2024-01-11,0.0027419281148174457,0.003704901380410337,0.0003479207021809997,0.00013525359459996662,0.0007816831219418464
2024-01-12,-0.004584036399887757,-0.0015572373873084541,0.0014222121601045277,-0.003026606969634615,-0.008042308261633721
2024-01-15,0.00012585322979120374,0.0006642886531895301,-0.0007618861467784556,-0.0009123362610202117,0.002108243871639953
2024-01-16,0.01371096836975878,0.007535712440898324,9.831677199125181e-05,-0.0009713008550975269,5.3749504577918744e-05
2024-01-17,-0.0017462283760416664,0.0021631800096984675,-0.0005824408683626785,-0.0015977788915471378,-0.003341683770966626
2024-01-18,0.002086546354143317,0.006893423623283971,0.0001060663828930626,-0.00023683006789578068,0.007290564657934202
2024-01-19,-0.0006972468163955413,0.013956743487454864,-0.0006308457194100616,0.0016190260153250173,0.004285685380774797
2024-01-22,-0.004127480143620812,-0.004261366364807084,-0.0005261934546423615,-0.0023133480612499567,0.0020750437364806004
2024-01-23,0.002537596675613747,3.2407882140293406e-05,0.0005728254085337591,0.0030499842180393218,0.014570114781787527
2024-01-24,0.006159838800468438,-0.004954778929007262,0.002160672505705899,0.002785532774922812,-0.0018339827518575938
2024-01-25,-0.0047818317076775705,-0.011372391699638707,0.0014051390650357744,0.00048319216252305027,0.0022243025654438467
2024-01-26,-0.0017749982989012686,-0.0014766956935697315,-0.00042807204461185787,-0.0018269985881374255,0.012228307554992792
2024-01-29,-0.006603389160258962,-0.001842957384058878,0.0017212743662343467,-0.005947790094336559,-0.007749745001092768
2024-01-30,0.005311022050875971,0.001654203234048153,0.0010702220701314818,0.00414042216325038,0.004195469530043768
2024-01-31,0.0014492569977386262,0.0015579359798104865,-0.00031328275049680415,-0.002318082508227911,0.002022154901666656
2024-02-01,0.0035308776591829534,0.0031318950602942895,6.841867274499865e-05,0.0013052586471234396,0.00011854100195366873
2024-02-02,-0.015519318937080643,-0.0197267424734018,-0.004067283088521329,-0.006277750918604838,0.0076376932497285825
2024-02-05,-0.00018701566097241695,0.011599669948276282,0.0007637815545022276,0.0020578623335382137,0.0007731063534288645
2024-02-06,-0.011116484792971977,-0.009100442452857948,0.002554399874206771,-0.0011877851102950847,0.02221342264577035
2024-02-07,-0.004276465802213405,-0.0037054217428922802,-0.0011991107511428397,-0.0031416397539573257,-0.005794842092891951
2024-02-08,-0.015039345762696126,-0.019234670701286427,-0.00115597500428089,-0.0074923399552261115,-0.008464197231644375
2024-02-09,0.0010682291432424053,-0.004913588462084785,0.001656038571209493,0.001009908726513094,-0.010731812951667506
2024-02-12,-0.007909304914019602,-0.01338800381873875,0.003922756559935321,0.005377423184344188,-0.0036171347176727968
2024-02-13,-0.003802468496951923,-0.0055466804611786,-0.002582810911207523,-0.00477319021775696,0.0020524344057220255
2024-02-14,0.004416735907050084,0.002507837911742319,0.0006900200008422566,0.0016099772197866137,0.00030703462419165846
2024-02-15,-0.010058303253649254,-0.00906571007092407,-0.0031059314669812928,-0.007029448273291555,0.009806001767562366
2024-02-16,-8.809089496161803e-05,0.003176663910767299,0.002834596739719379,0.0013671925206218574,0.0009619850697267615
2024-02-19,0.000559357307402565,0.004628071994658951,0.0013691751974001891,0.002188580420292615,0.006698553466765566
2024-02-20,-0.0016505186320155511,0.0011290165730508178,0.009957180055079673,0.006444344954922159,0.0015388000962393874
2024-02-21,0.01032076722147657,0.018084811300559677,0.0035852896005579677,0.01331255548054269,0.011232180280723909
2024-02-22,0.0023849532068163327,0.003250874282366679,-0.0008911316607730045,-0.00036749790981888104,-0.003105365607605872
2024-02-23,0.004519217658602705,-0.011345548155267114,-0.004564899201789207,0.008668510483534437,0.010097441613634642
2024-02-26,0.0008249224003904583,0.006216162216495791,0.0038746550412460334,0.0017483569053331996,0.008604397157427645
2024-02-27,-0.005757116909974598,-0.007129427199954776,0.002378273176756411,-0.000496953610379904,-0.0041006037601630015
2024-02-28,0.008186351467359838,0.009203589834416362,-0.002678489070264553,0.0020850233517482326,0.006398887913667112
2024-02-29,0.009184538037679659,0.0037889622585588942,0.0007667850904970183,0.001505088403260169,0.004664204772357671
2024-03-01,-0.003965776068639663,-0.005119881206911213,0.00035156862891610297,0.0003133974316575377,-0.0020504645917692
2024-03-04,0.012293198853081302,0.00858638117981356,6.64937192530117e-05,0.005598746386219866,0.003749555188978122
2024-03-05,-3.018939949809684e-05,-0.0069371240538105,0.0032218815928562743,-0.0023647761309628975,0.0003461112859586223
2024-03-06,-0.0062991835942330324,-0.013837226909972454,-0.00040780110911593087,-0.004219676887124222,-0.00875014762159533
2024-03-07,0.0010622688688467356,-0.002396905998114901,-0.0009382771026049204,0.0012234530163634212,0.007391498706416522
2024-03-08,-0.004060569465299803,-0.0020843724609022145,0.001089180603569371,-0.0011529222933220028,0.003013014607205073
2024-03-11,0.008956178409093381,0.015968014131763134,0.007493895153543939,0.00795340384227831,0.010358935840646845
2024-03-12,-0.006142750383536132,-0.0024558085701771285,0.0001386043459036668,-0.0025534922526179596,-0.001059164017766454
2024-03-13,0.0034944516631055253,0.0007371427779220893,0.0037090624927122043,-0.0012899943116177865,-0.014614247064261376
2024-03-14,-0.00851851810701288,-0.006589482046136046,0.001218286628393377,0.0016342705427107886,0.011660148694714196
2024-03-15,0.014018605856728844,0.0143532579303953,0.002223980460298042,0.009952622229490449,-0.007109767966789876
2024-03-18,0.004489441204926932,0.004890227823937055,0.00029055581115920855,0.0033910708483620507,-0.0034253510509924907
2024-03-19,0.004002481933039312,0.009270867011121555,-0.0010314787838720516,-0.008644670638495148,-0.013572514769389763
2024-03-20,-0.002038085136146003,0.005459309453559656,0.003142578792778874,0.002220208178720834,0.0047626999583538655
2024-03-21,-0.014977441518156536,-0.0029953853171984686,0.0011382325152660218,-0.007643147962468017,0.007992155112063628
2024-03-22,-0.010890953714467626,0.003949107430942376,0.010293022351075994,0.021305978087442497,-0.006334152636941214
2024-03-25,-0.002624227078239741,-0.003117356269051537,-0.0009514916848028933,0.0003530268098701332,-0.0039486878652073175
2024-03-26,-0.010216765069473919,-0.011738219667850176,-0.0016192731687854449,-0.004412856619691375,-0.0020813373035638905
2024-03-27,-8.79763136176442e-05,-0.0013799195471414238,0.0019032495456355882,0.001299805144356038,0.006650719041980624
2024-03-28,0.0006965031866143165,-0.003701617949565871,0.003734719127334847,0.0009588245940946752,-0.00025248911119676447
2024-03-29,0.009475992421954984,0.008463182145068639,-0.0006683759204974991,0.0010640540192402702,0.0020752537074874627
2024-04-01,-0.0027970493999456714,-0.007582517068178501,-0.0009167037214485251,0.0006987857736421062,0.0003400118191760513
2024-04-02,0.002192407713278186,0.008946498612903331,-0.0012213538140530072,0.0016626457788636647,0.008080468296171506
2024-04-03,0.0016286874590492632,0.0008629140529145356,0.0017411162282514091,0.004499444511993762,-0.003109816735346718
2024-04-04,0.022877107221139094,0.026581365310007876,0.007505662643888389,0.017961289967370432,0.016221420578513942
2024-04-05,-0.00015169184813232443,0.0006146840166071435,0.0008281916580869722,-0.0007236440238655368,0.004546560221340378
2024-04-08,-0.00298747558972214,-0.0025748907729585386,0.0014309615848767904,-0.0027197669133034574,-0.005752429299258992
2024-04-09,0.011056248570946819,0.012964812034436508,-0.0032627934440436885,-0.0033387846234886657,0.0019422180834544021
2024-04-10,-0.017348165843870198,-0.013908683726106909,0.001955211658846693,-0.004911766958658804,-0.00428442698160435
2024-04-11,-0.009418410026087917,-0.013422474413435092,0.002117584286495966,-0.003491428279150459,-0.01450279173219711
2024-04-12,0.0015828296972573226,0.004003094362159341,-0.0007284499176816923,-0.00027012160488036667,0.005740955875870589
2024-04-15,0.003988189577849818,-0.004324099676022915,0.0006504871090697769,0.003787670282548362,0.004273906493072749
2024-04-16,-0.0007087084417472314,0.004156252280145316,-0.002730108161176319,-0.0018506470848065387,0.0008179753448774273
2024-04-17,0.0021117057623119316,-0.001607939016919083,-0.00047498738677723053,-0.0008947194820426779,0.001307098238761428
2024-04-18,-0.0006433617714978195,-0.0005491720023666226,-0.000551431214828619,-0.00031164355108927747,0.005990136725782487
2024-04-19,-0.0004690389407306248,-0.0023338199202793436,-0.0010000238134141729,0.00015452766799245986,0.004725672541962029
2024-04-22,-0.00154826233810656,-0.0008224141979624319,-0.0016275157116356252,-0.0005889172049190351,0.001654292761618998
2024-04-23,-0.016069709392750584,-0.017064967792881854,0.0012543473715362968,-0.009748899469593841,0.012286767711968018
2024-04-24,0.0018868777158073315,-0.0044739617170059896,-0.004736390816293816,-0.004484565237619557,-0.004218588973282175
2024-04-25,0.0007136925206652261,-0.0006590827445734407,-0.0029102871868070695,-0.0010466363540340836,0.003876272187989965
2024-04-26,0.011545299878453279,0.012195338473298211,0.002260560535878746,0.008092201277741922,0.0054188146361628655
2024-04-29,-0.000957750060565957,-0.003100818410921837,0.0018961470353938046,0.0004215863884739828,0.005279312331060888
2024-04-30,0.015536320714300328,0.016499984934355217,0.004513598570183273,7.831606955051491e-05,0.0141823906457025
2024-05-01,-0.0017600527378403659,-0.0008936016006073223,-0.0011837020492596122,0.000635549950058645,-0.0002743744961918249
2024-05-02,0.010228150882253269,0.0020751455645861864,-0.004336914259822097,-0.004071545739491207,-0.009942916144224156
2024-05-03,0.002284191566658079,0.0005717170630113545,-0.0009164852887772505,0.0001766244689560469,0.0029665236272268846
2024-05-06,0.007164004428232125,0.00504927237163242,-0.0009252224969132101,-0.00472048078318481,0.0007408348870843072
2024-05-07,-0.005880983094826889,0.00015815335965638127,0.0035116549358137,0.005415526734577515,-0.006777758506080446
2024-05-08,-0.001657266258708723,-0.0026199170557974004,0.001740229679900669,0.0006162477450892513,-0.0015532853648832093
2024-05-09,0.0035213014393698084,0.0022836661909567133,-0.00112676164191363,0.004804807281206518,-0.0024112451347949393
2024-05-10,-0.0020029901399969702,-0.003888530789174233,0.010520905766264264,-0.0028810500324755717,0.0033985136282082933
2024-05-13,0.0018153064757665618,-6.650581855075757e-06,-9.862715241018563e-05,-0.00016570188968685894,0.003928956986760231
2024-05-14,-0.00649173457526016,-0.006934383528310683,-0.003988241875461254,-0.008730693365981064,0.0021261561192813683
2024-05-15,0.006427968507013189,0.0025614377648220357,-0.0030567900203130843,-0.003979790772849712,-0.0009335632525285583
2024-05-16,0.013197640178645767,0.008625085729291458,-0.00040458376641774147,0.004083375780605836,0.0053094456889965546
2024-05-17,-0.0019348223439826155,-0.0014738366468261832,0.005950375157838516,0.005716355567744124,0.0015914162275546605
2024-05-20,-0.0033691838074083446,-0.0034959100002475334,-0.0011762704931340083,-0.0016560559903273265,0.0032050580225199284
2024-05-21,0.04421084426390539,0.03013479460214989,0.016788866336751175,0.036834052376094606,-0.01124705042073771
2024-05-22,-0.0009479021362407375,-0.010720807492248272,0.0061072542876888245,-0.00108398857479202,-0.002096961788335766
2024-05-23,0.006204873955033991,0.010512253236349441,0.0026091096133724506,0.005886835167211836,-0.007803540838021538
2024-05-24,0.0025248206264179085,0.005941814477904577,0.001822747536292046,0.004754531988151144,-0.0010949826719736998
2024-05-27,-0.007053162219015634,-0.009337427475552487,-0.001503880466361352,-0.006208611736761584,-0.004228848771649696
2024-05-28,0.004546643246756151,0.007610148522139607,0.0019161402084899549,0.00823490962013831,-0.009412446658125094
2024-05-29,0.00971649816533576,0.014795289508843163,-0.004888630896915707,0.0006659823882145929,0.004734642251933778
2024-05-30,-0.007988778910898527,-0.002618050313113295,0.0018594953390914124,0.004479411224596771,-0.0019011791403549738
2024-05-31,0.006722845782903913,-0.002215387195025277,0.0027327110386092487,0.0021823853682470694,0.011708078969841312
2024-06-03,0.005134761494116164,0.0015843265915909384,0.002300823506990935,0.003056859329032949,-0.004480424647927901
2024-06-04,-0.004703203623810896,-0.0031199385804248007,-0.0031970551522091206,-0.007544935138765905,-0.007113564673803739
2024-06-05,-0.00519116164258368,-0.005519374255735722,-0.0011612365582853433,0.003132650388801807,0.00014204191011800156
2024-06-06,-0.01625741733730739,-0.016480850227282247,0.007202802632217051,0.008033099129941391,-0.0032585367770414995
2024-06-07,0.000929234836176733,-0.00523069211435703,-0.0012746524019560488,-0.003803615286609632,-0.0060261512094996455
2024-06-10,0.005330912644257893,0.007564691016349308,-0.0018113357734598112,-0.0015857545820111018,0.0020412371239732995
2024-06-11,6.348394724869645e-05,-0.008263950935102767,0.0039282583545422935,0.008272350324127434,0.0001496369975935258
2024-06-12,-0.0034793037651384066,-0.0036254014159011498,0.0007437641432361949,-0.00337473732371858,0.0009459158697975578
2024-06-13,0.004072322053017911,0.0010812264795268993,0.0037668326213481824,0.0016858003973219834,-0.004223426719260972
2024-06-14,-0.004047084020064908,-0.007905652799826501,0.003656059550482156,0.006809287970665021,0.017937824113057686
2024-06-17,0.02169489959994568,0.016680865040513086,0.006786042725764283,0.023771133680525972,0.004200896227683651
2024-06-18,-0.0012071386716880537,-0.005754302005736231,0.002644994007747805,0.009869328862278731,0.020794949644853147
2024-06-19,-0.001822400613584644,0.0005022231483147889,0.000707318915630141,-0.0011616370744257805,-0.006519435549855871
2024-06-20,0.0017907808352644549,-0.005401458900875419,-0.002605086890785057,-0.0007758938149914957,0.005123263888728491
2024-06-21,0.0016163093928196594,0.009024160592172831,0.0015512660785749635,0.00814605632210403,-0.0024340288595914306
2024-06-24,-0.01439542268762413,2.544654113229212e-05,0.004340718363059308,0.013100442695191996,0.00727380575701698
2024-06-25,0.012684454846358259,0.014381557728441905,0.00296289596600328,-0.0017238440673796264,0.006381453658378793
2024-06-26,0.006206051354433572,0.003873771943689409,0.0010742485712906301,0.0008897659360723692,0.003233521153126069
2024-06-27,-0.002116482168693907,-0.008487003124555522,0.0038727793952990754,0.0003865131456992058,-0.0023857663815381597
2024-06-28,-0.011207726377484321,0.005263392513176925,0.0019252102824667639,0.00015985328307045589,0.0015399179319504823
2024-07-01,0.006372329588456862,0.013304861738085965,3.0324035526385087e-05,0.002698547999198346,-0.025331851397925934
2024-07-02,0.0035222854603723388,-0.0010966384649757912,-0.001513227954722012,-0.0027207819153891627,0.0010415443800289878
2024-07-03,0.002320347728523548,-0.005086205929725846,0.004622560361220142,0.0002497989015351133,-0.0013358188194837574
2024-07-04,-0.0011684612738371639,-0.011106070447344506,0.0025761788210742326,0.000579825613247281,-0.011006590807099974
2024-07-05,0.0012421221572884388,-0.006210404373195822,-0.0006183569528478456,-0.0007719075176900521,-0.000902159800520464
2024-07-08,0.005464114337255915,0.0068558100647056214,-0.003646644525352646,-0.001256192948670795,-0.003487229848210668
2024-07-09,-0.004965461928068435,0.000298947645665043,0.0030635911442545927,0.007397529858865976,0.003851763257462728
2024-07-10,0.013130783698638517,0.010162332497880969,0.0011200127524486232,0.004719834878216365,0.0011001353938646743
2024-07-11,-0.021838170469701622,-0.029003776561717005,0.0074739050527563985,0.0023577510967290167,0.013774574224823168
2024-07-12,-0.010226670091674139,-0.014048330624955623,0.0002852718079935948,-0.0013156636449424425,-0.001296701907116721
2024-07-15,0.005991809787965101,0.0006101970598287648,0.0023438170917220386,0.0031151312631674914,0.0038296677918247778
2024-07-16,-0.009737142850162974,-0.0075374595673067995,0.0030510592111682856,-0.003686988440734689,0.01329506972022583
2024-07-17,-0.010723238201640641,-0.004401097547343598,-0.0028752173463679107,-0.0003962610406754359,0.024215665420822485
2024-07-18,-0.008441145225882176,-0.01047257021921649,0.001741379904651504,-0.0007511298936039234,-0.002161807715054039
2024-07-19,0.005467190700086696,0.008979025561938468,0.001195167268558243,0.0013977133667851646,0.008942437549572729
2024-07-22,0.013039851161539193,0.010762797203388892,-0.0003411432060421984,0.005893340895217881,0.001241372955299863
2024-07-23,-0.0008004975837380315,-0.0034547657051360813,-0.0006331070118298208,8.607807465556627e-05,0.0010058083943469396
2024-07-24,0.0009856405839425801,0.004467976083952394,0.0012219414623859852,-0.0009152054878746928,0.01454507117002853
2024-07-25,-0.003233655329132583,0.0007411169278832489,-0.002801751630353465,-0.005701326039844198,-0.002901560378140798
2024-07-26,-0.001202318206834109,0.00409852285375445,0.003762708757112159,0.00042684701025768283,0.002748878504398841
2024-07-29,0.010742670793588803,0.006782803374906757,-0.0015410390877062656,-0.0027967799628893066,0.01577922744650208
2024-07-30,-0.003926583623580595,-0.0013800646172739345,-0.007652391740332918,-0.010753036543459977,-0.020084150287982414
2024-07-31,-0.00039585817846623145,-0.006165327902291362,-0.0018057206625393734,-0.0014297422829631927,-0.001326753987430248
2024-08-01,-0.001417186835757711,0.0014143090839424447,-0.0016039662427356602,-0.0017600600741260735,0.008510432348052882
2024-08-02,-0.0027961088800535186,9.920791598189128e-05,0.0024319763396945483,0.0027050559618695294,0.00509922274577027
2024-08-05,0.0003197166503778572,-0.0024320601630052,-2.0003526969216356e-05,-0.00047158746514782156,0.01926884133781146
2024-08-06,0.0038243970422354888,-0.003806003345489942,-0.004111226369629593,-0.00873389180391911,-0.01608146489323597
2024-08-07,-0.0016810968713834654,-0.0009285846894259478,-0.0023135012895971014,-0.006595449856124747,-0.002531733122391363
2024-08-08,0.00979691270147418,0.008436703316342298,0.0036534491530936138,0.005880572086125225,0.0033049182696054747
2024-08-09,-0.0002981034230009471,-0.0015803116871083796,0.0006142000597443142,-0.00123574632093114,-0.005594211731595478
2024-08-12,0.0028044395933352635,-0.0065562185786913725,-0.0050701735120096385,0.0017055588767345205,-0.00612497892453314
2024-08-13,-0.02558584722929099,-0.024317154724758126,-0.005290512462969993,-0.011981074833104276,-0.008858011025843065
2024-08-14,-0.01828843622825619,-0.03132743391644664,0.004654501424164312,0.011071410887873384,-0.01001815566117567
2024-08-15,-0.01684490286921246,-0.027715248667225086,0.004807327715179925,0.0004909653270561879,0.005202068087737856
2024-08-16,0.02254304957670398,0.023779647760266365,0.0022754312221626265,0.007208809928088078,0.008215117169134199
2024-08-19,-0.0008522352520956092,0.0005213894603991152,0.0022209882785852713,0.00031156253158798265,0.0029891146374051154
2024-08-20,-0.007274910822563779,-0.018378845259340002,0.001830879870548458,-0.008136664799508463,-0.006659557402961864
2024-08-21,0.005885599948999047,0.002405276460831776,0.0015959885218879307,-0.0022351642961809595,0.006439379738469562
2024-08-22,-0.0031457531542732307,0.008995672928661404,0.0038317909585774456,0.0022725942015314393,0.0070019621664191576
2024-08-23,0.0025849027524544412,0.00029147945905228965,0.0036084954328501036,0.003586829470999558,-0.004295865965719654
2024-08-26,-0.002537691930993798,0.005541201868202051,-0.004304100312699704,-0.009170881845788272,0.002124493465948679
2024-08-27,-3.1832641985134246e-05,0.004006280365180996,-0.0040376839360114795,-0.0009940257999653764,-0.0026864722745828158
2024-08-28,-0.0034584964512490986,-0.0011903993027673626,-0.0014197576965087467,-0.00047247880261949937,-0.0016170601946574436
2024-08-29,0.0020310095176162934,-0.0041996005340134345,0.0009197521776432153,0.0005015167346212882,-0.00599029358384449
2024-08-30,0.0034347342688495148,-0.0010920385507460783,-0.0022876726786344123,-0.0025524054172451566,-0.003118145239757349
2024-09-02,-0.010730096762195168,-0.008794757180460227,0.002466199709557827,-0.0033936112122403793,-0.028109978640329505
2024-09-03,0.004404416045466232,0.0034860086100312153,-0.0014146628038868565,0.0004042617390366989,-0.006594212177403617
2024-09-04,0.0003301294029115359,0.002934321754774326,-0.00035915540644888063,0.0009400821907297975,-0.005450989403808335
2024-09-05,-0.0007598009193175662,0.001490269327304264,2.7684032481384215e-05,-0.000987484393959911,0.00023975114816386818
2024-09-06,0.008221879027969857,0.030502041866981706,0.0030679247457066684,-0.004717505192223391,0.0173601772701845
2024-09-09,-0.00835373542620602,-0.021076960821909685,0.0021922609714845774,0.00621404208106046,-0.008999496431457305
2024-09-10,-0.00019840030129936805,-0.006118964765125449,0.007014248727363365,0.0036016038684136397,-0.020097957489409277
2024-09-11,-0.0016038282533306458,0.0035971257306585615,-0.0007501680858525903,-0.003909920099154227,-0.005721670408705987
2024-09-12,0.007944597248183765,0.005352532570763132,0.001755264285134731,0.0042528546627437335,0.0075520294611740105
2024-09-13,0.005208270331130818,0.0015426441077378865,0.0017768970076566684,-0.0012586573299512638,0.002002739782287638
2024-09-16,0.01174942280393006,0.014787268568083736,-0.006482134417866825,-0.0034048860208189128,0.002579382595091319
2024-09-17,0.004217443593762178,0.003012085173749151,0.0016992698179785167,0.0024511966777896192,0.00564199139424983
2024-09-18,-0.00483074580524875,-0.0004485912333339811,-0.005171097505238178,0.0006807352675003338,-0.007731486283427672
2024-09-19,5.810564677099562e-05,0.0010871103100617437,-0.0003974007857906025,-0.002222367133399326,0.006644325785989383
2024-09-20,0.004144590633621216,0.0031464971033965837,0.0014007990805514894,0.002907080798966741,-0.0011909576331239837
2024-09-23,-0.0019122837584176068,4.118198152947033e-05,0.0019633143193090842,0.0001653757359775313,0.012130419180840618
2024-09-24,0.004575312170177182,0.00527348040386802,0.0005083821458221718,0.003410183903070381,-0.005495576877059559
2024-09-25,-0.002192635668537041,-0.006260371922291189,-0.0015423923261475075,-0.007774149774725175,-0.0042804790272923925
2024-09-26,-0.001683834047605665,-0.0016042905274294959,0.004934123361519456,0.00472242993411301,0.0007384694578612167
2024-09-27,0.000681695374652068,0.0004123144304586061,0.0012214317506787718,0.0018618296167200287,0.0012619518088580574
2024-09-30,-0.0006866481931543768,0.003692437755780507,-0.001974171732550934,-0.0007081519831828274,0.011040986929768544
2024-10-01,0.005786025359527542,-0.00580996612631866,0.001639986804128613,0.010836095302091836,0.007989718557133003
2024-10-02,-0.0022722992331842464,0.001809556183756191,-0.002261672403787826,-0.0024243677950891718,-0.002074165554150783
2024-10-03,0.005971898690225717,0.006091484765516006,-0.0037047826596856414,-0.0004976561546667761,0.005037557802596251
2024-10-04,0.006112934943213503,-0.0022012631170539765,0.002648007225376325,0.0038896239396982732,-0.01018345087940839
2024-10-07,0.0012020802065100113,0.0033949751213588736,0.00241636241886644,0.00123860939914317,0.007318421133687779
2024-10-08,-0.0007845101867620819,2.83877315262603e-07,0.002748027303397777,0.005493304618872244,-0.0038075381887877425
2024-10-09,-0.0072361095915413065,-0.004196711201868612,-6.803629411093105e-05,-0.002349311025289008,-0.000818740400171745
2024-10-10,-0.0004554784290868242,0.004158896938164596,-0.0018037883791956915,0.0018853085089998252,0.0008536966441139381
2024-10-11,-0.010026581238695303,-0.011399678238641171,0.0013187729558224043,-0.021436102643843637,-0.01837565944902454
2024-10-14,0.007301841497761235,0.011699219743403013,0.0010994369164771926,0.0034002760495415846,-0.00576374689211783
2024-10-15,-0.0037308899687034727,-0.0018867679436547385,0.0013051153081823548,0.0006773378772281263,-0.0012864319778491016
2024-10-16,-0.013651669958327648,-0.018336691244017458,0.002833952503028665,-0.0028489890045338175,0.0043221286808270845
2024-10-17,-0.00533856707527728,0.0009898056711604185,-2.8401689656120462e-05,-0.0022227610325505245,-0.004885687811233179
2024-10-18,0.00447675302055951,-0.0013162914232225011,-0.0011617109598366009,-0.0009609327642010417,-0.0046536208646286055
2024-10-21,-0.027194945450922315,-0.020714520166230006,-0.004438218598880495,-0.01496711379525495,-0.022391455561824345
2024-10-22,0.00046803167117216005,-0.010121809860473749,-0.004459988725784846,-0.01285878436372176,0.010505266455033524
2024-10-23,-0.0008124206196215367,0.004735847525637335,0.002429151316050796,0.004538824052400678,0.00022944697923791966
2024-10-24,0.016605788021033862,0.01582455283139231,0.0028537870004165028,0.0034695475036918898,-0.002807403559531082
2024-10-25,0.0002923293883674592,-0.0010408387690450489,0.0011486843398317832,0.0024468324598095814,0.0022859711348424366
2024-10-28,0.00024198939188302973,0.00016652371168256172,0.0006358201725169563,-0.003064720267300606,0.009343279819027182
2024-10-29,0.006770928679542843,0.005462934129405475,0.0018130121533425426,0.0052496964306563455,-0.0020759228220310214
2024-10-30,-0.009437717854848107,0.0214725355103167,0.006395470572741409,0.009201385906199074,0.004210137668786549
2024-10-31,-0.01078215727795834,-0.004300491413708785,0.0007142450432179727,-0.001966886307619442,0.0038190487403893625
2024-11-01,0.011066646670172726,0.016463626419543003,0.0006748463142367189,-5.395959881367916e-05,-0.00542404729531055
2024-11-04,-0.0017307540101493494,-0.008688653517977683,-0.0007227629337063194,-0.0010097195927915277,0.0033248949491447907
2024-11-05,0.001230239160252982,-0.005590989099862454,0.0024358642843544664,-0.0036790993420136755,-0.002054424264340627
2024-11-06,0.0015399594327409718,-0.0029944580474487686,-0.0038646574653704584,-0.00012981223828450864,0.0005106908948543161
2024-11-07,0.0026443963835926653,0.0006830029065292293,0.002416473968580401,0.005786299971721987,0.0052027874396848705
2024-11-08,-0.004940000747953759,-0.011713343548168635,-0.0008615515577971421,0.00045996503010956914,-0.0017402116832860557
2024-11-11,0.0020455587873986244,-0.0024923123052873154,0.0017834989330110006,0.003617333118016046,0.0072514460118655415
2024-11-12,0.00699307584028052,0.006471050688997452,8.504217483103302e-06,-0.0008521239017874984,0.011138737518694895
2024-11-13,0.004279365056132854,0.01102877573062027,0.0036444973462543733,0.009808577052013946,0.0012784687651546014
2024-11-14,-0.006760407186337203,-0.0053823717656893534,-0.0018799597555338348,-0.0026997436587527716,-0.002305447708813288
2024-11-15,-0.002194378942013089,-0.003871161274636643,-0.003024760470136726,-0.0028225208158080086,-0.0008373996620502516
2024-11-18,0.001981448650399591,-0.0026840966623595973,0.0011929321843551902,-0.0011897184578558455,0.00197277695539353
2024-11-19,0.004677776198952358,0.004102524940799934,-0.004475010425986753,-0.008823503355624962,0.002204704567294385
2024-11-20,0.0034677547489194264,0.002346639710360149,-0.005430085060349772,-0.00654529912184963,-0.005766430504593312
2024-11-21,-0.003981847333611075,-0.00014706806275512454,0.007162750761930318,0.009046924601348512,0.006918006921749226
2024-11-22,-0.027243989054854034,-0.03047402632938072,-0.006231869113784234,-0.008371535099999721,-0.023422642127858367
2024-11-25,0.00501764581014777,0.004323192350157215,-0.0008539374259332114,0.0009002770771012769,0.001074604533728952
2024-11-26,0.004538873657117029,0.0006227051021588856,-0.0030504195426827854,-0.004907639548550376,0.003182679350475085
2024-11-27,0.0022422663952339464,-0.0022302453588670915,0.0014604123273068686,0.0007919479555583268,0.0066859077799382135
2024-11-28,-0.012143539011856821,-0.010192163327921387,-0.004923017808181634,-0.0022770775385576743,-0.014698115783147113
2024-11-29,0.0005065106292478311,-0.00045885555294219175,-0.0017799813412729222,-0.003081611989960424,-0.0004905223321616408
2024-12-02,0.007204533883104251,0.00540714117335443,0.0036587752858670297,0.005626314691234665,-0.004782654884398338
2024-12-03,-0.0038308347493082977,-0.005262925167067529,4.5314816590089025e-05,-0.004902679919564591,-0.008698791921597233
2024-12-04,-0.0069081891018551705,-0.0026105942701521116,0.004768363690351878,-0.0015186322736493248,0.0024721555459507275
2024-12-05,-0.0031396061522738056,-0.0022162787565348546,-0.0016445209072316939,-0.001522222114130545,-0.008408371404332288
2024-12-06,-0.0014075684028396769,-0.0011886282199263403,-2.4085210719612356e-06,0.001417299707194443,-0.007125807513844111
2024-12-09,0.004182833168487054,-0.002249413296536053,0.0007015552373937262,-0.0008825365300303676,-0.0038102977865340617
2024-12-10,0.0056559407939054535,0.006625540941178016,0.0005904906197713201,0.0027786464379247334,-0.002745392244579088
2024-12-11,0.0009198277606724764,-0.0002842682632558065,0.0033505395889172687,0.00435217503576894,-0.003013373364521198
2024-12-12,-0.0023726730815971687,-0.002413156637800491,-0.0029309775552629545,-0.00535717220578689,-0.004109439059932178
2024-12-13,-0.005524369403099204,-0.006311541239567674,0.002309445038240324,0.0002886173919324847,-0.003339672230965348
2024-12-16,-0.006574939540684127,-0.005927177356392393,0.0005298231124934771,-0.0013559131532244076,0.00807053574838544
2024-12-17,0.003354602264891919,0.006996515922859398,0.0015764880335471451,0.0003480910948383797,0.006553157535533422
2024-12-18,-0.010580560876596989,-0.007739040277466812,-0.0007087346823177456,-0.0062928637344599105,-0.007783968817887391
2024-12-19,-0.011152783624449727,0.024459343629454275,0.0028185137913778707,0.00044363907463633163,0.006797353613951802
2024-12-20,-0.00047178035313026064,0.009339155604131835,-0.0007566916709248089,0.006307526602546889,-0.007767587370824616
2024-12-23,0.0016892302190377477,0.0027686806236741236,-0.0002695939045929427,-0.001332437720152708,0.0017536052773577755
2024-12-24,0.006441701393646977,0.01612559862835655,-0.0002060785399675722,0.010384695403796145,0.024431765670326226
2024-12-25,0.005215659113905332,0.006110098980705258,-0.0024030541676104554,-0.0020177943515721133,-0.002310548072761119
2024-12-26,-0.0016110983703137224,2.863926347131102e-05,-1.935597936902271e-05,-0.00014316598393009804,-0.0012591195380490337
2024-12-27,0.005234409781250839,0.010070391097008627,0.0015680129686181136,0.0029899877512717444,0.005091152582344411
2024-12-30,-0.0047336159356145035,-0.004637786033893147,0.001628875539637934,-0.004562662141988127,-0.0053319083298446835
2024-12-31,-0.007165197110956343,-0.0019144602769922455,0.0027363299139310754,-0.0016076334301203888,-0.006332547966103258
2025-01-01,-0.0006629538609040126,0.0041745967452463395,0.00378185626854737,0.001825856131428758,0.0016974768741721436
2025-01-02,-0.0027777497648279075,-0.002411158081390067,-0.0008526863740705875,0.0010651872003778896,-0.002770088005584268
2025-01-03,-0.012509931861569063,-0.008025238116916765,0.008760951770321589,-0.014671505725892892,-0.019118310778027427
2025-01-06,-0.002048406268178747,-0.004420521020718496,0.0007118730513211953,0.0007815385726415301,0.0025191510430741366
2025-01-07,0.002691862142940593,0.002581335489394456,0.0016207271985217062,0.006445101060766691,-0.011177589882124094
2025-01-08,0.010317610802441547,0.011269613299184453,-0.003042394923883861,-0.0036414582342372435,-0.009582789169646558
2025-01-09,0.00219129823656352,0.00827448595430865,-0.0015698531195536159,-0.006175617044357084,9.330525700975637e-05
2025-01-10,0.014575406138167333,0.00755539877436389,0.0004000393193397156,-4.3431870548870375e-05,0.001140568200000041
2025-01-13,-0.003115107174782268,0.0019969539045873257,-0.0017166359160447914,-0.0039062857614283126,0.0014506283229501638
2025-01-14,-0.0005229074945853685,-0.003779610805298053,0.0018871202686251579,-0.002502024835904114,0.0037458807831974457
2025-01-15,-0.0007839872846912026,0.004621949458563099,-0.0027441064634621667,-0.003586196446918285,0.01065250392686039
2025-01-16,0.0017311143608865973,-0.0021838470353429036,-0.0015031623226662617,-0.0034851532790454083,0.0128947404234115
2025-01-17,-0.011535564115322016,-0.01892008350213721,-0.008378197750630223,-0.011875690802442199,0.0038518020041458986
2025-01-20,-0.00018038511794673037,-0.008519018781134695,0.0004961189040262233,-0.005952612590356485,0.0006366153041441282
2025-01-21,-0.00852418857636775,-0.013505166665523122,0.0004517813596236818,-0.002538026533204837,0.0012073146430278043
2025-01-22,0.0007851808505057431,0.004545071808227339,0.001144312174252627,0.004518726011186007,0.009179377377009598
2025-01-23,-0.00853392555702156,-0.012695076398932158,-0.0009340481758035807,-0.0032151637180724123,-0.00388337688181762
2025-01-24,-0.004078708133476459,-0.0025628046610783033,-0.0021740404691358,-0.0050960506763217985,0.0007757625706633399
2025-01-27,0.003297257508821526,0.004296051165447693,0.0006585709969201201,-0.001319084099105634,-0.0050727509450673195
2025-01-28,0.0018830072778496785,-0.0005067505435592569,-0.006136886452476372,-0.004502648319499323,0.00718958703957343
2025-01-29,0.0023330589940080294,0.00010526951161087702,0.0014543128390156798,-0.00043975828377397524,0.002383805547768257
2025-01-30,-0.004468869882672106,-0.01132376701213407,-0.005624191561128164,-0.0026561239565630473,-0.012370156739226836
2025-01-31,0.0027563132279343396,1.1527144721861827e-05,-0.002265181238373796,-0.0009473476112464962,-0.0065959139652159784
2025-02-03,0.001281182890022304,0.003025074393890258,-0.00011809173562503256,-0.0033206513389504324,-0.009594501119293731
2025-02-04,0.008824382160593716,0.008896164612072061,0.00038072789696655363,0.00170135971718962,0.0022832754497226996
2025-02-05,-0.005414729574149616,-0.006260080537327573,-0.0008475037168405248,-0.00458248079425246,-0.005403895675876935
2025-02-06,-0.02311603919416926,-0.028676709481187248,-0.001586686674840032,0.006384960818510314,-0.020658346147554706
2025-02-07,0.008489755793385099,0.007873868357947494,0.0024523936023212417,0.002483731265794428,-0.00015720354188693346
2025-02-10,0.0034814863180812794,-0.0015583257476832885,0.0013942274588519498,0.0024869372496358942,0.0013089348925227576
2025-02-11,-0.011678729400404576,-0.002872969593130926,0.0023168216517366865,-0.006089459104547925,0.0034495361790432924
2025-02-12,0.00504892389435339,-0.0004940577933408583,0.0015494310798852234,-0.0020463282794438518,0.003555575653124069
2025-02-13,0.005189842234765078,0.006067322713415524,0.0018727019568374876,-0.003193546427114071,-0.005108172569081308
2025-02-14,-0.008093953363009049,-0.009717192398015967,-0.0014448768000155535,-0.00627549163692575,-0.002528453062151618
2025-02-17,0.003479212927723705,0.004552485619502706,-0.0017963805284007882,0.003608882860914121,0.01206600759794242
2025-02-18,0.0070845089499850565,-0.002086996172715239,0.0010857603689471908,0.0024273418951488456,-0.00042233914752875173
2025-02-19,0.0018093618846874695,-0.0067839588051651165,-0.003132407702914827,0.0008018135565044414,-0.008242179398287109
2025-02-20,0.003717696130171142,0.0011070742899139314,-0.0027859490594120285,0.00034792157497465974,-0.0032359322350730036
2025-02-21,-0.004567464600513404,-0.00591686491168652,-0.0022046111160189366,-0.0022481479144487804,-0.004319204364008347
2025-02-24,0.0010890783727691864,0.0003016468792690109,0.0009025856621523829,0.00016794081592189317,0.0015871412988386336
2025-02-25,0.006053134261205163,0.0009317351239402681,0.0028592246512280715,-0.0031872847800625817,0.0143982815132622
2025-02-26,0.0017434620359868442,-0.006773357586209722,0.001531173678897047,0.006234863737000095,-0.0036581887336551086
2025-02-27,0.013713354452765412,0.00815515575135698,0.003757928479282927,0.010344845925457334,0.005217978473989591
2025-02-28,-0.006784879166186479,-0.013506421801987719,0.00179624718877441,0.0012558261127034076,-0.005666889093913673
2025-03-03,0.01676466505627317,0.016354808415986702,-0.0051501210886941385,-0.0017818729490157,0.0019150173606470085
2025-03-04,-0.00417420036446865,0.00032964410869165824,0.0026960574108402476,0.0014833527827781115,-0.00944994725567072
2025-03-05,-0.002070875526403085,-0.0018901321972537336,5.092192190163646e-05,-0.0033305467207135862,-0.004985013706749124
2025-03-06,0.0018437056416798245,3.579488140034411e-05,-0.006821945309567003,-0.008347248237527556,-0.012159172642446104
2025-03-07,0.011031881209384344,0.005364731188563365,0.004669707414501088,0.007556129368076958,0.006395096261794143
2025-03-10,-0.007188728015432329,-0.006448903192329262,0.01356826697493401,0.00020076020106847385,0.00900399902685988
2025-03-11,-0.0012520791464180276,0.004060930173399414,-0.006349710192837479,-0.0075799597901394485,0.00463193644082932
2025-03-12,0.0160584895813527,0.0016135739794537127,0.0016066625221019882,0.0021934651161719123,-0.005420280787572045
2025-03-13,0.0008881023726967307,-0.0011345911836622578,0.0008312894570088866,0.0008247846967371867,0.008427685964057352
2025-03-14,-0.00789391080104466,0.0018315932637771363,0.002698133384035094,-0.0104146327875382,0.001443661878877983
2025-03-17,-0.018606206704558686,-0.018559922879224592,0.003506548679039004,-0.0009446942271939406,-0.005872643644981174
2025-03-18,-0.004712651687698138,-0.00047624348416283206,-0.004577174063674352,-0.005226286941982009,0.00723440761275363
2025-03-19,0.0023278221235021623,0.00041449676457997505,-0.0009949154138814253,0.001132998224923505,0.005717414841340562
2025-03-20,-0.0026635553225607873,0.0072907904228013505,-0.0023038588887952915,-0.0028920893803129843,-0.0016199753245384723
2025-03-21,0.012221717269648949,0.016282336846036277,0.0007004249530128323,0.004992221212970263,-0.0017780561853043937
2025-03-24,-0.010636926878088343,-0.006957657756469576,0.0053415213258980925,0.0016821438023857773,-0.00689450159259962
2025-03-25,0.01806468187048799,0.025223346070442704,0.003969102935164003,0.004446434692526497,0.02137360666629107
2025-03-26,0.007460490995325008,0.011885086956406676,0.0014673262702475944,0.0017645029104382999,0.010232195271353954
2025-03-27,-0.007029850523410709,-0.0053995571683640815,-0.0004943937254469801,-0.004282320111955495,-0.006123674218367312
2025-03-28,0.016457682544882495,0.013978334886986386,0.0012921768926562203,0.004205824481652424,0.007145380438338244
2025-03-31,0.00924732553195206,0.011844533551801109,0.0007795994760929002,0.0028002140319637937,0.002052155173126183
2025-04-01,-0.0040214728118438195,-0.004843371934722377,-0.008196422401055246,-0.015140387721958307,0.0037847567371712817
2025-04-02,-0.02158951982649178,-0.0348162748573467,-0.0020552319906099728,-0.008869844691552838,-0.07423416868769936
2025-04-03,-0.013698137638300564,-0.01684478422683819,-0.005622736021042817,-0.009683491183991004,-0.00841113508760118
2025-04-04,-0.004871335747407186,-0.0038528892170040024,0.000548618163233625,-0.003916926445136574,-0.003135906459107099
2025-04-07,0.0018068518391621984,0.009140715474214398,-0.0003505275496816345,-0.0028639511813824264,0.006682372773686051
2025-04-08,-0.0012652705945028334,0.0012787700840940818,-0.000866562833768269,0.0002090040169494209,0.004883354974927479
2025-04-09,0.0066981723845405934,-0.002676499539880013,-0.0005925806690915655,0.004942037429077987,0.007792291007236364
2025-04-10,0.009298654748079924,0.017066233298753238,0.00520314364178721,0.00832670420615231,-0.0014704758023448153
2025-04-11,0.0018213286126859032,-0.004716720033478794,0.004256343047743611,-0.0011415172354505203,-0.0032978164326622258
2025-04-14,-0.0003994660785602453,0.00031029124271831737,-0.0010772933690290955,-0.0006388574621960675,-0.007060427987147263
2025-04-15,-0.0023079430528366533,-0.00037145574550993794,0.0002434952288803561,-0.0025669198861484775,-0.0001922561399606013
2025-04-16,-0.01181218896889448,-0.015491747316002507,0.0003094885899529436,-0.0061579234249402055,-0.013483289412847446
2025-04-17,-0.004127125351754242,-0.008282601172531328,-0.0008180210228411987,-0.002492314170076534,0.010010264702660521
2025-04-18,-0.007076375065365808,-0.0022488903287966083,-0.0019159962076396903,-0.005345803933887953,0.0024539796239105172
2025-04-21,-0.012021200605240898,-0.006724593167101175,0.004394137391151115,-0.004072046235777433,-0.00967785453298167
2025-04-22,-0.0017448546057867256,-0.001421210270002074,-0.0016922937735648167,-0.005234493121650025,0.0008872637918250804
2025-04-23,-0.002862987064190815,-0.0010189826467550587,0.0007235410038892271,0.00035114286906244905,-0.00031841802783129635
2025-04-24,-0.005751523534390484,0.013568028380391771,0.0016683144485566347,0.000271665142083487,0.012747807830559784
2025-04-25,0.002952228866296441,0.0071330119879752,0.002525770840091874,0.0039838800271586065,0.015863398050445166
2025-04-28,-0.0038029315163255143,-0.0048139214959199384,-0.006153989403979557,-0.013460529064277233,0.010191677542765412
2025-04-29,-0.0036397687808513296,0.006037622199213503,0.001593366619576985,-0.006605099475379632,0.011514468907892886
2025-04-30,-0.0033585574284637036,-0.004048559887888359,-0.003109550137887602,-0.006109495352119216,-0.009621583668058034
2025-05-01,0.0019559823880447237,0.007227377190082713,0.002146203840966602,0.007897423050082328,0.013582144319529177
2025-05-02,0.007110045452215504,0.00946740006117815,0.0019333996726687017,0.0031086315280465537,0.0023774055242996605
2025-05-05,-0.016366113960144986,-0.018275473242355223,-0.0026650586139435294,-0.001108444505104157,0.0025770491405601543
2025-05-06,0.0033502004436872573,-0.01289590297146064,0.008192360837917016,0.014248456010552807,0.0030560826956515133
2025-05-07,0.0021007717263504208,0.006858928882804036,8.955073991478121e-05,0.0003403757296377348,0.0021107706840272325
2025-05-08,0.00179956897943677,-0.0006198784796039773,0.0011388735109811347,0.009806612353554567,-0.0073001511740032774
2025-05-09,-0.00198252949415134,-0.001692140696693934,0.00031313246877886884,0.00023476333454204064,0.0030047257154230565
2025-05-12,-0.018343707679461294,-0.019833640881518365,-1.4736223494626996e-05,-0.013813032302016762,-0.001858967360761656
2025-05-13,-0.0004123002881675917,0.004493723179313624,-0.001925009135666175,-0.004172238888287181,-0.00834132680621281
2025-05-14,0.017452013024725686,0.00746921525357741,-0.003500761331434934,-0.00026425508195850126,0.01583458565398223
2025-05-15,-0.0014977586886817408,-0.01004669551190301,-0.004956736267195545,-0.0030773415941653197,0.0034915404901368183
2025-05-16,-0.002907671868426394,-0.007171694915905111,0.0033582865581930554,0.0034410086382493286,0.0013515152601814798
2025-05-19,-0.002549330483840127,-0.008575598658624534,0.0023704391690640017,0.004146208680188781,-0.013481103792673763
2025-05-20,0.0016692159359413144,0.0006847518968991918,-0.0010350053813551919,-0.0003003528661004782,0.0007530494904297129
2025-05-21,-0.004546150792482661,-0.009424531443353066,-0.0006138543325975517,-0.006417739001152858,0.0023566850092194115
2025-05-22,0.0020106130904025783,0.002406175210915557,0.0019271846332869096,0.0068448009150135925,0.011366217419993073
2025-05-23,0.003909647025566003,0.004720511636568173,-0.002329908577536787,-0.0016014028145033047,0.0014825226394638814
2025-05-26,0.030743014080240338,0.031062808201185756,0.004335802909585965,0.01883131912184158,-0.012149383716285293
2025-05-27,-0.014672109272270622,-0.0006946850608857303,3.942735190778671e-05,-0.003922697221886733,-0.01330659530928076
2025-05-28,0.003834915983828618,-0.004533012921302833,-0.0014629534207477497,-0.00228100233346353,0.008867297360406222
2025-05-29,-0.0023372247076503443,-0.007861808383978434,0.0002105590848338896,-0.0024828228225883303,-0.003433813036415007
2025-05-30,0.007108286246440743,-6.675284297672776e-05,0.0014733686329575263,0.007222074273730409,0.0034532015014029542
2025-06-02,-0.003049437569010597,0.008670882593530469,-0.0017083126903244842,-0.006910555786001071,0.0019490846900796068
2025-06-03,0.00662149415829373,0.011908503179442156,0.0023164664819119453,0.0007857579432879618,-0.013804907746394294
2025-06-04,0.003937682109237957,0.003164692002008131,-0.0009401312997594591,-0.0017257199498227733,-0.008501644281183374
2025-06-05,0.010164938076352353,0.0007059281234424095,0.005018726684898363,0.00340617584896689,-0.0029663685254327963
2025-06-06,-0.004320638290291247,-0.011350587569125223,-0.004278542939079042,-0.01053243168610688,0.0023352717808097358
2025-06-09,0.003985910623563391,0.002175194815927062,0.001965969940339804,0.0007393551723439352,0.006791878969831043
2025-06-10,-0.012871275029072322,-0.02134430852485129,0.004955300927290885,-0.008164458567730092,-0.02455459448327459
2025-06-11,-0.01768282852107669,-0.03273364993753812,-0.0019594713086396698,-0.015372118911679037,-0.004055944676507309
2025-06-12,-0.0024387380731311498,0.005978727518500709,0.0024059761328288276,0.002368966703624126,0.003530508772214984
2025-06-13,-0.0055745940100893395,-0.003698746844967747,-0.0010357539118107703,-0.0038102658132970917,-0.0025628093919206497
2025-06-16,-0.019300237226456025,-0.009309561363488886,0.008314533114642959,-0.00701839631922998,0.0023422053298172507
2025-06-17,-0.0034660257814201644,-0.0015331943456575823,0.0012440677225079872,0.004328257146065976,0.003462771817384648
2025-06-18,-0.003687794599488853,-0.005582147946527511,-4.779304029877955e-05,0.0013028855362171043,0.0035202169558624986
2025-06-19,-0.0021887678099938514,-0.0008744678929154496,0.00015117734704211483,-0.004521327779582571,-0.012176534931441274
2025-06-20,0.004180454058497288,-0.0018224503400220322,-0.00037096067289241696,0.0023488908534607367,-0.007347381585751072
2025-06-23,-0.001261817518060104,0.006637536215197058,0.0023645891291397703,0.0026967681626335815,0.00011633592224311645
2025-06-24,-0.00405476279186878,-0.002827207361609801,0.000630998507887349,-0.0028143109372888503,-0.002341752744499936
2025-06-25,-0.017547790240048516,-0.02625406046727919,0.0009301135441690383,-0.008475156911686965,-0.004014800425723541
2025-06-26,-0.001248999542875704,-0.0006882537177211221,0.0022026856057401857,0.0013269241003293496,-0.004807727093680823
2025-06-27,-0.006056054142233335,-0.014356742669684088,0.003476078588870949,0.006050720432534689,-0.0020960974133017664
2025-06-30,-0.0009795714463140311,0.0030764691875104014,-0.0008721892965326587,-0.00383995288076043,-7.293122023148299e-05
2025-07-01,0.002730307467267361,0.003048874118436398,0.003015227751134597,0.004903335939653831,-0.002024995104142299
2025-07-02,0.0010488098444846644,-0.0017374741011994372,8.579580211054681e-05,-0.0014658487249935256,0.002261163238355073
2025-07-03,0.0064518893402022845,0.0046239163289595615,0.004275386933434246,0.007280871840296161,-0.003666163239211285
2025-07-04,0.008024612994449502,0.00852218196612443,0.0028215934072008965,0.007792173757904072,0.02121521544984258
2025-07-07,-0.0004376179587433343,0.008059950077995481,-0.003891246364996361,-0.0072011125522164566,0.003763715605028276
2025-07-08,-0.007342360855438744,-0.0038704793478415624,-0.0036097868038887006,-0.01177839349010023,-0.0021371114214943586
2025-07-09,0.0017984023018149597,0.007788833535996468,-5.9399511375883904e-05,-0.00021797703992221446,0.002818015101549288
2025-07-10,0.0022667972555775106,0.00408308541850718,-0.002802025115254833,-0.004090481788229111,-0.004670605057478331
2025-07-11,-0.0026466301237992665,-6.536794604094696e-05,0.0036847481828967943,0.004854136538162892,0.002614858508925834
2025-07-14,0.0012748134321438544,-0.0010631803979879808,-0.001173853004841225,-0.0007538954792388386,-0.0014747246939544902
2025-07-15,-0.008412758410046286,-0.020926643079912217,0.004145143638297422,-0.005182659464358818,0.0032453700732034472
2025-07-16,0.01213209168247798,0.02262305815646395,-0.004610571708630009,-0.002734704245764213,0.014444892767462901
2025-07-17,-0.002295396681701165,-0.005871989940922492,0.00121881149989252,0.0007209682747994099,-0.002647086269533311
2025-07-18,-0.009348893602505043,-0.018630622589773903,0.0009716731238095856,-0.005519975387056095,-0.0014925579768624443
2025-07-21,-0.00040496946367606193,0.0004886075019964775,0.0007804829604132915,-0.0005887051364172834,-0.005737708009738864
2025-07-22,0.004286964021424122,0.0036303875436304767,-0.004099521973150164,-0.00023684611919246062,0.0021970665891942968
2025-07-23,0.004828962886862764,0.004726651780949183,0.00331727158743094,0.006514623371635566,0.00026879974108896625
2025-07-24,0.0034684170545423425,-0.0018583523567118128,0.0008074752568510976,0.002292569636830582,-0.006151101270386412
2025-07-25,-0.001269305575546786,-0.0008454908372784445,0.002743878617623134,0.0010338921070178848,0.005029366504207708
2025-07-28,-0.00801348883208458,-0.00788226544518612,0.0028148459344257927,-0.003838056549154602,0.0005492189231243476
2025-07-29,-0.006553037832225831,-0.008463594461599739,-0.0009161729915521096,-0.002824001738202194,-0.0008487921313065966
2025-07-30,-9.668649623366035e-05,-0.0008996026025974472,-0.0036656495066777163,-0.0020515090168543,-0.004489624000217642
2025-07-31,0.006435970897600296,0.008048399534141592,2.9930670221163215e-05,0.006477765311148195,0.004836076958246517
2025-08-01,0.0020180872057292917,0.003195852929661648,-0.00011832138714480529,-0.0013249581312019957,-0.01096302915974311
2025-08-04,0.010901279276049548,0.003374896652399689,0.0008518805852258048,0.00850833305120727,-0.005156709712794796
2025-08-05,-0.007460087076220193,-0.010539787865791659,0.0011946375729130875,0.0023628250379599145,-0.0035797321209348133
2025-08-06,0.0019336586158175866,0.012591926312677946,0.0014862268183915089,0.0028380097669849554,0.006177029083800665
2025-08-07,-0.009293228443869136,0.00020548000592614742,0.0003431720552999666,0.0015589752940369714,0.005093838773566017
2025-08-08,0.0005155096202311709,-0.0018477540897953889,0.0014861506914521543,0.0036762768951594305,-0.008028839768977286
2025-08-11,-0.0029996080465418797,-0.004313497131809148,-0.0005752587743207315,-0.0004404784682238535,0.002459141647847321
2025-08-12,0.00800606247210444,0.010888871771943781,-0.002453759891393029,-0.006329681298745765,-0.014455571159349995
2025-08-13,0.004734361331403027,0.002517937245415783,0.0012449978987334016,0.0001713129266365185,0.0014142134675841354
2025-08-14,-0.0005088561878825359,0.002434669592097103,-0.001361812190796996,-0.001184195507267043,-0.0006815202968657129
2025-08-15,3.171096672666563e-06,0.002733199676390379,-0.0014494970859521793,1.1667801309546693e-05,0.004474018711397351
2025-08-18,-0.0028682843716593544,0.003409833109358017,-0.006433320575684926,-0.006447023981662944,0.0017821579889627781
2025-08-19,0.012054916300364545,0.013431623822514132,0.0012310444957423533,0.0015008525323329973,0.0029476942577309094
2025-08-20,0.004217735210904968,0.005096645308299552,0.003101585476008171,0.004636352615477583,0.005786038675555621
2025-08-21,-0.0026995903691910293,0.004163951011154482,0.0008618682404658958,0.005783908192130422,0.003557087271807527
2025-08-22,0.001511459265635521,0.004735457135160932,0.0015600596355439056,0.00025718926134469627,-0.003775618975003981
2025-08-25,0.005969615359355944,0.0005323436036731446,0.0010433225504658753,0.001330388944394417,-0.00017749519173395012
2025-08-26,0.0024812667948558957,0.006012761242019656,-0.0003562540860732363,-0.0038027088263675357,0.004543415851932723
2025-08-27,-0.012692480819294766,-0.013238941939436618,0.000349833640755438,-0.0008508991673651207,-0.006973820287993625
2025-08-28,-0.0027117814031524558,-0.010165982767995126,0.0008978355340742095,0.00011924898843925706,-0.00885468816187734
2025-08-29,-0.006962524605500829,-0.009298789195408318,-0.005738367615417012,-0.0032261518535631807,-0.010398891037699953
2025-09-01,-0.00856901878649435,-0.0022689165461104205,0.0021933586535453895,-0.007869754085037615,-0.010597488652468288
2025-09-02,0.002663596865914451,0.00998655839327559,-0.0010152875301871604,-0.0030171777343905868,-0.004722115756033808
2025-09-03,0.007652174950320015,0.011736273521400336,0.0013011379621371418,0.002813099433931156,0.0012741440344057595
2025-09-04,-0.006088432058705885,-0.002914380748150467,-0.0003778199393645842,-0.0019431990433463368,-0.0028603837049866686
2025-09-05,-0.005105220165178235,-0.005427742830930018,-0.00042315869862442283,-0.004673358109357481,-0.0007185821259437057
2025-09-08,-0.0025510544753374613,-0.008591452717958432,0.0016462284591523958,-0.0022689765861021176,0.011083539400855541
2025-09-09,0.008261048643144173,-0.005774519275862348,0.0063509358562694775,0.01077614437457274,0.020738005321560324
2025-09-10,0.0016628959062291542,-0.0020789271403203347,0.0013712796515352034,0.0038433980516689153,-0.006835882808500361
2025-09-11,0.004657461147228531,0.00036437611616769224,0.0029357163927156006,0.004776488081617444,0.00040680668612938574
2025-09-12,0.0073741188289128436,0.005778294647803743,0.0006532624477110879,0.0051811645090792295,-0.0052732475580847945
2025-09-15,-0.0035667712498641544,-0.005370528978257185,-0.0001118516749700901,-0.0015761579151421057,-0.004292749692016083
2025-09-16,-0.0048535626605831295,-0.0008091496747930757,-0.0013512006596509436,-0.002541014288263964,-0.00604244671998948
2025-09-17,0.0011164433599895232,0.005559391803100208,0.0032242784631951464,-0.0005094798825035821,-4.9275399492884945e-05
2025-09-18,-0.005201386264643017,-0.0022595934734879306,0.00030832355573277544,-0.001388193223849723,-0.007417838014179668
2025-09-19,0.01376185037916765,0.01948945860150798,-0.0027675666999898486,0.0033570573094428226,0.0024205551581350346
2025-09-22,0.0038322095175071,-0.003917248352361946,-0.0015499976175723928,-0.0011685929921852762,-0.0029787442845241306
2025-09-23,0.006534923786967641,0.0127692378878505,0.00343499564396026,0.012553608594652793,0.02324714584831438
2025-09-24,0.005541420504263985,0.0016938626107084287,-0.0027350504436269452,0.002051918233854776,-0.00568661952589603
2025-09-25,-0.0012767148204818508,0.0031704598926227657,0.0016293930083254565,0.006364093412249045,-0.0032528497661550096
2025-09-26,0.0017781882930964813,0.0021958965856175515,-0.0002888530305819747,-0.0007620472746800776,-0.011478893228299598
2025-09-29,0.009328363961596331,0.0038705239633535144,0.001876859733396376,0.005004554759354722,0.009816850598192418
2025-09-30,-0.0055141603637982595,-0.005299648859312287,0.0015149731967018865,-0.0007222127208050522,-0.009287637304468924
2025-10-01,0.009515986215125585,0.011734779371241915,-0.001112415301633787,0.0018493801531669065,0.0022898153470690638
2025-10-02,0.002031839238584905,0.011973775030995736,0.0038111196583810233,0.005213144697310504,0.009071398731975723
2025-10-03,-0.004143712346400731,-0.0002630136584638515,-0.0001698786108877634,-0.0035296360791958656,0.0028604365286999446
2025-10-06,0.0031469825740537707,0.0038581833722236064,-0.0023652607667603858,-0.0015776159233776917,-0.003614761385865329
2025-10-07,0.003017228079015745,0.0012774493064822501,-7.667197460520028e-05,0.001003646850711504,5.9984801953436154e-05
2025-10-08,0.0020977218646176903,0.0011820051587742284,0.0006863768632769013,-0.0008935546696382224,0.0036144047374441113
2025-10-09,0.017109358855054723,0.012962469003193899,-0.002784952099050971,-0.0011159599778025927,-0.02073586402061585
2025-10-10,0.006239438141177801,0.006269719437795815,-0.00030729565873758506,0.004652867932033389,0.010419323315503054
2025-10-13,0.0055181304368818185,0.0075142786668106675,-0.0017192241490570311,0.0009198289686832551,-0.0007311284844563931
2025-10-14,-0.004430236750614863,-0.0002873126032616673,-0.00047913130014587077,0.0019431560132142907,0.009298163201271718
2025-10-15,-0.003366049879141976,-0.003543909651782824,0.0014828693751533866,-0.0026335823522945336,-0.0034748291530992286
2025-10-16,0.0012287565432790354,0.011833673530772106,0.0046269993383359605,0.0018294877435983444,0.012134218797108543
2025-10-17,-0.010328733447207333,-0.01354939195775665,0.00774362837409604,0.005005748038446663,0.0001615465518148998
2025-10-20,0.00391488764463463,0.0022580059959800445,-0.002390841516129152,-0.004614509524611351,-0.0008751398329960888
2025-10-21,-0.007545032161604432,-0.01156408055879778,0.002798196164655057,0.001006737626381651,0.005782927640094468
2025-10-22,0.0007977323088460494,0.0018695644905102873,-0.0007519869950935518,-0.0010885607286850493,0.003512728643761193
2025-10-23,-0.0059533170127931394,-0.003988155787037313,5.529117684927891e-05,-0.0011021361038501586,0.005615886138408479
2025-10-24,0.0016065462540059876,0.00040990045746086437,0.0007304932289051192,0.0025317604603235146,-0.008223554570465067
2025-10-27,0.014875582167220475,0.010528044029797913,0.003892619985778577,0.007451905047134202,0.00935570620649139
2025-10-28,0.0008317534306574697,0.002245090920961495,0.0001965795071494143,-0.0009450250189393208,0.0020476932620618078
2025-10-29,0.013890955372727342,0.0054057004388987345,-0.0014611662881577967,-0.00022070033034231378,0.007015341117487183
2025-10-30,-0.005404824002776135,-0.0001426630883163795,0.00058189291829081,-0.002928415203082593,0.004838652078808948
2025-10-31,-0.0265588849981384,-0.026657769194219427,0.005162738488036189,4.5302178880508544e-05,-0.001634442717060343
2025-11-03,0.001042373670852332,-0.004094437558147342,-0.004425284220207389,-0.016941829663896586,-0.016216397028903456
2025-11-04,0.013284337140140446,0.013387463823043807,-0.00415276640440733,-0.0025500258402362296,0.010048046398455019
2025-11-05,0.012667495424741276,0.01054827234015945,0.002950446402063619,0.00619625928268652,-0.00740664931010233
2025-11-06,-0.013115990868037082,-0.023987473473650323,-0.002802844569810052,0.006614575393982937,-0.0008870314540337443
2025-11-07,-0.005738824898617829,-0.013450929067182206,0.003032598526115543,0.0006605573108486941,-0.0037678428668992073
2025-11-10,0.00555592422437248,0.011775172234836947,-0.004312051437645199,-0.007567307444460489,0.012159472676797043
2025-11-11,0.001497507654436353,-0.0016048035786089027,-0.0019633001577575747,-0.0024996139242761156,-0.0016258480518295012
2025-11-12,0.006029508115212751,0.00022510903350155762,-0.001597717441438768,-0.004735523016731178,-0.000702345101555078
2025-11-13,-0.0005414875299608788,-0.0007920040993049584,-0.0029261174056444753,-0.003280907483126412,0.0026494507258344674
2025-11-14,-0.013492619173063334,-0.01284171723815992,-0.0024092452127963404,-0.00695466405908745,0.016002682153602215
2025-11-17,-0.0017328741257555927,0.00454229190547617,0.002913892660096091,0.0029412855390163702,0.001047150753404987
2025-11-18,-0.012520518790380361,-0.013729689922494315,0.001897895483144388,0.0005096120884463581,-0.004228574810915353
2025-11-19,-0.011202930006332374,-0.003140465141440308,-0.0018116532107047105,-0.008328926189046298,0.0042211628879258774
2025-11-20,-0.0013029684483830898,0.0005476522931102894,0.0016383277706402712,0.0018551921372630812,-0.00053349447243124
2025-11-21,-0.010156819332026444,-0.01219510827598888,0.004227832832828692,0.0008342519318194637,0.00682404454540697
2025-11-24,-0.0015880115132661137,-5.3184716206392706e-05,-0.001042882344304156,-0.0015386749380257119,0.0046043930829732845
