Date,Return,TrueState,TrueStateName,DecodedStateName
2020-01-02,-0.01239,0,Calm,Calm
2020-01-03,-0.000214,0,Calm,Calm
2020-01-06,0.00268,0,Calm,Calm
2020-01-07,-0.002449,0,Calm,Calm
2020-01-08,0.000582,0,Calm,Calm
2020-01-09,0.003333,0,Calm,Calm
2020-01-10,0.013852,0,Calm,Calm
2020-01-13,-0.008912,0,Calm,Calm
2020-01-14,0.013931,0,Calm,Calm
2020-01-15,-0.015428,0,Calm,Calm
2020-01-16,0.002665,0,Calm,Calm
2020-01-17,0.006219,0,Calm,Calm
2020-01-20,-0.010457,0,Calm,Calm
2020-01-21,-0.007348,0,Calm,Calm
2020-01-22,0.002976,0,Calm,Calm
2020-01-23,-0.000901,0,Calm,Calm
2020-01-24,0.002354,0,Calm,Calm
2020-01-27,0.004161,0,Calm,Calm
2020-01-28,0.0038,0,Calm,Calm
2020-01-29,0.00874,0,Calm,Calm
2020-01-30,-0.010245,0,Calm,Calm
2020-01-31,0.006962,0,Calm,Calm
2020-02-03,-0.004541,0,Calm,Calm
2020-02-04,-0.005826,0,Calm,Calm
2020-02-05,0.005627,0,Calm,Calm
2020-02-06,-0.004911,0,Calm,Calm
2020-02-07,-0.009115,0,Calm,Calm
2020-02-10,-0.003574,0,Calm,Calm
2020-02-11,0.002177,0,Calm,Calm
2020-02-12,0.006414,0,Calm,Calm
2020-02-13,0.002805,0,Calm,Calm
2020-02-14,0.001734,0,Calm,Calm
2020-02-17,-9.9e-05,0,Calm,Calm
2020-02-18,0.010987,0,Calm,Calm
2020-02-19,0.020016,0,Calm,Calm
2020-02-20,0.008511,0,Calm,Calm
2020-02-21,-0.004863,0,Calm,Calm
2020-02-24,0.010516,0,Calm,Calm
2020-02-25,0.007531,0,Calm,Calm
2020-02-26,-0.011028,0,Calm,Calm
2020-02-27,0.009646,0,Calm,Calm
2020-02-28,-0.000282,0,Calm,Calm
2020-03-02,0.00525,0,Calm,Calm
2020-03-03,-0.012664,0,Calm,Calm
2020-03-04,0.003849,0,Calm,Calm
2020-03-05,-0.013589,0,Calm,Calm
2020-03-06,0.001614,0,Calm,Calm
2020-03-09,0.004779,0,Calm,Calm
2020-03-10,-0.005996,0,Calm,Calm
2020-03-11,0.008611,0,Calm,Calm
2020-03-12,-0.004033,0,Calm,Calm
2020-03-13,0.000644,0,Calm,Calm
2020-03-16,0.007291,0,Calm,Calm
2020-03-17,0.00824,0,Calm,Calm
2020-03-18,0.002008,0,Calm,Calm
2020-03-19,-0.003291,0,Calm,Calm
2020-03-20,-0.009187,0,Calm,Calm
2020-03-23,-0.003575,0,Calm,Calm
2020-03-24,-0.011138,1,Turbulent,Calm
2020-03-25,0.059389,1,Turbulent,Turbulent
2020-03-26,-0.007018,1,Turbulent,Turbulent
2020-03-27,-0.0239,1,Turbulent,Turbulent
2020-03-30,-0.016236,1,Turbulent,Turbulent
2020-03-31,0.000545,1,Turbulent,Calm
2020-04-01,0.003195,0,Calm,Calm
2020-04-02,0.009134,0,Calm,Calm
2020-04-03,0.007829,0,Calm,Calm
2020-04-06,-0.013965,0,Calm,Calm
2020-04-07,0.015726,0,Calm,Calm
2020-04-08,-0.002291,0,Calm,Calm
2020-04-09,-0.005454,0,Calm,Calm
2020-04-10,-0.000889,0,Calm,Calm
2020-04-13,0.005579,0,Calm,Calm
2020-04-14,-0.003368,0,Calm,Calm
2020-04-15,0.000434,0,Calm,Calm
2020-04-16,0.006158,0,Calm,Calm
2020-04-17,-0.008689,0,Calm,Calm
2020-04-20,-0.006227,0,Calm,Calm
2020-04-21,-0.000758,0,Calm,Calm
2020-04-22,0.001156,0,Calm,Calm
2020-04-23,-0.004365,0,Calm,Calm
2020-04-24,-0.004357,0,Calm,Calm
2020-04-27,-0.006723,0,Calm,Calm
2020-04-28,0.004944,0,Calm,Calm
2020-04-29,-0.000708,0,Calm,Calm
2020-04-30,-0.002688,0,Calm,Calm
2020-05-01,0.0089,0,Calm,Calm
2020-05-04,0.037441,1,Turbulent,Turbulent
2020-05-05,-0.001026,1,Turbulent,Turbulent
2020-05-06,-0.032256,1,Turbulent,Turbulent
2020-05-07,0.00396,1,Turbulent,Turbulent
2020-05-08,-0.02729,1,Turbulent,Turbulent
2020-05-11,-0.04012,1,Turbulent,Turbulent
2020-05-12,0.009982,1,Turbulent,Turbulent
2020-05-13,-0.024323,1,Turbulent,Turbulent
2020-05-14,-0.07891,1,Turbulent,Turbulent
2020-05-15,-0.034535,1,Turbulent,Turbulent
2020-05-18,-0.035393,1,Turbulent,Turbulent
2020-05-19,0.047438,1,Turbulent,Turbulent
2020-05-20,-0.028196,1,Turbulent,Turbulent
2020-05-21,-0.00561,0,Calm,Calm
2020-05-22,0.000432,0,Calm,Calm
2020-05-25,-0.000929,0,Calm,Calm
2020-05-26,0.005948,0,Calm,Calm
2020-05-27,0.004449,0,Calm,Calm
2020-05-28,-0.012331,0,Calm,Calm
2020-05-29,0.014463,0,Calm,Calm
2020-06-01,-0.014187,0,Calm,Calm
2020-06-02,0.009584,0,Calm,Calm
2020-06-03,-0.011289,0,Calm,Calm
2020-06-04,-0.009168,0,Calm,Calm
2020-06-05,0.000119,0,Calm,Calm
2020-06-08,-0.002573,0,Calm,Calm
2020-06-09,0.005161,0,Calm,Calm
2020-06-10,0.001263,0,Calm,Calm
2020-06-11,0.008753,0,Calm,Calm
2020-06-12,0.003308,0,Calm,Calm
2020-06-15,0.001664,0,Calm,Calm
2020-06-16,0.000746,0,Calm,Calm
2020-06-17,-0.002485,0,Calm,Calm
2020-06-18,-0.002075,0,Calm,Calm
2020-06-19,-0.001212,0,Calm,Calm
2020-06-22,-0.008351,0,Calm,Calm
2020-06-23,0.002903,0,Calm,Calm
2020-06-24,0.011184,0,Calm,Calm
2020-06-25,0.004468,0,Calm,Calm
2020-06-26,-0.008966,0,Calm,Calm
2020-06-29,-0.002387,0,Calm,Calm
2020-06-30,0.006985,0,Calm,Calm
2020-07-01,0.006645,0,Calm,Calm
2020-07-02,-0.007253,0,Calm,Calm
2020-07-03,0.010544,0,Calm,Calm
2020-07-06,0.007189,0,Calm,Calm
2020-07-07,0.00033,0,Calm,Calm
2020-07-08,-0.012934,0,Calm,Calm
2020-07-09,-0.006764,0,Calm,Calm
2020-07-10,-0.015013,0,Calm,Calm
2020-07-13,-2e-05,0,Calm,Calm
2020-07-14,-0.003714,0,Calm,Calm
2020-07-15,0.00907,0,Calm,Calm
2020-07-16,0.008972,0,Calm,Calm
2020-07-17,-0.009441,0,Calm,Calm
2020-07-20,0.026783,0,Calm,Calm
2020-07-21,-0.007528,0,Calm,Calm
2020-07-22,0.005061,0,Calm,Calm
2020-07-23,-0.011126,0,Calm,Calm
2020-07-24,0.000702,0,Calm,Calm
2020-07-27,0.001125,0,Calm,Calm
2020-07-28,0.002205,0,Calm,Calm
2020-07-29,0.001171,0,Calm,Calm
2020-07-30,0.005159,0,Calm,Calm
2020-07-31,-0.002315,0,Calm,Calm
2020-08-03,-2.7e-05,0,Calm,Calm
2020-08-04,0.004125,0,Calm,Calm
2020-08-05,-0.001309,0,Calm,Calm
2020-08-06,-0.004868,0,Calm,Calm
2020-08-07,-0.001138,0,Calm,Calm
2020-08-10,0.001263,0,Calm,Calm
2020-08-11,0.005865,0,Calm,Calm
2020-08-12,0.003135,0,Calm,Calm
2020-08-13,-0.000261,0,Calm,Calm
2020-08-14,0.000556,0,Calm,Calm
2020-08-17,-0.00036,0,Calm,Calm
2020-08-18,-0.009879,0,Calm,Calm
2020-08-19,0.017345,0,Calm,Calm
2020-08-20,0.010589,0,Calm,Calm
2020-08-21,0.005518,0,Calm,Calm
2020-08-24,0.002599,0,Calm,Calm
2020-08-25,-0.005624,0,Calm,Calm
2020-08-26,-0.000546,0,Calm,Calm
2020-08-27,0.035595,1,Turbulent,Turbulent
2020-08-28,-0.000403,1,Turbulent,Turbulent
2020-08-31,-0.02904,1,Turbulent,Turbulent
2020-09-01,-0.014086,1,Turbulent,Turbulent
2020-09-02,0.014183,1,Turbulent,Turbulent
2020-09-03,0.012375,1,Turbulent,Turbulent
2020-09-04,0.001169,1,Turbulent,Turbulent
2020-09-07,-0.034846,1,Turbulent,Turbulent
2020-09-08,-0.00015,1,Turbulent,Turbulent
2020-09-09,-0.027129,1,Turbulent,Turbulent
2020-09-10,0.00852,1,Turbulent,Turbulent
2020-09-11,0.008627,1,Turbulent,Turbulent
2020-09-14,-0.003274,1,Turbulent,Turbulent
2020-09-15,-0.026115,1,Turbulent,Turbulent
2020-09-16,0.012544,1,Turbulent,Turbulent
2020-09-17,-0.040861,1,Turbulent,Turbulent
2020-09-18,-0.032315,1,Turbulent,Turbulent
2020-09-21,0.027353,1,Turbulent,Turbulent
2020-09-22,-0.004953,1,Turbulent,Turbulent
2020-09-23,0.054215,1,Turbulent,Turbulent
2020-09-24,0.003023,1,Turbulent,Turbulent
2020-09-25,0.022823,1,Turbulent,Turbulent
2020-09-28,0.01588,1,Turbulent,Turbulent
2020-09-29,-0.048265,1,Turbulent,Turbulent
2020-09-30,-0.064054,1,Turbulent,Turbulent
2020-10-01,-0.001056,1,Turbulent,Turbulent
2020-10-02,0.031388,1,Turbulent,Turbulent
2020-10-05,-0.023102,1,Turbulent,Turbulent
2020-10-06,-0.029985,1,Turbulent,Turbulent
2020-10-07,0.02859,1,Turbulent,Turbulent
2020-10-08,-0.027901,1,Turbulent,Turbulent
2020-10-09,-0.004672,1,Turbulent,Turbulent
2020-10-12,0.028183,1,Turbulent,Turbulent
2020-10-13,0.007776,1,Turbulent,Turbulent
2020-10-14,-0.017412,1,Turbulent,Turbulent
2020-10-15,-0.023039,1,Turbulent,Turbulent
2020-10-16,-0.010418,1,Turbulent,Turbulent
2020-10-19,-0.033912,1,Turbulent,Turbulent
2020-10-20,-0.032965,1,Turbulent,Turbulent
2020-10-21,-0.014625,1,Turbulent,Turbulent
2020-10-22,0.042156,1,Turbulent,Turbulent
2020-10-23,-0.007795,1,Turbulent,Turbulent
2020-10-26,0.02214,1,Turbulent,Turbulent
2020-10-27,0.045662,1,Turbulent,Turbulent
2020-10-28,-0.006025,0,Calm,Calm
2020-10-29,0.000987,0,Calm,Calm
2020-10-30,0.000621,0,Calm,Calm
2020-11-02,0.003717,0,Calm,Calm
2020-11-03,0.001031,0,Calm,Calm
2020-11-04,0.004631,0,Calm,Calm
2020-11-05,0.001524,0,Calm,Calm
2020-11-06,0.020945,0,Calm,Calm
2020-11-09,0.012754,0,Calm,Calm
2020-11-10,0.017389,0,Calm,Calm
2020-11-11,0.006009,0,Calm,Calm
2020-11-12,-0.010246,0,Calm,Calm
2020-11-13,0.002037,0,Calm,Calm
2020-11-16,0.000928,0,Calm,Calm
2020-11-17,-0.009333,0,Calm,Calm
2020-11-18,0.004484,0,Calm,Calm
2020-11-19,-0.011513,0,Calm,Calm
2020-11-20,0.002553,0,Calm,Calm
2020-11-23,-0.004098,0,Calm,Calm
2020-11-24,-0.004855,0,Calm,Calm
2020-11-25,0.000318,0,Calm,Calm
2020-11-26,0.003728,0,Calm,Calm
2020-11-27,0.0027,0,Calm,Calm
2020-11-30,0.003403,0,Calm,Calm
2020-12-01,-0.0011,0,Calm,Calm
2020-12-02,-0.004248,0,Calm,Calm
2020-12-03,0.00327,0,Calm,Calm
2020-12-04,0.010258,0,Calm,Calm
2020-12-07,0.000116,0,Calm,Calm
2020-12-08,0.004526,0,Calm,Calm
2020-12-09,0.003249,0,Calm,Calm
2020-12-10,0.012781,0,Calm,Calm
2020-12-11,-0.016034,0,Calm,Calm
2020-12-14,-0.005473,0,Calm,Calm
2020-12-15,0.006334,0,Calm,Calm
2020-12-16,0.000298,0,Calm,Calm
2020-12-17,0.003092,0,Calm,Calm
2020-12-18,0.012219,0,Calm,Calm
2020-12-21,-0.001554,0,Calm,Calm
2020-12-22,0.000337,0,Calm,Calm
2020-12-23,0.005408,0,Calm,Calm
2020-12-24,0.002639,0,Calm,Calm
2020-12-25,-0.016674,0,Calm,Calm
2020-12-28,-0.008213,0,Calm,Calm
2020-12-29,0.009041,0,Calm,Calm
2020-12-30,0.012588,0,Calm,Calm
2020-12-31,0.004747,0,Calm,Calm
2021-01-01,0.009965,0,Calm,Calm
2021-01-04,0.004567,0,Calm,Calm
2021-01-05,-0.002615,0,Calm,Calm
2021-01-06,-0.014483,0,Calm,Calm
2021-01-07,-0.014168,0,Calm,Calm
2021-01-08,0.006013,0,Calm,Calm
2021-01-11,0.000271,0,Calm,Calm
2021-01-12,-0.003316,0,Calm,Calm
2021-01-13,-0.013512,0,Calm,Calm
2021-01-14,-0.008772,0,Calm,Calm
2021-01-15,0.003414,0,Calm,Calm
2021-01-18,-0.003462,0,Calm,Calm
2021-01-19,0.008407,0,Calm,Calm
2021-01-20,-0.000459,0,Calm,Calm
2021-01-21,0.010692,0,Calm,Calm
2021-01-22,0.00574,0,Calm,Calm
2021-01-25,0.006183,0,Calm,Calm
2021-01-26,-0.003045,0,Calm,Calm
2021-01-27,-0.004169,0,Calm,Calm
2021-01-28,-0.006989,0,Calm,Calm
2021-01-29,-0.001835,0,Calm,Calm
2021-02-01,0.002361,0,Calm,Calm
2021-02-02,0.007835,0,Calm,Calm
2021-02-03,0.001112,0,Calm,Calm
2021-02-04,-0.010323,0,Calm,Calm
2021-02-05,-0.006947,0,Calm,Calm
2021-02-08,-0.005366,0,Calm,Calm
2021-02-09,0.006326,0,Calm,Calm
2021-02-10,0.015286,0,Calm,Calm
2021-02-11,0.001192,0,Calm,Calm
2021-02-12,0.01507,0,Calm,Calm
2021-02-15,0.000292,0,Calm,Calm
2021-02-16,-0.009855,0,Calm,Calm
2021-02-17,-0.001761,0,Calm,Calm
2021-02-18,0.004339,0,Calm,Calm
2021-02-19,-0.001154,0,Calm,Calm
2021-02-22,-0.010253,0,Calm,Calm
2021-02-23,-0.004021,0,Calm,Calm
2021-02-24,4.3e-05,0,Calm,Calm
2021-02-25,-0.007269,0,Calm,Calm
2021-02-26,0.00795,0,Calm,Calm
2021-03-01,-0.042215,1,Turbulent,Turbulent
2021-03-02,0.020877,1,Turbulent,Turbulent
2021-03-03,-0.033827,1,Turbulent,Turbulent
2021-03-04,-0.007634,1,Turbulent,Turbulent
2021-03-05,0.007476,1,Turbulent,Turbulent
2021-03-08,-0.042272,1,Turbulent,Turbulent
2021-03-09,-0.027407,1,Turbulent,Turbulent
2021-03-10,0.013419,1,Turbulent,Turbulent
2021-03-11,-0.006826,1,Turbulent,Turbulent
2021-03-12,-0.009374,1,Turbulent,Turbulent
2021-03-15,0.039607,1,Turbulent,Turbulent
2021-03-16,0.008866,0,Calm,Calm
2021-03-17,0.003475,0,Calm,Calm
2021-03-18,-0.014399,0,Calm,Calm
2021-03-19,-0.003991,0,Calm,Calm
2021-03-22,-0.003483,0,Calm,Calm
2021-03-23,-0.003319,0,Calm,Calm
2021-03-24,0.001853,0,Calm,Calm
2021-03-25,-0.008492,0,Calm,Calm
2021-03-26,-0.001787,0,Calm,Calm
2021-03-29,0.001854,0,Calm,Calm
2021-03-30,-0.002625,0,Calm,Calm
2021-03-31,0.009378,0,Calm,Calm
2021-04-01,0.008505,0,Calm,Calm
2021-04-02,-0.000736,0,Calm,Calm
2021-04-05,-0.01883,0,Calm,Calm
2021-04-06,0.005456,0,Calm,Calm
2021-04-07,-0.000393,0,Calm,Calm
2021-04-08,0.002429,0,Calm,Calm
2021-04-09,0.007154,0,Calm,Calm
2021-04-12,-0.001203,0,Calm,Calm
2021-04-13,0.004053,0,Calm,Calm
2021-04-14,-0.008069,0,Calm,Calm
2021-04-15,0.000321,0,Calm,Calm
2021-04-16,-0.004224,0,Calm,Calm
2021-04-19,0.005342,0,Calm,Calm
2021-04-20,0.007538,0,Calm,Calm
2021-04-21,-0.003747,0,Calm,Calm
2021-04-22,-0.006583,0,Calm,Calm
2021-04-23,-0.007824,0,Calm,Calm
2021-04-26,-0.005844,0,Calm,Calm
2021-04-27,0.005939,0,Calm,Calm
2021-04-28,0.005589,0,Calm,Calm
2021-04-29,0.001676,0,Calm,Calm
2021-04-30,0.00965,0,Calm,Calm
2021-05-03,0.005011,0,Calm,Calm
2021-05-04,0.002145,0,Calm,Calm
2021-05-05,0.013904,0,Calm,Calm
2021-05-06,-0.008719,0,Calm,Calm
2021-05-07,0.001359,0,Calm,Calm
2021-05-10,-0.006394,0,Calm,Calm
2021-05-11,0.004621,0,Calm,Calm
2021-05-12,-0.001654,0,Calm,Calm
2021-05-13,-0.012658,0,Calm,Calm
2021-05-14,0.012381,0,Calm,Calm
2021-05-17,0.000185,0,Calm,Calm
2021-05-18,-0.003962,0,Calm,Calm
2021-05-19,-0.01333,0,Calm,Calm
2021-05-20,0.018382,0,Calm,Calm
2021-05-21,0.004357,0,Calm,Calm
2021-05-24,-0.004854,0,Calm,Calm
2021-05-25,0.002398,0,Calm,Calm
2021-05-26,-0.008638,0,Calm,Calm
2021-05-27,-0.000162,0,Calm,Calm
2021-05-28,0.001676,0,Calm,Calm
2021-05-31,-0.004674,0,Calm,Calm
2021-06-01,-0.004102,0,Calm,Calm
2021-06-02,0.012698,0,Calm,Calm
2021-06-03,0.002806,0,Calm,Calm
2021-06-04,-0.0025,0,Calm,Calm
2021-06-07,-0.021867,0,Calm,Calm
2021-06-08,-0.00339,0,Calm,Calm
2021-06-09,-0.016647,0,Calm,Calm
2021-06-10,0.003146,0,Calm,Calm
2021-06-11,0.013218,0,Calm,Calm
2021-06-14,0.013119,0,Calm,Calm
2021-06-15,0.0102,0,Calm,Calm
2021-06-16,0.003228,0,Calm,Calm
2021-06-17,-0.011814,0,Calm,Calm
2021-06-18,-0.000431,0,Calm,Calm
2021-06-21,0.002925,0,Calm,Calm
2021-06-22,-0.005776,0,Calm,Calm
2021-06-23,0.002254,0,Calm,Calm
2021-06-24,-0.017276,0,Calm,Calm
2021-06-25,0.000345,0,Calm,Calm
2021-06-28,-0.007553,0,Calm,Calm
2021-06-29,0.010532,0,Calm,Calm
2021-06-30,0.01575,0,Calm,Calm
2021-07-01,0.004759,0,Calm,Calm
2021-07-02,-0.000238,0,Calm,Calm
2021-07-05,-0.008742,0,Calm,Calm
2021-07-06,-0.032942,1,Turbulent,Turbulent
2021-07-07,0.05173,1,Turbulent,Turbulent
2021-07-08,0.024655,1,Turbulent,Turbulent
2021-07-09,-0.034937,1,Turbulent,Turbulent
2021-07-12,-0.016178,1,Turbulent,Turbulent
2021-07-13,-0.043426,1,Turbulent,Turbulent
2021-07-14,0.013182,1,Turbulent,Turbulent
2021-07-15,0.021665,1,Turbulent,Turbulent
2021-07-16,-0.007016,1,Turbulent,Turbulent
2021-07-19,0.026875,1,Turbulent,Turbulent
2021-07-20,0.029336,1,Turbulent,Turbulent
2021-07-21,-0.001827,1,Turbulent,Turbulent
2021-07-22,-0.000492,1,Turbulent,Turbulent
2021-07-23,0.026564,1,Turbulent,Turbulent
2021-07-26,0.004585,1,Turbulent,Turbulent
2021-07-27,0.023454,1,Turbulent,Turbulent
2021-07-28,-0.003056,1,Turbulent,Turbulent
2021-07-29,-0.024217,1,Turbulent,Turbulent
2021-07-30,-0.006871,1,Turbulent,Turbulent
2021-08-02,-0.003234,1,Turbulent,Turbulent
2021-08-03,0.029455,1,Turbulent,Turbulent
2021-08-04,0.056166,1,Turbulent,Turbulent
2021-08-05,0.012434,1,Turbulent,Turbulent
2021-08-06,0.042103,1,Turbulent,Turbulent
2021-08-09,0.034589,1,Turbulent,Turbulent
2021-08-10,0.0364,1,Turbulent,Turbulent
2021-08-11,0.057539,1,Turbulent,Turbulent
2021-08-12,-0.049097,1,Turbulent,Turbulent
2021-08-13,0.004721,1,Turbulent,Turbulent
2021-08-16,-0.018616,1,Turbulent,Turbulent
2021-08-17,0.017394,1,Turbulent,Turbulent
2021-08-18,-0.009838,1,Turbulent,Turbulent
2021-08-19,0.011695,1,Turbulent,Turbulent
2021-08-20,-0.032059,1,Turbulent,Turbulent
2021-08-23,0.002611,1,Turbulent,Turbulent
2021-08-24,-0.007803,1,Turbulent,Turbulent
2021-08-25,0.015233,1,Turbulent,Turbulent
2021-08-26,-0.002658,1,Turbulent,Turbulent
2021-08-27,-0.02916,1,Turbulent,Turbulent
2021-08-30,0.001888,0,Calm,Calm
2021-08-31,0.009729,0,Calm,Calm
2021-09-01,-0.010843,0,Calm,Calm
2021-09-02,-0.009307,0,Calm,Calm
2021-09-03,-0.007607,0,Calm,Calm
2021-09-06,0.00375,0,Calm,Calm
2021-09-07,0.007846,0,Calm,Calm
2021-09-08,0.005027,0,Calm,Calm
2021-09-09,0.01047,0,Calm,Calm
2021-09-10,-0.003546,0,Calm,Calm
2021-09-13,-0.010817,0,Calm,Calm
2021-09-14,0.004219,0,Calm,Calm
2021-09-15,0.004036,0,Calm,Calm
2021-09-16,0.001242,0,Calm,Calm
2021-09-17,-0.005443,0,Calm,Calm
2021-09-20,0.000386,0,Calm,Calm
2021-09-21,0.005181,0,Calm,Calm
2021-09-22,-0.007771,0,Calm,Calm
2021-09-23,-0.009541,0,Calm,Calm
2021-09-24,-0.010887,0,Calm,Calm
2021-09-27,-0.015322,0,Calm,Calm
2021-09-28,0.006458,0,Calm,Calm
2021-09-29,-0.004683,0,Calm,Calm
2021-09-30,0.001743,0,Calm,Calm
2021-10-01,0.002814,0,Calm,Calm
2021-10-04,-0.015085,0,Calm,Calm
2021-10-05,0.009567,0,Calm,Calm
2021-10-06,-0.004719,0,Calm,Calm
2021-10-07,-0.004424,0,Calm,Calm
2021-10-08,0.017869,0,Calm,Calm
2021-10-11,0.000719,0,Calm,Calm
2021-10-12,0.008546,0,Calm,Calm
2021-10-13,0.003139,0,Calm,Calm
2021-10-14,-0.004819,0,Calm,Calm
2021-10-15,0.012472,0,Calm,Calm
2021-10-18,0.016838,0,Calm,Calm
2021-10-19,0.00755,0,Calm,Calm
2021-10-20,0.002371,0,Calm,Calm
2021-10-21,-0.006737,0,Calm,Calm
2021-10-22,0.000593,0,Calm,Calm
2021-10-25,0.000604,0,Calm,Calm
2021-10-26,0.005396,0,Calm,Calm
2021-10-27,0.008856,0,Calm,Calm
2021-10-28,0.010272,0,Calm,Calm
2021-10-29,0.00139,0,Calm,Calm
2021-11-01,0.012478,0,Calm,Calm
2021-11-02,0.000454,0,Calm,Calm
2021-11-03,-0.005452,0,Calm,Calm
2021-11-04,0.017151,0,Calm,Calm
2021-11-05,0.007357,0,Calm,Calm
2021-11-08,0.003685,0,Calm,Calm
2021-11-09,0.006105,0,Calm,Calm
2021-11-10,-0.000262,0,Calm,Calm
2021-11-11,0.007035,0,Calm,Calm
2021-11-12,0.008036,0,Calm,Calm
2021-11-15,-0.002833,0,Calm,Calm
2021-11-16,0.006715,0,Calm,Calm
2021-11-17,0.002795,0,Calm,Calm
2021-11-18,0.005827,0,Calm,Calm
2021-11-19,0.008434,0,Calm,Calm
2021-11-22,0.008959,0,Calm,Calm
2021-11-23,0.009654,0,Calm,Calm
2021-11-24,-0.010719,0,Calm,Calm
2021-11-25,0.005664,0,Calm,Calm
2021-11-26,-0.004083,0,Calm,Calm
2021-11-29,0.002077,0,Calm,Calm
2021-11-30,-0.00697,0,Calm,Calm
2021-12-01,0.006743,0,Calm,Calm
2021-12-02,0.005432,0,Calm,Calm
2021-12-03,0.009447,0,Calm,Calm
2021-12-06,0.005424,0,Calm,Calm
2021-12-07,0.004064,0,Calm,Calm
2021-12-08,-0.020894,0,Calm,Calm
2021-12-09,0.002726,0,Calm,Calm
2021-12-10,0.009544,0,Calm,Calm
2021-12-13,0.011492,0,Calm,Calm
2021-12-14,0.014474,0,Calm,Calm
2021-12-15,0.013732,0,Calm,Calm
2021-12-16,-0.003068,0,Calm,Calm
2021-12-17,0.00062,0,Calm,Calm
2021-12-20,-0.00976,0,Calm,Calm
2021-12-21,3.3e-05,0,Calm,Calm
2021-12-22,-0.006377,0,Calm,Calm
2021-12-23,-0.009345,0,Calm,Calm
2021-12-24,0.007255,0,Calm,Calm
2021-12-27,0.008277,0,Calm,Calm
2021-12-28,0.007587,0,Calm,Calm
2021-12-29,-0.00686,0,Calm,Calm
2021-12-30,-0.012347,0,Calm,Calm
2021-12-31,-0.003542,0,Calm,Calm
2022-01-03,0.00413,0,Calm,Calm
2022-01-04,0.005506,0,Calm,Calm
2022-01-05,0.003527,0,Calm,Calm
2022-01-06,0.000312,0,Calm,Calm
2022-01-07,-0.002004,0,Calm,Calm
2022-01-10,-1e-05,0,Calm,Calm
2022-01-11,0.003946,0,Calm,Calm
2022-01-12,0.004095,0,Calm,Calm
2022-01-13,0.01697,0,Calm,Calm
2022-01-14,-0.000407,0,Calm,Calm
2022-01-17,-0.010667,0,Calm,Calm
2022-01-18,0.005203,0,Calm,Calm
2022-01-19,-0.018198,0,Calm,Calm
2022-01-20,-0.008175,0,Calm,Calm
2022-01-21,0.003429,0,Calm,Calm
2022-01-24,0.001246,0,Calm,Calm
2022-01-25,-0.007937,0,Calm,Calm
2022-01-26,0.000616,0,Calm,Calm
2022-01-27,0.002115,0,Calm,Calm
2022-01-28,0.002115,0,Calm,Calm
2022-01-31,-0.002148,0,Calm,Calm
2022-02-01,-0.029537,1,Turbulent,Turbulent
2022-02-02,-0.044515,1,Turbulent,Turbulent
2022-02-03,0.04196,1,Turbulent,Turbulent
2022-02-04,-0.002371,1,Turbulent,Turbulent
2022-02-07,-0.03095,1,Turbulent,Turbulent
2022-02-08,0.022451,1,Turbulent,Turbulent
2022-02-09,-0.012639,1,Turbulent,Turbulent
2022-02-10,-0.015743,1,Turbulent,Turbulent
2022-02-11,-0.011555,1,Turbulent,Turbulent
2022-02-14,0.030139,1,Turbulent,Turbulent
2022-02-15,0.005508,1,Turbulent,Turbulent
2022-02-16,0.023995,1,Turbulent,Turbulent
2022-02-17,-0.007638,1,Turbulent,Turbulent
2022-02-18,0.024761,1,Turbulent,Turbulent
2022-02-21,0.003809,1,Turbulent,Calm
2022-02-22,0.000805,1,Turbulent,Calm
2022-02-23,-0.006695,1,Turbulent,Calm
2022-02-24,0.009959,1,Turbulent,Calm
2022-02-25,-0.000162,0,Calm,Calm
2022-02-28,-0.000271,0,Calm,Calm
2022-03-01,0.011123,0,Calm,Calm
2022-03-02,0.010207,0,Calm,Calm
2022-03-03,0.00024,0,Calm,Calm
2022-03-04,0.000805,0,Calm,Calm
2022-03-07,-0.002248,0,Calm,Calm
2022-03-08,-0.006187,0,Calm,Calm
2022-03-09,0.00111,0,Calm,Calm
2022-03-10,-0.00485,0,Calm,Calm
2022-03-11,3.9e-05,0,Calm,Calm
2022-03-14,-0.006855,0,Calm,Calm
2022-03-15,-0.000289,0,Calm,Calm
2022-03-16,-0.000539,0,Calm,Calm
2022-03-17,-0.001863,0,Calm,Calm
2022-03-18,0.003855,0,Calm,Calm
2022-03-21,0.002027,0,Calm,Calm
2022-03-22,0.003579,0,Calm,Calm
2022-03-23,-0.000255,0,Calm,Calm
2022-03-24,-0.013351,0,Calm,Calm
2022-03-25,0.005672,0,Calm,Calm
2022-03-28,-0.004481,0,Calm,Calm
2022-03-29,0.006518,0,Calm,Calm
2022-03-30,0.000433,0,Calm,Calm
2022-03-31,-0.012242,0,Calm,Calm
2022-04-01,-0.007609,0,Calm,Calm
2022-04-04,0.001284,0,Calm,Calm
2022-04-05,-0.004345,0,Calm,Calm
2022-04-06,0.014771,0,Calm,Calm
2022-04-07,-0.009398,0,Calm,Calm
2022-04-08,0.003246,0,Calm,Calm
2022-04-11,0.004416,0,Calm,Calm
2022-04-12,-0.010482,0,Calm,Calm
2022-04-13,-0.002009,0,Calm,Calm
2022-04-14,0.010092,0,Calm,Calm
2022-04-15,-0.01352,0,Calm,Calm
2022-04-18,0.007396,0,Calm,Calm
2022-04-19,0.004825,0,Calm,Calm
2022-04-20,0.010746,0,Calm,Calm
2022-04-21,-0.007891,0,Calm,Calm
2022-04-22,0.008365,0,Calm,Calm
2022-04-25,-0.002248,0,Calm,Calm
2022-04-26,0.00923,0,Calm,Calm
2022-04-27,-0.002223,0,Calm,Calm
2022-04-28,-0.00208,0,Calm,Calm
2022-04-29,-0.011668,0,Calm,Calm
2022-05-02,-0.003179,0,Calm,Calm
2022-05-03,0.013376,0,Calm,Calm
2022-05-04,-0.009803,0,Calm,Calm
2022-05-05,-0.006702,0,Calm,Calm
2022-05-06,0.003195,0,Calm,Calm
2022-05-09,0.004383,0,Calm,Calm
2022-05-10,0.011678,0,Calm,Calm
2022-05-11,-0.003495,0,Calm,Calm
2022-05-12,0.012414,0,Calm,Calm
2022-05-13,-0.002184,0,Calm,Calm
2022-05-16,0.007884,0,Calm,Calm
2022-05-17,0.009689,0,Calm,Calm
2022-05-18,-0.001784,0,Calm,Calm
2022-05-19,0.005753,0,Calm,Calm
2022-05-20,0.01148,0,Calm,Calm
2022-05-23,0.008343,1,Turbulent,Calm
2022-05-24,-0.008501,1,Turbulent,Calm
2022-05-25,-0.043953,1,Turbulent,Turbulent
2022-05-26,-0.024157,1,Turbulent,Turbulent
2022-05-27,0.023233,1,Turbulent,Turbulent
2022-05-30,0.010676,1,Turbulent,Turbulent
2022-05-31,0.020012,1,Turbulent,Turbulent
2022-06-01,0.014137,1,Turbulent,Calm
2022-06-02,0.002392,0,Calm,Calm
2022-06-03,-0.000902,0,Calm,Calm
2022-06-06,-0.010211,0,Calm,Calm
2022-06-07,0.002723,0,Calm,Calm
2022-06-08,0.015326,0,Calm,Calm
2022-06-09,0.007446,0,Calm,Calm
2022-06-10,0.003273,0,Calm,Calm
2022-06-13,-0.002249,0,Calm,Calm
2022-06-14,-0.016251,0,Calm,Calm
2022-06-15,0.00587,0,Calm,Calm
2022-06-16,0.002704,0,Calm,Calm
2022-06-17,0.0176,0,Calm,Calm
2022-06-20,0.001451,0,Calm,Calm
2022-06-21,-0.007929,0,Calm,Calm
2022-06-22,9e-05,0,Calm,Calm
2022-06-23,-0.012253,0,Calm,Calm
2022-06-24,-0.003337,0,Calm,Calm
2022-06-27,-0.006006,0,Calm,Calm
2022-06-28,0.004529,0,Calm,Calm
2022-06-29,0.015849,0,Calm,Calm
2022-06-30,-0.001554,0,Calm,Calm
2022-07-01,0.002447,0,Calm,Calm
2022-07-04,-0.006107,0,Calm,Calm
2022-07-05,-0.007069,0,Calm,Calm
2022-07-06,0.003492,0,Calm,Calm
2022-07-07,-0.001587,0,Calm,Calm
2022-07-08,-0.014589,0,Calm,Calm
2022-07-11,-0.000988,0,Calm,Calm
2022-07-12,0.017,0,Calm,Calm
2022-07-13,-0.000329,0,Calm,Calm
2022-07-14,-0.005619,0,Calm,Calm
2022-07-15,-0.005484,0,Calm,Calm
2022-07-18,0.00044,0,Calm,Calm
2022-07-19,-0.006184,0,Calm,Calm
2022-07-20,0.005321,0,Calm,Calm
2022-07-21,-0.011556,0,Calm,Calm
2022-07-22,4e-05,0,Calm,Calm
2022-07-25,-0.003732,0,Calm,Calm
2022-07-26,0.003375,0,Calm,Calm
2022-07-27,0.00385,0,Calm,Calm
2022-07-28,0.002722,0,Calm,Calm
2022-07-29,0.009708,0,Calm,Calm
2022-08-01,-0.000652,0,Calm,Calm
2022-08-02,-0.007668,0,Calm,Calm
2022-08-03,-0.024142,1,Turbulent,Turbulent
2022-08-04,-0.02052,1,Turbulent,Turbulent
2022-08-05,0.052489,1,Turbulent,Turbulent
2022-08-08,-0.030273,1,Turbulent,Turbulent
2022-08-09,0.008896,1,Turbulent,Turbulent
2022-08-10,0.011659,1,Turbulent,Turbulent
2022-08-11,0.048239,1,Turbulent,Turbulent
2022-08-12,0.008456,0,Calm,Calm
2022-08-15,-0.004081,0,Calm,Calm
2022-08-16,-0.000742,0,Calm,Calm
2022-08-17,0.003599,0,Calm,Calm
2022-08-18,-0.005511,0,Calm,Calm
2022-08-19,0.003768,0,Calm,Calm
2022-08-22,-0.014593,0,Calm,Calm
2022-08-23,0.000966,0,Calm,Calm
2022-08-24,-0.003113,0,Calm,Calm
2022-08-25,0.000353,0,Calm,Calm
2022-08-26,-0.0192,0,Calm,Calm
2022-08-29,-0.007147,0,Calm,Calm
2022-08-30,0.01227,0,Calm,Calm
2022-08-31,-0.000267,0,Calm,Calm
2022-09-01,0.002207,0,Calm,Calm
2022-09-02,0.008002,0,Calm,Calm
2022-09-05,-0.010172,0,Calm,Calm
2022-09-06,0.010152,0,Calm,Calm
2022-09-07,-0.007295,1,Turbulent,Calm
2022-09-08,-0.009135,1,Turbulent,Calm
2022-09-09,-0.032066,1,Turbulent,Turbulent
2022-09-12,-0.026235,1,Turbulent,Turbulent
2022-09-13,-0.037794,1,Turbulent,Turbulent
2022-09-14,-0.003956,1,Turbulent,Turbulent
2022-09-15,-0.002214,1,Turbulent,Turbulent
2022-09-16,-0.006351,1,Turbulent,Turbulent
2022-09-19,0.006558,1,Turbulent,Turbulent
2022-09-20,-0.038875,1,Turbulent,Turbulent
2022-09-21,0.014625,1,Turbulent,Turbulent
2022-09-22,0.004278,1,Turbulent,Turbulent
2022-09-23,-0.016235,1,Turbulent,Turbulent
2022-09-26,0.026939,1,Turbulent,Turbulent
2022-09-27,0.002548,1,Turbulent,Turbulent
2022-09-28,0.02503,1,Turbulent,Turbulent
2022-09-29,-0.001684,1,Turbulent,Calm
2022-09-30,0.010825,1,Turbulent,Calm
2022-10-03,0.001007,0,Calm,Calm
2022-10-04,-0.002469,0,Calm,Calm
2022-10-05,-0.010399,0,Calm,Calm
2022-10-06,0.003584,0,Calm,Calm
2022-10-07,0.012509,0,Calm,Calm
2022-10-10,-0.008791,0,Calm,Calm
2022-10-11,-0.003449,0,Calm,Calm
2022-10-12,0.0014,0,Calm,Calm
2022-10-13,0.023387,0,Calm,Calm
2022-10-14,0.001987,0,Calm,Calm
2022-10-17,0.009199,0,Calm,Calm
2022-10-18,0.009708,0,Calm,Calm
2022-10-19,0.012017,0,Calm,Calm
2022-10-20,0.004488,0,Calm,Calm
2022-10-21,-0.005647,0,Calm,Calm
2022-10-24,-0.005657,0,Calm,Calm
2022-10-25,-0.004793,0,Calm,Calm
2022-10-26,0.000932,0,Calm,Calm
2022-10-27,0.0151,0,Calm,Calm
2022-10-28,0.006665,0,Calm,Calm
2022-10-31,0.008825,0,Calm,Calm
2022-11-01,0.003403,0,Calm,Calm
2022-11-02,-0.004911,0,Calm,Calm
2022-11-03,-0.011693,1,Turbulent,Calm
2022-11-04,0.02154,1,Turbulent,Calm
2022-11-07,-0.011315,0,Calm,Calm
2022-11-08,-0.005703,0,Calm,Calm
2022-11-09,0.004743,0,Calm,Calm
2022-11-10,0.000407,0,Calm,Calm
2022-11-11,0.011047,0,Calm,Calm
2022-11-14,-0.000438,0,Calm,Calm
2022-11-15,0.009933,0,Calm,Calm
2022-11-16,0.004729,0,Calm,Calm
2022-11-17,0.000968,0,Calm,Calm
2022-11-18,0.010482,0,Calm,Calm
2022-11-21,-0.005946,0,Calm,Calm
2022-11-22,0.011146,0,Calm,Calm
2022-11-23,0.00382,0,Calm,Calm
2022-11-24,-0.001924,0,Calm,Calm
2022-11-25,-0.00405,0,Calm,Calm
2022-11-28,-0.001145,0,Calm,Calm
2022-11-29,0.003222,0,Calm,Calm
2022-11-30,0.001865,0,Calm,Calm
2022-12-01,0.007913,0,Calm,Calm
2022-12-02,0.006267,0,Calm,Calm
2022-12-05,-0.002933,0,Calm,Calm
2022-12-06,-0.017978,0,Calm,Calm
2022-12-07,-0.00376,0,Calm,Calm
2022-12-08,-0.003588,0,Calm,Calm
2022-12-09,-0.002729,0,Calm,Calm
2022-12-12,-0.007804,0,Calm,Calm
2022-12-13,-0.003128,0,Calm,Calm
2022-12-14,0.011669,0,Calm,Calm
2022-12-15,0.008535,0,Calm,Calm
2022-12-16,0.006144,0,Calm,Calm
2022-12-19,0.006429,0,Calm,Calm
2022-12-20,-0.00661,0,Calm,Calm
2022-12-21,0.005269,0,Calm,Calm
2022-12-22,0.005633,0,Calm,Calm
2022-12-23,0.001649,0,Calm,Calm
2022-12-26,-0.005785,0,Calm,Calm
2022-12-27,0.011195,0,Calm,Calm
2022-12-28,0.003449,0,Calm,Calm
2022-12-29,0.007612,0,Calm,Calm
2022-12-30,-0.010134,0,Calm,Calm
2023-01-02,-0.023214,0,Calm,Calm
2023-01-03,-0.007345,0,Calm,Calm
2023-01-04,0.005724,0,Calm,Calm
2023-01-05,-0.005095,0,Calm,Calm
2023-01-06,0.004322,0,Calm,Calm
2023-01-09,0.018131,0,Calm,Calm
2023-01-10,-0.006783,0,Calm,Calm
2023-01-11,0.016459,0,Calm,Calm
2023-01-12,0.004292,0,Calm,Calm
2023-01-13,0.008262,0,Calm,Calm
2023-01-16,0.003497,0,Calm,Calm
2023-01-17,0.000309,0,Calm,Calm
2023-01-18,-0.004638,0,Calm,Calm
2023-01-19,0.002167,0,Calm,Calm
2023-01-20,-0.006714,0,Calm,Calm
2023-01-23,0.012427,0,Calm,Calm
2023-01-24,0.00055,0,Calm,Calm
2023-01-25,0.001583,0,Calm,Calm
2023-01-26,0.002993,0,Calm,Calm
2023-01-27,0.001648,0,Calm,Calm
2023-01-30,0.019968,0,Calm,Calm
2023-01-31,0.011719,0,Calm,Calm
2023-02-01,0.00027,0,Calm,Calm
2023-02-02,0.005584,0,Calm,Calm
2023-02-03,-0.004135,0,Calm,Calm
2023-02-06,0.00214,0,Calm,Calm
2023-02-07,0.004764,0,Calm,Calm
2023-02-08,0.002426,0,Calm,Calm
2023-02-09,-0.003502,0,Calm,Calm
2023-02-10,0.008283,0,Calm,Calm
2023-02-13,0.000882,0,Calm,Calm
2023-02-14,0.011424,0,Calm,Calm
2023-02-15,-0.005034,0,Calm,Calm
2023-02-16,0.005489,0,Calm,Calm
2023-02-17,0.009393,0,Calm,Calm
2023-02-20,0.005372,0,Calm,Calm
2023-02-21,-0.022474,1,Turbulent,Turbulent
2023-02-22,0.044961,1,Turbulent,Turbulent
2023-02-23,0.016174,1,Turbulent,Turbulent
2023-02-24,-0.008448,1,Turbulent,Turbulent
2023-02-27,0.00721,1,Turbulent,Turbulent
2023-02-28,-0.035997,1,Turbulent,Turbulent
2023-03-01,0.017269,1,Turbulent,Turbulent
2023-03-02,-0.006979,1,Turbulent,Turbulent
2023-03-03,-0.010351,1,Turbulent,Turbulent
2023-03-06,-0.029095,1,Turbulent,Turbulent
2023-03-07,0.049282,1,Turbulent,Turbulent
2023-03-08,-0.003928,1,Turbulent,Turbulent
2023-03-09,0.045637,1,Turbulent,Turbulent
2023-03-10,-0.035027,1,Turbulent,Turbulent
2023-03-13,0.014705,1,Turbulent,Calm
2023-03-14,-0.001845,1,Turbulent,Calm
2023-03-15,0.010498,1,Turbulent,Calm
2023-03-16,0.001742,0,Calm,Calm
2023-03-17,0.004508,0,Calm,Calm
2023-03-20,-0.00017,0,Calm,Calm
2023-03-21,-0.001066,0,Calm,Calm
2023-03-22,0.000196,0,Calm,Calm
2023-03-23,-0.012535,0,Calm,Calm
2023-03-24,-0.00292,0,Calm,Calm
2023-03-27,0.006268,0,Calm,Calm
2023-03-28,0.001302,0,Calm,Calm
2023-03-29,0.005995,0,Calm,Calm
2023-03-30,-0.008925,0,Calm,Calm
2023-03-31,-0.00838,0,Calm,Calm
2023-04-03,-0.004375,0,Calm,Calm
2023-04-04,-0.008633,0,Calm,Calm
2023-04-05,0.006115,0,Calm,Calm
2023-04-06,0.00827,0,Calm,Calm
2023-04-07,5.5e-05,0,Calm,Calm
2023-04-10,-0.002549,0,Calm,Calm
2023-04-11,-0.012436,0,Calm,Calm
2023-04-12,-0.001457,0,Calm,Calm
2023-04-13,0.008114,0,Calm,Calm
2023-04-14,0.004713,0,Calm,Calm
2023-04-17,0.017206,0,Calm,Calm
2023-04-18,-0.007278,0,Calm,Calm
2023-04-19,-0.008735,0,Calm,Calm
2023-04-20,-0.005573,0,Calm,Calm
2023-04-21,0.025529,0,Calm,Calm
2023-04-24,-0.000326,0,Calm,Calm
2023-04-25,0.013903,0,Calm,Calm
2023-04-26,-0.005885,0,Calm,Calm
2023-04-27,-0.01459,0,Calm,Calm
2023-04-28,-0.008561,1,Turbulent,Calm
2023-05-01,0.007456,1,Turbulent,Calm
2023-05-02,-0.038659,1,Turbulent,Turbulent
2023-05-03,-0.007389,1,Turbulent,Turbulent
2023-05-04,0.005241,1,Turbulent,Turbulent
2023-05-05,0.008573,1,Turbulent,Turbulent
2023-05-08,-0.0266,1,Turbulent,Turbulent
2023-05-09,-0.026436,1,Turbulent,Turbulent
2023-05-10,-0.023316,1,Turbulent,Turbulent
2023-05-11,-0.00046,1,Turbulent,Turbulent
2023-05-12,0.008922,1,Turbulent,Turbulent
2023-05-15,-0.012893,1,Turbulent,Turbulent
2023-05-16,-0.041267,1,Turbulent,Turbulent
2023-05-17,0.034787,1,Turbulent,Turbulent
2023-05-18,0.019071,1,Turbulent,Turbulent
2023-05-19,0.019897,1,Turbulent,Turbulent
2023-05-22,0.030937,1,Turbulent,Turbulent
2023-05-23,0.030618,1,Turbulent,Turbulent
2023-05-24,-0.001751,0,Calm,Calm
2023-05-25,0.000364,0,Calm,Calm
2023-05-26,0.008663,0,Calm,Calm
2023-05-29,0.000546,0,Calm,Calm
2023-05-30,0.012477,0,Calm,Calm
2023-05-31,0.005952,0,Calm,Calm
2023-06-01,0.007343,0,Calm,Calm
2023-06-02,-0.004324,0,Calm,Calm
2023-06-05,0.000945,0,Calm,Calm
2023-06-06,-0.015227,0,Calm,Calm
2023-06-07,-0.002255,0,Calm,Calm
2023-06-08,0.013911,0,Calm,Calm
2023-06-09,-0.000973,0,Calm,Calm
2023-06-12,0.011137,0,Calm,Calm
2023-06-13,-0.004395,0,Calm,Calm
2023-06-14,-0.011842,0,Calm,Calm
2023-06-15,0.006478,0,Calm,Calm
2023-06-16,-0.003448,0,Calm,Calm
2023-06-19,0.000979,0,Calm,Calm
2023-06-20,-0.002622,0,Calm,Calm
2023-06-21,-0.005297,0,Calm,Calm
2023-06-22,0.004656,0,Calm,Calm
2023-06-23,-0.001617,0,Calm,Calm
2023-06-26,0.002987,0,Calm,Calm
2023-06-27,0.007968,0,Calm,Calm
2023-06-28,0.001251,0,Calm,Calm
2023-06-29,-0.008002,0,Calm,Calm
2023-06-30,0.01235,0,Calm,Calm
2023-07-03,-0.005473,0,Calm,Calm
2023-07-04,0.003344,0,Calm,Calm
2023-07-05,0.006719,0,Calm,Calm
2023-07-06,0.009639,0,Calm,Calm
2023-07-07,0.02714,0,Calm,Calm
2023-07-10,0.00294,0,Calm,Calm
2023-07-11,0.000274,0,Calm,Calm
2023-07-12,0.003989,0,Calm,Calm
2023-07-13,0.009957,0,Calm,Calm
2023-07-14,0.002017,0,Calm,Calm
2023-07-17,0.002148,0,Calm,Calm
2023-07-18,0.018961,0,Calm,Calm
2023-07-19,-0.004469,0,Calm,Calm
2023-07-20,-0.00441,0,Calm,Calm
2023-07-21,0.0147,0,Calm,Calm
2023-07-24,0.002688,0,Calm,Calm
2023-07-25,-0.01144,0,Calm,Calm
2023-07-26,0.003525,0,Calm,Calm
2023-07-27,0.010179,0,Calm,Calm
2023-07-28,-0.014048,0,Calm,Calm
2023-07-31,-0.003504,0,Calm,Calm
2023-08-01,-0.007173,0,Calm,Calm
2023-08-02,-0.008171,0,Calm,Calm
2023-08-03,0.009003,0,Calm,Calm
2023-08-04,-0.002272,0,Calm,Calm
2023-08-07,0.008068,0,Calm,Calm
2023-08-08,0.001679,0,Calm,Calm
2023-08-09,0.005067,0,Calm,Calm
2023-08-10,-0.008056,0,Calm,Calm
2023-08-11,-0.000691,0,Calm,Calm
2023-08-14,-0.006037,0,Calm,Calm
2023-08-15,-0.006009,0,Calm,Calm
2023-08-16,-0.001018,0,Calm,Calm
2023-08-17,-0.005735,0,Calm,Calm
2023-08-18,0.019172,0,Calm,Calm
2023-08-21,0.003365,0,Calm,Calm
2023-08-22,-0.00163,0,Calm,Calm
2023-08-23,0.006729,0,Calm,Calm
2023-08-24,-0.00934,0,Calm,Calm
2023-08-25,0.013299,0,Calm,Calm
2023-08-28,0.003317,0,Calm,Calm
2023-08-29,-0.00365,0,Calm,Calm
2023-08-30,0.010974,0,Calm,Calm
2023-08-31,-0.017261,0,Calm,Calm
2023-09-01,-0.004654,0,Calm,Calm
2023-09-04,-0.01329,0,Calm,Calm
2023-09-05,-0.00291,1,Turbulent,Calm
2023-09-06,-0.032777,1,Turbulent,Turbulent
2023-09-07,-0.002838,1,Turbulent,Turbulent
2023-09-08,0.025672,1,Turbulent,Turbulent
2023-09-11,-0.011171,1,Turbulent,Turbulent
2023-09-12,-0.014231,1,Turbulent,Turbulent
2023-09-13,-0.008421,1,Turbulent,Turbulent
2023-09-14,-0.007061,1,Turbulent,Turbulent
2023-09-15,0.027246,1,Turbulent,Turbulent
2023-09-18,0.001257,1,Turbulent,Turbulent
2023-09-19,-0.011528,1,Turbulent,Turbulent
2023-09-20,-0.025089,1,Turbulent,Turbulent
2023-09-21,0.012139,1,Turbulent,Turbulent
2023-09-22,0.032349,1,Turbulent,Turbulent
2023-09-25,-0.024227,1,Turbulent,Turbulent
2023-09-26,0.033938,1,Turbulent,Turbulent
2023-09-27,-0.039638,1,Turbulent,Turbulent
2023-09-28,0.008835,1,Turbulent,Turbulent
2023-09-29,-9.2e-05,1,Turbulent,Turbulent
2023-10-02,0.026166,1,Turbulent,Turbulent
2023-10-03,0.010189,1,Turbulent,Turbulent
2023-10-04,0.012352,1,Turbulent,Turbulent
2023-10-05,0.013541,1,Turbulent,Turbulent
2023-10-06,0.017209,1,Turbulent,Turbulent
2023-10-09,-0.029006,1,Turbulent,Turbulent
2023-10-10,0.002041,1,Turbulent,Turbulent
2023-10-11,0.003003,1,Turbulent,Turbulent
2023-10-12,-0.027645,1,Turbulent,Turbulent
2023-10-13,-0.002541,1,Turbulent,Turbulent
2023-10-16,0.008901,1,Turbulent,Turbulent
2023-10-17,0.009895,1,Turbulent,Turbulent
2023-10-18,-0.001034,1,Turbulent,Turbulent
2023-10-19,0.002196,1,Turbulent,Turbulent
2023-10-20,0.044644,1,Turbulent,Turbulent
2023-10-23,0.023587,1,Turbulent,Turbulent
2023-10-24,-0.02423,1,Turbulent,Turbulent
2023-10-25,-0.018221,1,Turbulent,Turbulent
2023-10-26,0.002158,1,Turbulent,Turbulent
2023-10-27,-0.021823,1,Turbulent,Turbulent
2023-10-30,0.007123,1,Turbulent,Turbulent
2023-10-31,-0.003791,1,Turbulent,Turbulent
2023-11-01,0.03323,1,Turbulent,Turbulent
2023-11-02,-0.028437,1,Turbulent,Turbulent
2023-11-03,-0.055908,1,Turbulent,Turbulent
2023-11-06,-0.013118,1,Turbulent,Turbulent
2023-11-07,-0.053812,1,Turbulent,Turbulent
2023-11-08,0.016166,1,Turbulent,Turbulent
2023-11-09,0.036113,1,Turbulent,Turbulent
2023-11-10,0.048376,1,Turbulent,Turbulent
2023-11-13,-0.045689,1,Turbulent,Turbulent
2023-11-14,-0.009661,1,Turbulent,Turbulent
2023-11-15,0.013035,1,Turbulent,Turbulent
2023-11-16,-0.018573,1,Turbulent,Turbulent
2023-11-17,0.015163,1,Turbulent,Turbulent
2023-11-20,0.027003,1,Turbulent,Turbulent
2023-11-21,0.035955,1,Turbulent,Turbulent
2023-11-22,0.029187,1,Turbulent,Turbulent
2023-11-23,0.001489,1,Turbulent,Turbulent
2023-11-24,-0.010521,1,Turbulent,Turbulent
2023-11-27,0.012399,1,Turbulent,Turbulent
2023-11-28,0.008547,1,Turbulent,Turbulent
2023-11-29,0.008639,1,Turbulent,Turbulent
2023-11-30,-0.037826,1,Turbulent,Turbulent
2023-12-01,0.030123,1,Turbulent,Turbulent
2023-12-04,0.008964,1,Turbulent,Turbulent
2023-12-05,0.005203,1,Turbulent,Turbulent
2023-12-06,-0.0419,1,Turbulent,Turbulent
2023-12-07,0.039553,1,Turbulent,Turbulent
2023-12-08,-0.005416,1,Turbulent,Turbulent
2023-12-11,-0.028917,1,Turbulent,Turbulent
2023-12-12,0.024386,1,Turbulent,Turbulent
2023-12-13,-0.017942,1,Turbulent,Turbulent
2023-12-14,0.006723,0,Calm,Calm
2023-12-15,0.016338,0,Calm,Calm
2023-12-18,0.013752,0,Calm,Calm
2023-12-19,0.00884,0,Calm,Calm
2023-12-20,-0.007198,0,Calm,Calm
2023-12-21,0.009175,0,Calm,Calm
2023-12-22,0.002753,0,Calm,Calm
2023-12-25,-0.010499,0,Calm,Calm
2023-12-26,0.003235,0,Calm,Calm
2023-12-27,-0.007642,0,Calm,Calm
2023-12-28,0.016868,0,Calm,Calm
2023-12-29,-0.005344,0,Calm,Calm
2024-01-01,0.003747,0,Calm,Calm
2024-01-02,0.011939,0,Calm,Calm
2024-01-03,0.002204,0,Calm,Calm
2024-01-04,-0.007625,0,Calm,Calm
2024-01-05,0.004946,0,Calm,Calm
2024-01-08,-0.001928,0,Calm,Calm
2024-01-09,0.007608,0,Calm,Calm
2024-01-10,0.006763,0,Calm,Calm
2024-01-11,-0.005162,1,Turbulent,Calm
2024-01-12,-0.036764,1,Turbulent,Turbulent
2024-01-15,0.039361,1,Turbulent,Turbulent
2024-01-16,-0.0272,1,Turbulent,Turbulent
2024-01-17,0.021873,1,Turbulent,Turbulent
2024-01-18,-0.019998,1,Turbulent,Turbulent
2024-01-19,-0.00205,1,Turbulent,Turbulent
2024-01-22,-0.009963,1,Turbulent,Turbulent
2024-01-23,-0.034015,1,Turbulent,Turbulent
2024-01-24,-0.002303,1,Turbulent,Turbulent
2024-01-25,-0.000409,1,Turbulent,Turbulent
2024-01-26,0.023161,1,Turbulent,Turbulent
2024-01-29,0.001733,1,Turbulent,Turbulent
2024-01-30,-0.015315,1,Turbulent,Turbulent
2024-01-31,-0.02635,1,Turbulent,Turbulent
2024-02-01,0.009953,1,Turbulent,Turbulent
2024-02-02,0.013546,1,Turbulent,Turbulent
2024-02-05,-0.048541,1,Turbulent,Turbulent
2024-02-06,-0.015336,1,Turbulent,Turbulent
2024-02-07,0.01181,1,Turbulent,Turbulent
2024-02-08,-0.003636,1,Turbulent,Turbulent
2024-02-09,-0.02735,1,Turbulent,Turbulent
2024-02-12,0.003914,0,Calm,Calm
2024-02-13,0.015009,0,Calm,Calm
2024-02-14,0.002695,0,Calm,Calm
2024-02-15,0.005231,0,Calm,Calm
2024-02-16,-0.001345,0,Calm,Calm
2024-02-19,0.008904,0,Calm,Calm
2024-02-20,-0.001428,0,Calm,Calm
2024-02-21,0.001158,0,Calm,Calm
2024-02-22,-0.009358,0,Calm,Calm
2024-02-23,0.012897,0,Calm,Calm
2024-02-26,-0.004008,0,Calm,Calm
2024-02-27,-0.008411,0,Calm,Calm
2024-02-28,0.003324,0,Calm,Calm
2024-02-29,0.006265,0,Calm,Calm
2024-03-01,-0.001547,0,Calm,Calm
2024-03-04,-0.002994,0,Calm,Calm
2024-03-05,-0.001399,0,Calm,Calm
2024-03-06,-0.006131,0,Calm,Calm
2024-03-07,0.002953,0,Calm,Calm
2024-03-08,-0.00425,0,Calm,Calm
2024-03-11,-0.002753,0,Calm,Calm
2024-03-12,0.007235,0,Calm,Calm
2024-03-13,0.019115,0,Calm,Calm
2024-03-14,-0.00255,0,Calm,Calm
2024-03-15,0.007807,0,Calm,Calm
2024-03-18,-0.000885,0,Calm,Calm
2024-03-19,-0.009229,0,Calm,Calm
2024-03-20,0.009246,0,Calm,Calm
2024-03-21,0.006255,0,Calm,Calm
2024-03-22,-0.006514,0,Calm,Calm
2024-03-25,0.001305,0,Calm,Calm
2024-03-26,-0.006056,0,Calm,Calm
2024-03-27,0.009428,0,Calm,Calm
2024-03-28,-0.007065,0,Calm,Calm
2024-03-29,-0.008874,0,Calm,Calm
2024-04-01,-0.005163,0,Calm,Calm
2024-04-02,0.012047,0,Calm,Calm
2024-04-03,0.006588,0,Calm,Calm
2024-04-04,0.006662,0,Calm,Calm
2024-04-05,0.009099,0,Calm,Calm
2024-04-08,-0.000725,0,Calm,Calm
2024-04-09,-0.005134,0,Calm,Calm
2024-04-10,-0.010449,0,Calm,Calm
2024-04-11,-0.013924,0,Calm,Calm
2024-04-12,-0.001442,0,Calm,Calm
2024-04-15,0.001358,0,Calm,Calm
2024-04-16,0.001639,0,Calm,Calm
2024-04-17,0.005542,0,Calm,Calm
2024-04-18,-0.011729,0,Calm,Calm
2024-04-19,-0.00452,0,Calm,Calm
2024-04-22,0.005141,0,Calm,Calm
2024-04-23,-0.00018,0,Calm,Calm
2024-04-24,0.002994,0,Calm,Calm
2024-04-25,-0.009301,0,Calm,Calm
2024-04-26,0.000662,0,Calm,Calm
2024-04-29,-0.005311,0,Calm,Calm
2024-04-30,-0.001525,0,Calm,Calm
2024-05-01,-0.000333,0,Calm,Calm
2024-05-02,-0.003516,0,Calm,Calm
2024-05-03,-0.002001,0,Calm,Calm
2024-05-06,-0.004354,0,Calm,Calm
2024-05-07,0.003554,0,Calm,Calm
2024-05-08,0.001577,0,Calm,Calm
2024-05-09,-0.000602,0,Calm,Calm
2024-05-10,-0.015931,0,Calm,Calm
2024-05-13,0.001406,0,Calm,Calm
2024-05-14,-0.0041,0,Calm,Calm
2024-05-15,-0.009508,0,Calm,Calm
2024-05-16,0.001955,0,Calm,Calm
2024-05-17,0.006335,0,Calm,Calm
2024-05-20,-0.001769,0,Calm,Calm
2024-05-21,0.002829,0,Calm,Calm
2024-05-22,0.000468,0,Calm,Calm
2024-05-23,0.017629,0,Calm,Calm
2024-05-24,0.009583,0,Calm,Calm
2024-05-27,-0.009713,0,Calm,Calm
2024-05-28,-0.00738,0,Calm,Calm
2024-05-29,-0.002528,0,Calm,Calm
2024-05-30,-0.003825,0,Calm,Calm
2024-05-31,0.009249,0,Calm,Calm
2024-06-03,0.000711,0,Calm,Calm
2024-06-04,0.001872,0,Calm,Calm
2024-06-05,0.006611,0,Calm,Calm
2024-06-06,0.009793,0,Calm,Calm
2024-06-07,-0.003183,0,Calm,Calm
2024-06-10,0.013367,0,Calm,Calm
2024-06-11,-0.010071,0,Calm,Calm
2024-06-12,0.005754,0,Calm,Calm
2024-06-13,0.01508,0,Calm,Calm
2024-06-14,-0.014268,0,Calm,Calm
2024-06-17,0.013401,0,Calm,Calm
2024-06-18,0.007071,0,Calm,Calm
2024-06-19,-0.006333,0,Calm,Calm
2024-06-20,0.005505,0,Calm,Calm
2024-06-21,0.004847,0,Calm,Calm
2024-06-24,-0.002487,0,Calm,Calm
2024-06-25,-0.005661,0,Calm,Calm
2024-06-26,0.004425,0,Calm,Calm
2024-06-27,0.002928,0,Calm,Calm
2024-06-28,0.001571,0,Calm,Calm
2024-07-01,-0.000962,0,Calm,Calm
2024-07-02,-0.002607,0,Calm,Calm
2024-07-03,0.009688,0,Calm,Calm
2024-07-04,-0.011803,0,Calm,Calm
2024-07-05,0.021373,0,Calm,Calm
2024-07-08,0.001919,0,Calm,Calm
2024-07-09,0.000895,0,Calm,Calm
2024-07-10,0.001865,0,Calm,Calm
2024-07-11,-0.008248,0,Calm,Calm
2024-07-12,-0.002442,0,Calm,Calm
2024-07-15,-0.003869,0,Calm,Calm
2024-07-16,0.003405,0,Calm,Calm
2024-07-17,-0.007177,0,Calm,Calm
2024-07-18,0.007378,0,Calm,Calm
2024-07-19,0.007408,0,Calm,Calm
2024-07-22,-0.021832,0,Calm,Calm
2024-07-23,0.009886,0,Calm,Calm
2024-07-24,-0.005607,0,Calm,Calm
2024-07-25,0.011746,0,Calm,Calm
2024-07-26,0.008357,0,Calm,Calm
2024-07-29,-0.001978,0,Calm,Calm
2024-07-30,-0.003525,0,Calm,Calm
2024-07-31,0.013012,0,Calm,Calm
2024-08-01,0.003288,0,Calm,Calm
2024-08-02,0.001649,0,Calm,Calm
2024-08-05,-0.000711,0,Calm,Calm
2024-08-06,0.011583,0,Calm,Calm
2024-08-07,-0.004955,0,Calm,Calm
2024-08-08,0.006022,0,Calm,Calm
2024-08-09,0.002283,0,Calm,Calm
2024-08-12,-0.009477,0,Calm,Calm
2024-08-13,-0.009433,0,Calm,Calm
2024-08-14,0.000428,0,Calm,Calm
2024-08-15,-0.00427,0,Calm,Calm
2024-08-16,0.000644,0,Calm,Calm
2024-08-19,-0.003499,0,Calm,Calm
2024-08-20,-0.000229,0,Calm,Calm
2024-08-21,0.012911,0,Calm,Calm
2024-08-22,-0.009773,0,Calm,Calm
2024-08-23,0.007589,0,Calm,Calm
2024-08-26,0.004687,0,Calm,Calm
2024-08-27,0.013457,0,Calm,Calm
2024-08-28,0.008303,0,Calm,Calm
2024-08-29,0.003158,0,Calm,Calm
2024-08-30,-0.01515,0,Calm,Calm
2024-09-02,-0.012635,0,Calm,Calm
2024-09-03,-0.007715,0,Calm,Calm
2024-09-04,0.001143,0,Calm,Calm
2024-09-05,0.010119,0,Calm,Calm
2024-09-06,0.007124,0,Calm,Calm
2024-09-09,-0.006076,0,Calm,Calm
2024-09-10,0.0055,0,Calm,Calm
2024-09-11,-0.002456,0,Calm,Calm
2024-09-12,0.007336,0,Calm,Calm
2024-09-13,0.014385,0,Calm,Calm
2024-09-16,-0.00778,0,Calm,Calm
2024-09-17,-0.008888,0,Calm,Calm
2024-09-18,-0.0047,0,Calm,Calm
2024-09-19,-0.000847,0,Calm,Calm
2024-09-20,0.005188,0,Calm,Calm
2024-09-23,-0.00754,0,Calm,Calm
2024-09-24,0.00545,0,Calm,Calm
2024-09-25,-0.004498,0,Calm,Calm
2024-09-26,0.007068,0,Calm,Calm
2024-09-27,0.002877,0,Calm,Calm
2024-09-30,-0.005771,0,Calm,Calm
2024-10-01,-0.00087,0,Calm,Calm
2024-10-02,0.032508,1,Turbulent,Turbulent
2024-10-03,-0.016923,1,Turbulent,Turbulent
2024-10-04,-0.059415,1,Turbulent,Turbulent
2024-10-07,0.003764,1,Turbulent,Calm
2024-10-08,-0.002944,1,Turbulent,Calm
2024-10-09,0.009514,0,Calm,Calm
2024-10-10,0.009317,0,Calm,Calm
2024-10-11,0.006405,0,Calm,Calm
2024-10-14,0.009602,0,Calm,Calm
2024-10-15,-9.3e-05,0,Calm,Calm
2024-10-16,0.007154,0,Calm,Calm
2024-10-17,-0.005073,1,Turbulent,Calm
2024-10-18,-0.006307,1,Turbulent,Calm
2024-10-21,0.052326,1,Turbulent,Turbulent
2024-10-22,-0.028832,1,Turbulent,Turbulent
2024-10-23,0.015789,1,Turbulent,Turbulent
2024-10-24,-0.008259,1,Turbulent,Turbulent
2024-10-25,0.018919,1,Turbulent,Turbulent
2024-10-28,-0.020816,1,Turbulent,Turbulent
2024-10-29,-0.018129,1,Turbulent,Turbulent
2024-10-30,0.005836,1,Turbulent,Calm
2024-10-31,0.003066,0,Calm,Calm
2024-11-01,0.003211,0,Calm,Calm
2024-11-04,0.000411,0,Calm,Calm
2024-11-05,-0.009908,0,Calm,Calm
2024-11-06,-0.005386,0,Calm,Calm
2024-11-07,0.009674,0,Calm,Calm
2024-11-08,0.003997,0,Calm,Calm
2024-11-11,0.000251,0,Calm,Calm
2024-11-12,-0.003522,0,Calm,Calm
2024-11-13,0.010049,0,Calm,Calm
2024-11-14,0.005944,0,Calm,Calm
2024-11-15,0.008905,0,Calm,Calm
2024-11-18,-0.000434,0,Calm,Calm
2024-11-19,0.00691,0,Calm,Calm
2024-11-20,-0.002186,0,Calm,Calm
2024-11-21,-0.004745,0,Calm,Calm
2024-11-22,0.001667,0,Calm,Calm
2024-11-25,-0.001197,0,Calm,Calm
2024-11-26,0.001058,0,Calm,Calm
2024-11-27,-0.004227,0,Calm,Calm
2024-11-28,-0.001819,0,Calm,Calm
2024-11-29,0.00194,0,Calm,Calm
2024-12-02,-0.000349,0,Calm,Calm
2024-12-03,-0.017479,0,Calm,Calm
2024-12-04,-0.002864,0,Calm,Calm
2024-12-05,-0.001318,0,Calm,Calm
2024-12-06,0.010749,0,Calm,Calm
2024-12-09,0.008843,0,Calm,Calm
2024-12-10,-0.002045,0,Calm,Calm
2024-12-11,0.004508,0,Calm,Calm
2024-12-12,0.027318,1,Turbulent,Turbulent
2024-12-13,0.050977,1,Turbulent,Turbulent
2024-12-16,-0.009103,1,Turbulent,Turbulent
2024-12-17,0.002146,1,Turbulent,Turbulent
2024-12-18,-0.027019,1,Turbulent,Turbulent
2024-12-19,-0.014297,1,Turbulent,Turbulent
2024-12-20,0.027595,1,Turbulent,Turbulent
2024-12-23,0.011115,1,Turbulent,Turbulent
2024-12-24,-0.014896,1,Turbulent,Turbulent
2024-12-25,0.028416,1,Turbulent,Turbulent
2024-12-26,-0.007793,0,Calm,Calm
2024-12-27,0.001898,0,Calm,Calm
2024-12-30,0.005585,0,Calm,Calm
2024-12-31,-0.009471,0,Calm,Calm
2025-01-01,0.001516,0,Calm,Calm
2025-01-02,-0.001021,0,Calm,Calm
2025-01-03,0.00847,0,Calm,Calm
2025-01-06,0.030854,1,Turbulent,Turbulent
2025-01-07,-0.022238,1,Turbulent,Turbulent
2025-01-08,0.016781,1,Turbulent,Turbulent
2025-01-09,-0.009435,1,Turbulent,Turbulent
2025-01-10,-0.017612,1,Turbulent,Turbulent
2025-01-13,-0.005465,1,Turbulent,Calm
2025-01-14,0.000345,1,Turbulent,Calm
2025-01-15,0.006423,1,Turbulent,Calm
2025-01-16,0.019943,1,Turbulent,Calm
2025-01-17,0.013315,0,Calm,Calm
2025-01-20,0.001437,0,Calm,Calm
2025-01-21,0.002821,0,Calm,Calm
2025-01-22,-0.016475,0,Calm,Calm
2025-01-23,0.00136,0,Calm,Calm
2025-01-24,0.004448,0,Calm,Calm
2025-01-27,-0.004031,0,Calm,Calm
2025-01-28,-0.011516,0,Calm,Calm
2025-01-29,-0.019508,1,Turbulent,Turbulent
2025-01-30,-0.005212,1,Turbulent,Turbulent
2025-01-31,0.013191,1,Turbulent,Turbulent
2025-02-03,0.036441,1,Turbulent,Turbulent
2025-02-04,-0.010821,1,Turbulent,Turbulent
2025-02-05,-0.017225,1,Turbulent,Turbulent
2025-02-06,-0.023082,1,Turbulent,Turbulent
2025-02-07,0.003108,1,Turbulent,Turbulent
2025-02-10,-0.031141,1,Turbulent,Turbulent
2025-02-11,-0.007671,1,Turbulent,Turbulent
2025-02-12,0.011595,1,Turbulent,Turbulent
2025-02-13,0.050329,1,Turbulent,Turbulent
2025-02-14,-0.0176,1,Turbulent,Turbulent
2025-02-17,0.006545,1,Turbulent,Calm
2025-02-18,0.002187,0,Calm,Calm
2025-02-19,0.0135,0,Calm,Calm
2025-02-20,0.011571,0,Calm,Calm
2025-02-21,0.006371,0,Calm,Calm
2025-02-24,0.008322,0,Calm,Calm
2025-02-25,0.010424,0,Calm,Calm
2025-02-26,-0.001029,0,Calm,Calm
2025-02-27,0.003525,0,Calm,Calm
2025-02-28,-0.00436,0,Calm,Calm
2025-03-03,0.00621,0,Calm,Calm
2025-03-04,0.006902,0,Calm,Calm
2025-03-05,-0.00236,0,Calm,Calm
2025-03-06,0.00773,0,Calm,Calm
2025-03-07,3.8e-05,0,Calm,Calm
2025-03-10,-0.000721,0,Calm,Calm
2025-03-11,-0.003171,0,Calm,Calm
2025-03-12,-0.007999,0,Calm,Calm
2025-03-13,0.006526,0,Calm,Calm
2025-03-14,-0.006545,0,Calm,Calm
2025-03-17,0.002266,0,Calm,Calm
2025-03-18,-0.005524,0,Calm,Calm
2025-03-19,0.011469,0,Calm,Calm
2025-03-20,0.007485,0,Calm,Calm
2025-03-21,0.003329,0,Calm,Calm
2025-03-24,0.003764,0,Calm,Calm
2025-03-25,0.003501,0,Calm,Calm
2025-03-26,-0.00861,0,Calm,Calm
2025-03-27,0.007976,0,Calm,Calm
2025-03-28,-0.003008,0,Calm,Calm
2025-03-31,0.000107,0,Calm,Calm
2025-04-01,0.005109,0,Calm,Calm
2025-04-02,0.009881,0,Calm,Calm
2025-04-03,0.004115,0,Calm,Calm
2025-04-04,0.001075,0,Calm,Calm
2025-04-07,0.01238,0,Calm,Calm
2025-04-08,0.00836,0,Calm,Calm
2025-04-09,-0.005609,0,Calm,Calm
2025-04-10,0.011743,0,Calm,Calm
2025-04-11,0.002968,0,Calm,Calm
2025-04-14,0.003031,0,Calm,Calm
2025-04-15,-0.006503,0,Calm,Calm
2025-04-16,0.002863,0,Calm,Calm
2025-04-17,0.016799,0,Calm,Calm
2025-04-18,0.010762,0,Calm,Calm
2025-04-21,-0.004606,0,Calm,Calm
2025-04-22,-0.008567,0,Calm,Calm
2025-04-23,0.002433,0,Calm,Calm
2025-04-24,-0.001447,0,Calm,Calm
2025-04-25,-0.008614,0,Calm,Calm
2025-04-28,-0.000902,0,Calm,Calm
2025-04-29,-0.001871,0,Calm,Calm
2025-04-30,0.004686,0,Calm,Calm
2025-05-01,0.000945,0,Calm,Calm
2025-05-02,0.001895,0,Calm,Calm
2025-05-05,-0.003739,0,Calm,Calm
2025-05-06,0.009073,0,Calm,Calm
2025-05-07,0.009106,0,Calm,Calm
2025-05-08,-0.004124,0,Calm,Calm
2025-05-09,0.001087,0,Calm,Calm
2025-05-12,0.004266,0,Calm,Calm
2025-05-13,-0.010876,0,Calm,Calm
2025-05-14,0.00413,0,Calm,Calm
2025-05-15,0.006402,0,Calm,Calm
2025-05-16,0.000438,0,Calm,Calm
2025-05-19,-0.002368,0,Calm,Calm
2025-05-20,-0.001054,0,Calm,Calm
2025-05-21,-0.003828,0,Calm,Calm
2025-05-22,0.00712,0,Calm,Calm
2025-05-23,0.018547,1,Turbulent,Calm
2025-05-26,-0.002503,1,Turbulent,Calm
2025-05-27,0.001001,1,Turbulent,Calm
2025-05-28,0.013364,1,Turbulent,Calm
2025-05-29,0.032147,1,Turbulent,Calm
2025-05-30,0.012484,1,Turbulent,Calm
2025-06-02,-0.020268,1,Turbulent,Calm
2025-06-03,-0.011977,0,Calm,Calm
2025-06-04,0.00167,0,Calm,Calm
2025-06-05,-0.006346,0,Calm,Calm
2025-06-06,-0.001028,0,Calm,Calm
2025-06-09,-0.007266,0,Calm,Calm
2025-06-10,-0.00431,0,Calm,Calm
2025-06-11,-0.003701,0,Calm,Calm
2025-06-12,0.001237,0,Calm,Calm
2025-06-13,0.010793,0,Calm,Calm
2025-06-16,-0.000139,0,Calm,Calm
2025-06-17,0.006547,0,Calm,Calm
2025-06-18,0.008357,0,Calm,Calm
2025-06-19,0.001065,0,Calm,Calm
2025-06-20,-0.006509,0,Calm,Calm
2025-06-23,-0.005016,0,Calm,Calm
2025-06-24,0.008495,0,Calm,Calm
2025-06-25,0.023718,1,Turbulent,Turbulent
2025-06-26,0.059039,1,Turbulent,Turbulent
2025-06-27,0.017773,1,Turbulent,Turbulent
2025-06-30,0.007038,1,Turbulent,Calm
2025-07-01,-0.005718,1,Turbulent,Calm
2025-07-02,0.01414,1,Turbulent,Calm
2025-07-03,-7e-05,0,Calm,Calm
2025-07-04,0.004456,0,Calm,Calm
2025-07-07,0.007745,0,Calm,Calm
2025-07-08,0.005447,0,Calm,Calm
2025-07-09,-0.011832,0,Calm,Calm
2025-07-10,0.012048,0,Calm,Calm
2025-07-11,0.000301,0,Calm,Calm
2025-07-14,0.006184,0,Calm,Calm
2025-07-15,0.006035,0,Calm,Calm
2025-07-16,0.000159,0,Calm,Calm
2025-07-17,0.013599,0,Calm,Calm
2025-07-18,0.009475,0,Calm,Calm
2025-07-21,-0.001494,0,Calm,Calm
2025-07-22,-0.001417,0,Calm,Calm
2025-07-23,-0.012593,0,Calm,Calm
2025-07-24,-0.003566,0,Calm,Calm
2025-07-25,0.001453,0,Calm,Calm
2025-07-28,-0.005899,0,Calm,Calm
2025-07-29,0.007578,0,Calm,Calm
2025-07-30,-0.004641,0,Calm,Calm
2025-07-31,-0.015457,0,Calm,Calm
2025-08-01,0.001085,0,Calm,Calm
2025-08-04,0.010304,0,Calm,Calm
2025-08-05,0.004457,0,Calm,Calm
2025-08-06,0.006103,0,Calm,Calm
2025-08-07,-0.005796,0,Calm,Calm
2025-08-08,0.00537,0,Calm,Calm
2025-08-11,0.002529,0,Calm,Calm
2025-08-12,0.013346,0,Calm,Calm
2025-08-13,0.010522,0,Calm,Calm
2025-08-14,0.011119,0,Calm,Calm
2025-08-15,0.001887,0,Calm,Calm
2025-08-18,-0.005789,0,Calm,Calm
2025-08-19,0.00155,0,Calm,Calm
2025-08-20,-0.003364,0,Calm,Calm
2025-08-21,0.007594,0,Calm,Calm
2025-08-22,-0.016909,0,Calm,Calm
2025-08-25,0.01413,0,Calm,Calm
2025-08-26,-0.00179,0,Calm,Calm
2025-08-27,0.006779,0,Calm,Calm
2025-08-28,0.003709,0,Calm,Calm
2025-08-29,-0.004694,0,Calm,Calm
2025-09-01,-0.00173,0,Calm,Calm
2025-09-02,0.000253,0,Calm,Calm
2025-09-03,0.008421,0,Calm,Calm
2025-09-04,-0.010214,0,Calm,Calm
2025-09-05,0.00764,0,Calm,Calm
2025-09-08,-0.013092,0,Calm,Calm
2025-09-09,-0.011195,0,Calm,Calm
2025-09-10,0.005366,0,Calm,Calm
2025-09-11,-0.003811,0,Calm,Calm
2025-09-12,0.009297,0,Calm,Calm
2025-09-15,0.020652,0,Calm,Calm
2025-09-16,0.003374,0,Calm,Calm
2025-09-17,0.000751,0,Calm,Calm
2025-09-18,-0.003592,0,Calm,Calm
2025-09-19,0.009078,0,Calm,Calm
2025-09-22,0.012244,0,Calm,Calm
2025-09-23,0.006322,0,Calm,Calm
2025-09-24,-0.001074,0,Calm,Calm
2025-09-25,-0.001633,0,Calm,Calm
2025-09-26,-0.001528,0,Calm,Calm
2025-09-29,-0.010174,0,Calm,Calm
2025-09-30,-0.010566,0,Calm,Calm
2025-10-01,0.021587,0,Calm,Calm
